{"parent":"item/generated","textures":{"layer0":"item/paper"},"overrides":[{"predicate":{"custom_model_data":1000},"model":"elitecreatures/darkflame_animated_weapon_set/chest"},{"predicate":{"custom_model_data":1001},"model":"elitecreatures/darkflame_animated_weapon_set/chest_opening"},{"predicate":{"custom_model_data":1002},"model":"elitecreatures/darkflame_animated_weapon_set/gauntlet"},{"predicate":{"custom_model_data":1003},"model":"heart"},{"predicate":{"custom_model_data":1004},"model":"elitecreatures/darkflame_animated_weapon_set/key"},{"predicate":{"custom_model_data":1005},"model":"golden_heart"},{"predicate":{"custom_model_data":10023},"model":"default/jobs_blank"},{"predicate":{"custom_model_data":10032},"model":"default/jobs_alchemist"},{"predicate":{"custom_model_data":10033},"model":"default/jobs_arrow_left"},{"predicate":{"custom_model_data":10034},"model":"default/jobs_arrow_right"},{"predicate":{"custom_model_data":10036},"model":"default/jobs_blacksmith"},{"predicate":{"custom_model_data":10037},"model":"default/jobs_builder"},{"predicate":{"custom_model_data":10038},"model":"default/jobs_crafter"},{"predicate":{"custom_model_data":10039},"model":"default/jobs_digger"},{"predicate":{"custom_model_data":10040},"model":"default/jobs_enchanter"},{"predicate":{"custom_model_data":10041},"model":"default/jobs_farmer"},{"predicate":{"custom_model_data":10042},"model":"default/jobs_fisherman"},{"predicate":{"custom_model_data":10043},"model":"default/jobs_hunter"},{"predicate":{"custom_model_data":10044},"model":"default/jobs_lumberjack"},{"predicate":{"custom_model_data":10045},"model":"default/jobs_miner"},{"predicate":{"custom_model_data":10046},"model":"default/jobs_smelter"},{"predicate":{"custom_model_data":10049},"model":"default/jobs_assassin"}]}