{"providers":[{"chars":["あ"],"file":"default/chat/mod.png","ascent":9,"height":10,"type":"bitmap"},{"chars":["ꐴ"],"file":"required/null.png","ascent":-32768,"height":-514,"type":"bitmap"},{"chars":["܎"],"file":"interface/jobs/enchanter.png","ascent":13,"height":256,"type":"bitmap"},{"chars":["܉"],"file":"interface/jobs/assassin.png","ascent":13,"height":256,"type":"bitmap"},{"chars":["ぇ"],"file":"default/chat/owner.png","ascent":9,"height":10,"type":"bitmap"},{"chars":["܍"],"file":"interface/jobs/digger.png","ascent":13,"height":256,"type":"bitmap"},{"chars":["ꐐ"],"file":"required/exit_icon.png","ascent":8,"height":8,"type":"bitmap"},{"chars":["ナ"],"file":"default/chat/helper.png","ascent":9,"height":10,"type":"bitmap"},{"chars":["ꐛ"],"file":"required/recipe_showcase.png","ascent":40,"height":164,"type":"bitmap"},{"chars":["܊"],"file":"interface/jobs/blacksmith.png","ascent":13,"height":256,"type":"bitmap"},{"chars":["ꐝ"],"file":"required/ui/menu_items_gems.png","ascent":37,"height":256,"type":"bitmap"},{"chars":["ꐥ"],"file":"required/null.png","ascent":-32768,"height":30,"type":"bitmap"},{"chars":["ぃ"],"file":"default/chat/srmod.png","ascent":9,"height":10,"type":"bitmap"},{"chars":["ꐙ"],"file":"required/logo.png","ascent":20,"height":36,"type":"bitmap"},{"chars":["ꐩ"],"file":"required/null.png","ascent":-32768,"height":510,"type":"bitmap"},{"chars":["ꐪ"],"file":"required/null.png","ascent":-32768,"height":1022,"type":"bitmap"},{"chars":["ܑ"],"file":"interface/jobs/hunter.png","ascent":13,"height":256,"type":"bitmap"},{"chars":["い"],"file":"default/chat/admin.png","ascent":9,"height":10,"type":"bitmap"},{"chars":["ミ"],"file":"default/chat/royal.png","ascent":9,"height":10,"type":"bitmap"},{"chars":["܈"],"file":"interface/jobs/alchemist.png","ascent":13,"height":256,"type":"bitmap"},{"chars":["ヅ"],"file":"default/chat/knight.png","ascent":9,"height":10,"type":"bitmap"},{"chars":["け"],"file":"default/chat/teams.png","ascent":9,"height":10,"type":"bitmap"},{"chars":["ご"],"file":"default/chat/quests.png","ascent":9,"height":10,"type":"bitmap"},{"chars":["き"],"file":"default/chat/random-teleport.png","ascent":9,"height":10,"type":"bitmap"},{"chars":["こ"],"file":"default/chat/bounty.png","ascent":9,"height":10,"type":"bitmap"},{"chars":["ド"],"file":"default/chat/immortal.png","ascent":9,"height":10,"type":"bitmap"},{"chars":["ぉ"],"file":"default/chat/coinflip.png","ascent":9,"height":10,"type":"bitmap"},{"chars":["ꐤ"],"file":"required/null.png","ascent":-32768,"height":14,"type":"bitmap"},{"chars":["ꐘ"],"file":"required/exit_icon.png","ascent":8,"height":8,"type":"bitmap"},{"chars":["ܔ"],"file":"interface/jobs/smelter.png","ascent":13,"height":256,"type":"bitmap"},{"chars":["お"],"file":"default/chat/discord.png","ascent":9,"height":10,"type":"bitmap"},{"chars":["ꐦ"],"file":"required/null.png","ascent":-32768,"height":62,"type":"bitmap"},{"chars":["ꐬ"],"file":"required/null.png","ascent":-32768,"height":-4,"type":"bitmap"},{"chars":["ꐫ"],"file":"required/null.png","ascent":-32768,"height":-3,"type":"bitmap"},{"chars":["ꐵ"],"file":"required/null.png","ascent":-32768,"height":-1026,"type":"bitmap"},{"chars":["ツ"],"file":"default/chat/media.png","ascent":9,"height":10,"type":"bitmap"},{"chars":["ꐜ"],"file":"required/ui/menu_items.png","ascent":37,"height":256,"type":"bitmap"},{"chars":["ꐧ"],"file":"required/null.png","ascent":-32768,"height":126,"type":"bitmap"},{"chars":["ぁ"],"file":"default/chat/jrmod.png","ascent":9,"height":10,"type":"bitmap"},{"chars":["ꐭ"],"file":"required/null.png","ascent":-32768,"height":-6,"type":"bitmap"},{"chars":["ꐰ"],"file":"required/null.png","ascent":-32768,"height":-34,"type":"bitmap"},{"chars":["ꐮ"],"file":"required/null.png","ascent":-32768,"height":-10,"type":"bitmap"},{"chars":["デ"],"file":"default/chat/king.png","ascent":9,"height":10,"type":"bitmap"},{"chars":["げ"],"file":"default/chat/webstore.png","ascent":9,"height":10,"type":"bitmap"},{"chars":["ꐳ"],"file":"required/null.png","ascent":-32768,"height":-258,"type":"bitmap"},{"chars":["え"],"file":"default/chat/booster.png","ascent":9,"height":10,"type":"bitmap"},{"chars":["ܓ"],"file":"interface/jobs/miner.png","ascent":13,"height":256,"type":"bitmap"},{"chars":["ッ"],"file":"default/chat/member.png","ascent":9,"height":10,"type":"bitmap"},{"chars":["う"],"file":"default/chat/manager.png","ascent":9,"height":10,"type":"bitmap"},{"chars":["܌"],"file":"interface/jobs/crafter.png","ascent":13,"height":256,"type":"bitmap"},{"chars":["ꐨ"],"file":"required/null.png","ascent":-32768,"height":254,"type":"bitmap"},{"chars":["܋"],"file":"interface/jobs/builder.png","ascent":13,"height":256,"type":"bitmap"},{"chars":["ト"],"file":"default/chat/emperor.png","ascent":9,"height":10,"type":"bitmap"},{"chars":["ꐱ"],"file":"required/null.png","ascent":-32768,"height":-66,"type":"bitmap"},{"chars":["ꐲ"],"file":"required/null.png","ascent":-32768,"height":-130,"type":"bitmap"},{"chars":["ꐯ"],"file":"required/null.png","ascent":-32768,"height":-18,"type":"bitmap"},{"chars":["が"],"file":"default/chat/jobs.png","ascent":9,"height":10,"type":"bitmap"},{"chars":["ꐣ"],"file":"required/null.png","ascent":-32768,"height":6,"type":"bitmap"},{"chars":["ぎ"],"file":"default/chat/server-market.png","ascent":9,"height":10,"type":"bitmap"},{"chars":["ꐠ"],"file":"required/null.png","ascent":-32768,"height":-1,"type":"bitmap"},{"chars":["テ"],"file":"default/chat/duke.png","ascent":9,"height":10,"type":"bitmap"},{"chars":["ꐡ"],"file":"required/null.png","ascent":-32768,"height":0,"type":"bitmap"},{"chars":["ぅ"],"file":"default/chat/developer.png","ascent":9,"height":10,"type":"bitmap"},{"chars":["ꐢ"],"file":"required/null.png","ascent":-32768,"height":2,"type":"bitmap"},{"chars":["ꐚ"],"file":"required/ui/menu_banner.png","ascent":-14,"height":256,"type":"bitmap"},{"chars":["か"],"file":"default/chat/help.png","ascent":9,"height":10,"type":"bitmap"},{"chars":["ꐞ"],"file":"required/recipe_stonecutter.png","ascent":40,"height":164,"type":"bitmap"},{"chars":["܏"],"file":"interface/jobs/farmer.png","ascent":13,"height":256,"type":"bitmap"},{"chars":["ܒ"],"file":"interface/jobs/lumberjack.png","ascent":13,"height":256,"type":"bitmap"},{"chars":["ܐ"],"file":"interface/jobs/fisherman.png","ascent":13,"height":256,"type":"bitmap"}]}