{"credit":"MadewithBlockbench","texture_size":[64,64],"textures":{"0":"elitecreatures/darkflame_animated_weapon_set/darkflame_01_texture","1":"elitecreatures/darkflame_animated_weapon_set/darkflame_animation_01texture","2":"elitecreatures/darkflame_animated_weapon_set/drakflame_animation_02texture","particle":"elitecreatures/darkflame_animated_weapon_set/darkflame_01_texture"},"elements":[{"from":[6.73228,9.5,5.41772],"to":[9.23228,13.5,8.91772],"rotation":{"angle":0,"axis":"y","origin":[7.98228,5,14]},"faces":{"north":{"uv":[3.625,2.5,2.625,1.875],"rotation":90,"texture":"#0"},"east":{"uv":[3.625,1.875,2.625,1],"rotation":270,"texture":"#0"},"south":{"uv":[3.625,2.5,2.625,1.875],"rotation":90,"texture":"#0"},"west":{"uv":[2.625,1.875,3.625,1],"rotation":90,"texture":"#0"},"up":{"uv":[2.75,3.375,2.125,2.5],"rotation":180,"texture":"#0"},"down":{"uv":[2.75,3.375,2.125,2.5],"texture":"#0"}}},{"from":[6.83228,5.21806,2.32222],"to":[9.13228,8.21806,5.32222],"rotation":{"angle":45,"axis":"x","origin":[7.98228,5,14]},"faces":{"north":{"uv":[6.625,0,5.875,0.575],"rotation":90,"texture":"#0"},"east":{"uv":[4.5,0,3.75,0.75],"rotation":270,"texture":"#0"},"south":{"uv":[4.5,0.75,3.75,1.325],"rotation":90,"texture":"#0"},"west":{"uv":[3.75,0,4.5,0.75],"rotation":90,"texture":"#0"},"up":{"uv":[5.075,0,4.5,0.75],"rotation":180,"texture":"#0"},"down":{"uv":[5.075,0,4.5,0.75],"texture":"#0"}}},{"from":[6.83228,9.2723,8.31493],"to":[9.13228,12.2723,11.31493],"rotation":{"angle":-22.5,"axis":"x","origin":[7.98228,5,14]},"faces":{"north":{"uv":[6.625,0,5.875,0.575],"rotation":90,"texture":"#0"},"east":{"uv":[4.5,0,3.75,0.75],"rotation":270,"texture":"#0"},"south":{"uv":[3.75,0.75,4.5,1.325],"rotation":90,"texture":"#0"},"west":{"uv":[4.5,0,3.75,0.75],"rotation":90,"texture":"#0"},"up":{"uv":[5.075,0,4.5,0.75],"rotation":180,"texture":"#0"},"down":{"uv":[5.075,0,4.5,0.75],"texture":"#0"}}},{"from":[6.93228,14.39115,12.4928],"to":[9.03228,16.89115,15.4928],"rotation":{"angle":-22.5,"axis":"x","origin":[7.98228,5,14]},"faces":{"north":{"uv":[2.75,3.125,3.275,2.5],"texture":"#0"},"east":{"uv":[3.625,2,4.375,1.375],"rotation":180,"texture":"#0"},"south":{"uv":[2.75,3.125,3.275,2.5],"texture":"#0"},"west":{"uv":[3.625,1.375,4.375,2],"texture":"#0"},"up":{"uv":[3.625,3.05,4.375,2.525],"rotation":90,"texture":"#0"},"down":{"uv":[3.625,2.525,4.375,2],"rotation":270,"texture":"#0"}}},{"from":[7.03228,9.08374,3.42369],"to":[8.93228,12.08374,5.42369],"rotation":{"angle":45,"axis":"x","origin":[7.98228,5,14]},"faces":{"north":{"uv":[5.125,0.975,5.875,0.5],"rotation":270,"texture":"#0"},"east":{"uv":[5.125,0.5,5.875,0],"rotation":270,"texture":"#0"},"south":{"uv":[5.125,0.975,5.875,0.5],"rotation":270,"texture":"#0"},"west":{"uv":[5.875,0.5,5.125,0],"rotation":90,"texture":"#0"},"up":{"uv":[2,2,2.475,1.5],"texture":"#0"},"down":{"uv":[2,2,2.475,1.5],"rotation":180,"texture":"#0"}}},{"from":[7.23228,16.2,11.56772],"to":[8.73228,19.7,13.06772],"rotation":{"angle":0,"axis":"y","origin":[7.98228,5,14]},"faces":{"north":{"uv":[4.5,1.75,5.375,2.125],"rotation":270,"texture":"#0"},"east":{"uv":[4.5,1.375,5.375,1],"rotation":270,"texture":"#0"},"south":{"uv":[4.5,1.75,5.375,1.375],"rotation":270,"texture":"#0"},"west":{"uv":[5.375,1.375,4.5,1],"rotation":90,"texture":"#0"},"up":{"uv":[5.375,1.375,5.75,1],"texture":"#0"},"down":{"uv":[5.375,1.375,5.75,1],"rotation":180,"texture":"#0"}}},{"from":[7.33228,16.95946,5.43709],"to":[8.63228,17.95946,6.93709],"rotation":{"angle":22.5,"axis":"x","origin":[7.98228,5,14]},"faces":{"north":{"uv":[4.375,2.825,4.625,2.5],"rotation":270,"texture":"#0"},"east":{"uv":[2.125,2.375,2.375,2],"rotation":270,"texture":"#0"},"south":{"uv":[4.375,2.825,4.625,2.5],"rotation":270,"texture":"#0"},"west":{"uv":[2.375,2.375,2.125,2],"rotation":90,"texture":"#0"},"up":{"uv":[4.375,2.5,4.7,2.125],"texture":"#0"},"down":{"uv":[4.75,2.5,5.075,2.125],"rotation":180,"texture":"#0"}}},{"from":[7.63228,18.4,9.96772],"to":[8.33228,19.4,10.46772],"rotation":{"angle":0,"axis":"y","origin":[7.98228,5,14]},"faces":{"north":{"uv":[5.625,2.125,5.375,2.3],"rotation":90,"texture":"#0"},"east":{"uv":[5.625,2,5.375,2.125],"rotation":90,"texture":"#0"},"south":{"uv":[5.625,2.125,5.375,2.3],"rotation":90,"texture":"#0"},"west":{"uv":[5.625,2,5.375,2.125],"rotation":90,"texture":"#0"},"up":{"uv":[5.3,2.125,5.125,2.25],"rotation":180,"texture":"#0"},"down":{"uv":[5.3,2.125,5.125,2.25],"texture":"#0"}}},{"from":[7.53228,19.29289,15.79032],"to":[8.43228,19.99289,16.99032],"rotation":{"angle":-22.5,"axis":"x","origin":[7.98228,5,14]},"faces":{"north":{"uv":[5.55,1.75,5.375,1.975],"rotation":90,"texture":"#0"},"east":{"uv":[5.55,1.375,5.375,1.675],"rotation":90,"texture":"#0"},"south":{"uv":[5.55,1.75,5.375,1.975],"rotation":90,"texture":"#0"},"west":{"uv":[5.55,1.675,5.375,1.375],"rotation":90,"texture":"#0"},"up":{"uv":[5.85,1.375,5.625,1.675],"rotation":180,"texture":"#0"},"down":{"uv":[5.85,1.75,5.625,2.05],"texture":"#0"}}},{"from":[7.63228,20.85,12.51772],"to":[8.33228,21.35,13.51772],"rotation":{"angle":0,"axis":"y","origin":[7.98228,5,14]},"faces":{"north":{"uv":[5.3,2.125,5.125,2.25],"rotation":180,"texture":"#0"},"east":{"uv":[5.625,2,5.375,2.125],"texture":"#0"},"south":{"uv":[5.3,2.125,5.125,2.25],"rotation":180,"texture":"#0"},"west":{"uv":[5.625,2,5.375,2.125],"rotation":180,"texture":"#0"},"up":{"uv":[5.625,2.125,5.375,2.3],"rotation":270,"texture":"#0"},"down":{"uv":[5.625,2.125,5.375,2.3],"rotation":90,"texture":"#0"}}},{"from":[7.53228,19.08497,19.25724],"to":[8.43228,20.28497,19.95724],"rotation":{"angle":-22.5,"axis":"x","origin":[7.98228,5,14]},"faces":{"north":{"uv":[5.85,1.75,5.625,2.05],"rotation":180,"texture":"#0"},"east":{"uv":[5.55,1.375,5.375,1.675],"texture":"#0"},"south":{"uv":[5.85,1.375,5.625,1.675],"rotation":180,"texture":"#0"},"west":{"uv":[5.55,1.675,5.375,1.375],"rotation":180,"texture":"#0"},"up":{"uv":[5.55,1.75,5.375,1.975],"rotation":270,"texture":"#0"},"down":{"uv":[5.55,1.75,5.375,1.975],"rotation":90,"texture":"#0"}}},{"from":[7.33228,18.00911,7.60448],"to":[8.63228,19.50911,8.60448],"rotation":{"angle":22.5,"axis":"x","origin":[7.98228,5,14]},"faces":{"north":{"uv":[4.75,2.5,5.075,2.125],"texture":"#0"},"east":{"uv":[2.125,2.375,2.375,2],"rotation":180,"texture":"#0"},"south":{"uv":[4.375,2.5,4.7,2.125],"texture":"#0"},"west":{"uv":[2.375,2.375,2.125,2],"rotation":180,"texture":"#0"},"up":{"uv":[4.375,2.825,4.625,2.5],"rotation":90,"texture":"#0"},"down":{"uv":[4.375,2.825,4.625,2.5],"rotation":270,"texture":"#0"}}},{"from":[7.33228,-9.50911,7.60448],"to":[8.63228,-8.00911,8.60448],"rotation":{"angle":-22.5,"axis":"x","origin":[7.98228,5,14]},"faces":{"north":{"uv":[4.75,2.125,5.075,2.5],"texture":"#0"},"east":{"uv":[2.125,2,2.375,2.375],"rotation":180,"texture":"#0"},"south":{"uv":[4.375,2.125,4.7,2.5],"texture":"#0"},"west":{"uv":[2.375,2,2.125,2.375],"rotation":180,"texture":"#0"},"up":{"uv":[4.375,2.5,4.625,2.825],"rotation":90,"texture":"#0"},"down":{"uv":[4.375,2.5,4.625,2.825],"rotation":270,"texture":"#0"}}},{"from":[7.53228,-10.28497,19.25724],"to":[8.43228,-9.08497,19.95724],"rotation":{"angle":22.5,"axis":"x","origin":[7.98228,5,14]},"faces":{"north":{"uv":[5.85,2.05,5.625,1.75],"rotation":180,"texture":"#0"},"east":{"uv":[5.55,1.675,5.375,1.375],"texture":"#0"},"south":{"uv":[5.85,1.675,5.625,1.375],"rotation":180,"texture":"#0"},"west":{"uv":[5.55,1.375,5.375,1.675],"rotation":180,"texture":"#0"},"up":{"uv":[5.55,1.975,5.375,1.75],"rotation":270,"texture":"#0"},"down":{"uv":[5.55,1.975,5.375,1.75],"rotation":90,"texture":"#0"}}},{"from":[7.63228,-11.35,12.51772],"to":[8.33228,-10.85,13.51772],"rotation":{"angle":0,"axis":"y","origin":[7.98228,5,14]},"faces":{"north":{"uv":[5.3,2.25,5.125,2.125],"rotation":180,"texture":"#0"},"east":{"uv":[5.625,2.125,5.375,2],"texture":"#0"},"south":{"uv":[5.3,2.25,5.125,2.125],"rotation":180,"texture":"#0"},"west":{"uv":[5.625,2.125,5.375,2],"rotation":180,"texture":"#0"},"up":{"uv":[5.625,2.3,5.375,2.125],"rotation":270,"texture":"#0"},"down":{"uv":[5.625,2.3,5.375,2.125],"rotation":90,"texture":"#0"}}},{"from":[7.48228,15.84641,13.08791],"to":[8.48228,17.84641,14.58791],"rotation":{"angle":-45,"axis":"x","origin":[7.98228,5,14]},"faces":{"north":{"uv":[4.625,4,4.125,4.25],"rotation":90,"texture":"#0"},"east":{"uv":[4.625,4,4.125,3.625],"rotation":90,"texture":"#0"},"south":{"uv":[4.625,4,4.125,4.25],"rotation":90,"texture":"#0"},"west":{"uv":[4.625,3.625,4.125,4],"rotation":90,"texture":"#0"},"up":{"uv":[4.875,3.625,4.625,4],"rotation":180,"texture":"#0"},"down":{"uv":[4.875,3.625,4.625,4],"texture":"#0"}}},{"from":[7.58228,13.2,3.61772],"to":[8.38228,14.2,5.11772],"rotation":{"angle":0,"axis":"y","origin":[7.98228,5,14]},"faces":{"north":{"uv":[5.2,4,5,4.25],"texture":"#0"},"east":{"uv":[5,4.25,4.625,4],"rotation":180,"texture":"#0"},"south":{"uv":[5.2,4,5,4.25],"texture":"#0"},"west":{"uv":[5,4,4.625,4.25],"texture":"#0"},"up":{"uv":[5.25,3.75,4.875,3.95],"rotation":90,"texture":"#0"},"down":{"uv":[5.25,3.75,4.875,3.95],"rotation":270,"texture":"#0"}}},{"from":[7.68228,17.94641,11.78791],"to":[8.28228,18.44641,12.78791],"rotation":{"angle":-45,"axis":"x","origin":[7.98228,5,14]},"faces":{"north":{"uv":[5.25,4.25,5.4,4.125],"rotation":180,"texture":"#0"},"east":{"uv":[5.5,4.125,5.25,4],"rotation":180,"texture":"#0"},"south":{"uv":[5.25,4.25,5.4,4.125],"rotation":180,"texture":"#0"},"west":{"uv":[5.25,4.125,5.5,4],"rotation":180,"texture":"#0"},"up":{"uv":[5.25,3.9,5.5,3.75],"rotation":270,"texture":"#0"},"down":{"uv":[5.25,3.9,5.5,3.75],"rotation":90,"texture":"#0"}}},{"from":[6.83228,-2.2723,8.31493],"to":[9.13228,0.7277,11.31493],"rotation":{"angle":22.5,"axis":"x","origin":[7.98228,5,14]},"faces":{"north":{"uv":[5.875,0,6.625,0.575],"rotation":90,"texture":"#0"},"east":{"uv":[3.75,0,4.5,0.75],"rotation":270,"texture":"#0"},"south":{"uv":[4.5,0.75,3.75,1.325],"rotation":90,"texture":"#0"},"west":{"uv":[3.75,0,4.5,0.75],"rotation":90,"texture":"#0"},"up":{"uv":[4.5,0,5.075,0.75],"rotation":180,"texture":"#0"},"down":{"uv":[4.5,0,5.075,0.75],"texture":"#0"}}},{"from":[6.73228,-3.5,5.41772],"to":[9.23228,0.5,8.91772],"rotation":{"angle":0,"axis":"y","origin":[7.98228,5,14]},"faces":{"north":{"uv":[2.625,2.5,3.625,1.875],"rotation":90,"texture":"#0"},"east":{"uv":[2.625,1.875,3.625,1],"rotation":270,"texture":"#0"},"south":{"uv":[2.625,2.5,3.625,1.875],"rotation":90,"texture":"#0"},"west":{"uv":[3.625,1.875,2.625,1],"rotation":90,"texture":"#0"},"up":{"uv":[2.125,3.375,2.75,2.5],"rotation":180,"texture":"#0"},"down":{"uv":[2.125,3.375,2.75,2.5],"texture":"#0"}}},{"from":[6.83228,1.78194,2.32222],"to":[9.13228,4.78194,5.32222],"rotation":{"angle":-45,"axis":"x","origin":[7.98228,5,14]},"faces":{"north":{"uv":[5.875,0,6.625,0.575],"rotation":90,"texture":"#0"},"east":{"uv":[3.75,0,4.5,0.75],"rotation":270,"texture":"#0"},"south":{"uv":[3.75,0.75,4.5,1.325],"rotation":90,"texture":"#0"},"west":{"uv":[4.5,0,3.75,0.75],"rotation":90,"texture":"#0"},"up":{"uv":[4.5,0,5.075,0.75],"rotation":180,"texture":"#0"},"down":{"uv":[4.5,0,5.075,0.75],"texture":"#0"}}},{"from":[6.93228,-6.89115,12.4928],"to":[9.03228,-4.39115,15.4928],"rotation":{"angle":22.5,"axis":"x","origin":[7.98228,5,14]},"faces":{"north":{"uv":[2.75,2.5,3.275,3.125],"texture":"#0"},"east":{"uv":[3.625,1.375,4.375,2],"rotation":180,"texture":"#0"},"south":{"uv":[2.75,2.5,3.275,3.125],"texture":"#0"},"west":{"uv":[3.625,2,4.375,1.375],"texture":"#0"},"up":{"uv":[3.625,2,4.375,2.525],"rotation":90,"texture":"#0"},"down":{"uv":[3.625,2.525,4.375,3.05],"rotation":270,"texture":"#0"}}},{"from":[7.03228,-2.08374,3.42369],"to":[8.93228,0.91626,5.42369],"rotation":{"angle":-45,"axis":"x","origin":[7.98228,5,14]},"faces":{"north":{"uv":[5.875,0.975,5.125,0.5],"rotation":270,"texture":"#0"},"east":{"uv":[5.875,0.5,5.125,0],"rotation":270,"texture":"#0"},"south":{"uv":[5.875,0.975,5.125,0.5],"rotation":270,"texture":"#0"},"west":{"uv":[5.125,0.5,5.875,0],"rotation":90,"texture":"#0"},"up":{"uv":[2.475,2,2,1.5],"texture":"#0"},"down":{"uv":[2.475,2,2,1.5],"rotation":180,"texture":"#0"}}},{"from":[7.23228,-9.7,11.56772],"to":[8.73228,-6.2,13.06772],"rotation":{"angle":0,"axis":"y","origin":[7.98228,5,14]},"faces":{"north":{"uv":[5.375,2.125,4.5,1.75],"rotation":270,"texture":"#0"},"east":{"uv":[5.375,1.375,4.5,1],"rotation":270,"texture":"#0"},"south":{"uv":[5.375,1.75,4.5,1.375],"rotation":270,"texture":"#0"},"west":{"uv":[4.5,1.375,5.375,1],"rotation":90,"texture":"#0"},"up":{"uv":[5.75,1.375,5.375,1],"texture":"#0"},"down":{"uv":[5.75,1.375,5.375,1],"rotation":180,"texture":"#0"}}},{"from":[7.33228,-7.95946,5.43709],"to":[8.63228,-6.95946,6.93709],"rotation":{"angle":-22.5,"axis":"x","origin":[7.98228,5,14]},"faces":{"north":{"uv":[4.625,2.825,4.375,2.5],"rotation":270,"texture":"#0"},"east":{"uv":[2.375,2.375,2.125,2],"rotation":270,"texture":"#0"},"south":{"uv":[4.625,2.825,4.375,2.5],"rotation":270,"texture":"#0"},"west":{"uv":[2.125,2.375,2.375,2],"rotation":90,"texture":"#0"},"up":{"uv":[5.075,2.5,4.75,2.125],"texture":"#0"},"down":{"uv":[4.7,2.5,4.375,2.125],"rotation":180,"texture":"#0"}}},{"from":[7.53228,-9.99289,15.79032],"to":[8.43228,-9.29289,16.99032],"rotation":{"angle":22.5,"axis":"x","origin":[7.98228,5,14]},"faces":{"north":{"uv":[5.375,1.75,5.55,1.975],"rotation":90,"texture":"#0"},"east":{"uv":[5.375,1.375,5.55,1.675],"rotation":90,"texture":"#0"},"south":{"uv":[5.375,1.75,5.55,1.975],"rotation":90,"texture":"#0"},"west":{"uv":[5.375,1.675,5.55,1.375],"rotation":90,"texture":"#0"},"up":{"uv":[5.625,1.75,5.85,2.05],"rotation":180,"texture":"#0"},"down":{"uv":[5.625,1.375,5.85,1.675],"texture":"#0"}}},{"from":[7.63228,-9.4,9.96772],"to":[8.33228,-8.4,10.46772],"rotation":{"angle":0,"axis":"y","origin":[7.98228,5,14]},"faces":{"north":{"uv":[5.375,2.125,5.625,2.3],"rotation":90,"texture":"#0"},"east":{"uv":[5.375,2,5.625,2.125],"rotation":90,"texture":"#0"},"south":{"uv":[5.375,2.125,5.625,2.3],"rotation":90,"texture":"#0"},"west":{"uv":[5.375,2,5.625,2.125],"rotation":90,"texture":"#0"},"up":{"uv":[5.125,2.125,5.3,2.25],"rotation":180,"texture":"#0"},"down":{"uv":[5.125,2.125,5.3,2.25],"texture":"#0"}}},{"from":[7.48228,-7.84641,13.08791],"to":[8.48228,-5.84641,14.58791],"rotation":{"angle":45,"axis":"x","origin":[7.98228,5,14]},"faces":{"north":{"uv":[4.125,4,4.625,4.25],"rotation":90,"texture":"#0"},"east":{"uv":[4.125,4,4.625,3.625],"rotation":90,"texture":"#0"},"south":{"uv":[4.125,4,4.625,4.25],"rotation":90,"texture":"#0"},"west":{"uv":[4.125,3.625,4.625,4],"rotation":90,"texture":"#0"},"up":{"uv":[4.625,3.625,4.875,4],"rotation":180,"texture":"#0"},"down":{"uv":[4.625,3.625,4.875,4],"texture":"#0"}}},{"from":[7.58228,-4.2,3.61772],"to":[8.38228,-3.2,5.11772],"rotation":{"angle":0,"axis":"y","origin":[7.98228,5,14]},"faces":{"north":{"uv":[5.2,4.25,5,4],"texture":"#0"},"east":{"uv":[5,4,4.625,4.25],"rotation":180,"texture":"#0"},"south":{"uv":[5.2,4.25,5,4],"texture":"#0"},"west":{"uv":[5,4.25,4.625,4],"texture":"#0"},"up":{"uv":[5.25,3.95,4.875,3.75],"rotation":90,"texture":"#0"},"down":{"uv":[5.25,3.95,4.875,3.75],"rotation":270,"texture":"#0"}}},{"from":[7.68228,-8.44641,11.78791],"to":[8.28228,-7.94641,12.78791],"rotation":{"angle":45,"axis":"x","origin":[7.98228,5,14]},"faces":{"north":{"uv":[5.25,4.125,5.4,4.25],"rotation":180,"texture":"#0"},"east":{"uv":[5.5,4,5.25,4.125],"rotation":180,"texture":"#0"},"south":{"uv":[5.25,4.125,5.4,4.25],"rotation":180,"texture":"#0"},"west":{"uv":[5.25,4,5.5,4.125],"rotation":180,"texture":"#0"},"up":{"uv":[5.25,3.75,5.5,3.9],"rotation":270,"texture":"#0"},"down":{"uv":[5.25,3.75,5.5,3.9],"rotation":90,"texture":"#0"}}},{"from":[7.68228,12.15804,14.32763],"to":[8.28228,13.15804,14.82763],"rotation":{"angle":-22.5,"axis":"x","origin":[7.98228,5,14]},"faces":{"north":{"uv":[5.5,3.9,5.25,3.75],"rotation":270,"texture":"#0"},"east":{"uv":[5.25,4.125,5.5,4],"rotation":90,"texture":"#0"},"south":{"uv":[5.5,3.9,5.25,3.75],"rotation":270,"texture":"#0"},"west":{"uv":[5.5,4.125,5.25,4],"rotation":270,"texture":"#0"},"up":{"uv":[5.4,4.25,5.25,4.125],"texture":"#0"},"down":{"uv":[5.4,4.25,5.25,4.125],"rotation":180,"texture":"#0"}}},{"from":[7.58228,10.90286,7.33378],"to":[8.38228,11.90286,8.83378],"rotation":{"angle":22.5,"axis":"x","origin":[7.98228,5,14]},"faces":{"north":{"uv":[5,4,5.2,4.25],"texture":"#0"},"east":{"uv":[4.625,4.25,5,4],"rotation":180,"texture":"#0"},"south":{"uv":[5,4,5.2,4.25],"texture":"#0"},"west":{"uv":[4.625,4,5,4.25],"texture":"#0"},"up":{"uv":[4.875,3.75,5.25,3.95],"rotation":90,"texture":"#0"},"down":{"uv":[4.875,3.75,5.25,3.95],"rotation":270,"texture":"#0"}}},{"from":[7.48228,13.45804,12.22763],"to":[8.48228,14.95804,14.22763],"rotation":{"angle":-22.5,"axis":"x","origin":[7.98228,5,14]},"faces":{"north":{"uv":[4.875,4,4.625,3.625],"rotation":180,"texture":"#0"},"east":{"uv":[4.625,3.625,4.125,4],"texture":"#0"},"south":{"uv":[4.875,4,4.625,3.625],"rotation":180,"texture":"#0"},"west":{"uv":[4.625,4,4.125,3.625],"rotation":180,"texture":"#0"},"up":{"uv":[4.625,4.25,4.125,4],"rotation":270,"texture":"#0"},"down":{"uv":[4.625,4.25,4.125,4],"rotation":90,"texture":"#0"}}},{"from":[7.68228,-3.15804,14.32763],"to":[8.28228,-2.15804,14.82763],"rotation":{"angle":22.5,"axis":"x","origin":[7.98228,5,14]},"faces":{"north":{"uv":[5.25,3.9,5.5,3.75],"rotation":270,"texture":"#0"},"east":{"uv":[5.5,4.125,5.25,4],"rotation":90,"texture":"#0"},"south":{"uv":[5.25,3.9,5.5,3.75],"rotation":270,"texture":"#0"},"west":{"uv":[5.25,4.125,5.5,4],"rotation":270,"texture":"#0"},"up":{"uv":[5.25,4.25,5.4,4.125],"texture":"#0"},"down":{"uv":[5.25,4.25,5.4,4.125],"rotation":180,"texture":"#0"}}},{"from":[7.48228,-4.95804,12.22763],"to":[8.48228,-3.45804,14.22763],"rotation":{"angle":22.5,"axis":"x","origin":[7.98228,5,14]},"faces":{"north":{"uv":[4.875,3.625,4.625,4],"rotation":180,"texture":"#0"},"east":{"uv":[4.625,4,4.125,3.625],"texture":"#0"},"south":{"uv":[4.875,3.625,4.625,4],"rotation":180,"texture":"#0"},"west":{"uv":[4.625,3.625,4.125,4],"rotation":180,"texture":"#0"},"up":{"uv":[4.625,4,4.125,4.25],"rotation":270,"texture":"#0"},"down":{"uv":[4.625,4,4.125,4.25],"rotation":90,"texture":"#0"}}},{"from":[7.58228,-1.90286,7.33378],"to":[8.38228,-0.90286,8.83378],"rotation":{"angle":-22.5,"axis":"x","origin":[7.98228,5,14]},"faces":{"north":{"uv":[5,4.25,5.2,4],"texture":"#0"},"east":{"uv":[4.625,4,5,4.25],"rotation":180,"texture":"#0"},"south":{"uv":[5,4.25,5.2,4],"texture":"#0"},"west":{"uv":[4.625,4.25,5,4],"texture":"#0"},"up":{"uv":[4.875,3.95,5.25,3.75],"rotation":90,"texture":"#0"},"down":{"uv":[4.875,3.95,5.25,3.75],"rotation":270,"texture":"#0"}}},{"from":[6.73228,14.04346,21.9271],"to":[9.23228,16.04346,23.9271],"rotation":{"angle":-45,"axis":"x","origin":[7.98228,5,14]},"faces":{"north":{"uv":[1.625,2.75,2.125,3.375],"rotation":270,"texture":"#0"},"east":{"uv":[1.625,2.25,2.125,2.75],"rotation":90,"texture":"#0"},"south":{"uv":[2.125,2.75,1.625,3.375],"rotation":270,"texture":"#0"},"west":{"uv":[2.125,2.25,1.625,2.75],"rotation":270,"texture":"#0"},"up":{"uv":[2,1,2.625,1.5],"texture":"#0"},"down":{"uv":[2,1.5,2.625,1],"rotation":180,"texture":"#0"}}},{"from":[6.98228,6.9271,1.45654],"to":[8.98228,8.9271,3.95654],"rotation":{"angle":45,"axis":"x","origin":[7.98228,5,14]},"faces":{"north":{"uv":[2.125,2.25,1.625,2.75],"rotation":180,"texture":"#0"},"east":{"uv":[2,1,2.625,1.5],"rotation":180,"texture":"#0"},"south":{"uv":[1.625,2.25,2.125,2.75],"rotation":180,"texture":"#0"},"west":{"uv":[2,1.5,2.625,1],"rotation":180,"texture":"#0"},"up":{"uv":[2.125,2.75,1.625,3.375],"texture":"#0"},"down":{"uv":[1.625,2.75,2.125,3.375],"texture":"#0"}}},{"from":[6.98228,1.0729,1.45654],"to":[8.98228,3.0729,3.95654],"rotation":{"angle":-45,"axis":"x","origin":[7.98228,5,14]},"faces":{"north":{"uv":[2.125,2.75,1.625,2.25],"rotation":180,"texture":"#0"},"east":{"uv":[2,1.5,2.625,1],"rotation":180,"texture":"#0"},"south":{"uv":[1.625,2.75,2.125,2.25],"rotation":180,"texture":"#0"},"west":{"uv":[2,1,2.625,1.5],"rotation":180,"texture":"#0"},"up":{"uv":[2.125,2.75,1.625,3.375],"rotation":180,"texture":"#0"},"down":{"uv":[1.625,2.75,2.125,3.375],"rotation":180,"texture":"#0"}}},{"from":[6.73228,-6.04346,21.9271],"to":[9.23228,-4.04346,23.9271],"rotation":{"angle":45,"axis":"x","origin":[7.98228,5,14]},"faces":{"north":{"uv":[2.125,2.75,1.625,3.375],"rotation":270,"texture":"#0"},"east":{"uv":[2.125,2.25,1.625,2.75],"rotation":90,"texture":"#0"},"south":{"uv":[1.625,2.75,2.125,3.375],"rotation":270,"texture":"#0"},"west":{"uv":[1.625,2.25,2.125,2.75],"rotation":270,"texture":"#0"},"up":{"uv":[2.625,1.5,2,1],"texture":"#0"},"down":{"uv":[2.625,1,2,1.5],"rotation":180,"texture":"#0"}}},{"from":[6.48228,14.71235,7.09636],"to":[9.48228,16.71235,9.79636],"rotation":{"angle":-22.5,"axis":"x","origin":[7.98228,5,14]},"faces":{"north":{"uv":[0.75,2.25,1.5,1.75],"texture":"#0"},"east":{"uv":[0.75,2.25,1.5,1.75],"texture":"#0"},"south":{"uv":[0.75,2.25,1.5,1.75],"texture":"#0"},"west":{"uv":[0.75,2.25,1.5,1.75],"texture":"#0"},"up":{"uv":[1.25,1.7125,2,1.0375],"rotation":180,"texture":"#0"},"down":{"uv":[1.25,1.7125,2,1.0375],"rotation":180,"texture":"#0"}}},{"from":[5.23228,14.71235,10.44636],"to":[10.73228,15.71235,10.94636],"rotation":{"angle":-22.5,"axis":"x","origin":[7.98228,5,14]},"faces":{"north":{"uv":[0,4.125,1.375,4.375],"texture":"#0"},"east":{"uv":[1.375,4.125,1.5,4.375],"texture":"#0"},"south":{"uv":[0,4.125,1.375,4.375],"texture":"#0"},"west":{"uv":[1.375,4.125,1.5,4.375],"texture":"#0"},"up":{"uv":[1.375,4.375,0,4.5],"rotation":180,"texture":"#0"},"down":{"uv":[1.375,4.375,0,4.5],"rotation":180,"texture":"#0"}}},{"from":[7.23228,14.21235,10.44636],"to":[8.73228,14.71235,10.94636],"rotation":{"angle":-22.5,"axis":"x","origin":[7.98228,5,14]},"faces":{"north":{"uv":[1.25,3.875,1.375,3.5],"rotation":90,"texture":"#0"},"east":{"uv":[1.375,4,1.25,3.875],"rotation":90,"texture":"#0"},"south":{"uv":[1.25,3.875,1.375,3.5],"rotation":270,"texture":"#0"},"west":{"uv":[1.375,4,1.25,3.875],"rotation":90,"texture":"#0"},"up":{"uv":[1.375,3.875,1.5,3.5],"rotation":270,"texture":"#0"},"down":{"uv":[1.375,3.875,1.5,3.5],"rotation":270,"texture":"#0"}}},{"from":[5.23228,13.21235,10.44636],"to":[5.73228,14.71235,10.94636],"rotation":{"angle":-22.5,"axis":"x","origin":[7.98228,5,14]},"faces":{"north":{"uv":[1.25,3.5,1.375,3.875],"texture":"#0"},"east":{"uv":[1.375,3.5,1.5,3.875],"texture":"#0"},"south":{"uv":[1.25,3.5,1.375,3.875],"texture":"#0"},"west":{"uv":[1.375,3.5,1.5,3.875],"texture":"#0"},"up":{"uv":[1.375,3.875,1.25,4],"rotation":180,"texture":"#0"},"down":{"uv":[1.375,3.875,1.25,4],"rotation":180,"texture":"#0"}}},{"from":[7.73228,12.71235,10.44636],"to":[8.23228,14.21235,10.94636],"rotation":{"angle":-22.5,"axis":"x","origin":[7.98228,5,14]},"faces":{"north":{"uv":[1.375,3.5,1.25,3.875],"texture":"#0"},"east":{"uv":[1.5,3.5,1.375,3.875],"texture":"#0"},"south":{"uv":[1.625,3.5,1.5,3.875],"texture":"#0"},"west":{"uv":[1.5,3.5,1.375,3.875],"texture":"#0"},"up":{"uv":[1.25,3.875,1.375,4],"rotation":180,"texture":"#0"},"down":{"uv":[1.25,3.875,1.375,4],"rotation":180,"texture":"#0"}}},{"from":[10.23228,13.21235,10.44636],"to":[10.73228,14.71235,10.94636],"rotation":{"angle":-22.5,"axis":"x","origin":[7.98228,5,14]},"faces":{"north":{"uv":[1.375,3.5,1.25,3.875],"texture":"#0"},"east":{"uv":[1.5,3.5,1.375,3.875],"texture":"#0"},"south":{"uv":[1.375,3.5,1.25,3.875],"texture":"#0"},"west":{"uv":[1.5,3.5,1.375,3.875],"texture":"#0"},"up":{"uv":[1.25,3.875,1.375,4],"rotation":180,"texture":"#0"},"down":{"uv":[1.25,3.875,1.375,4],"rotation":180,"texture":"#0"}}},{"from":[6.48228,9.71235,7.04636],"to":[9.48228,11.71235,10.04636],"rotation":{"angle":-22.5,"axis":"x","origin":[7.98228,5,14]},"faces":{"north":{"uv":[0.8125,1.5125,0.0625,1.0125],"texture":"#0"},"east":{"uv":[0.75,2.25,0,1.75],"texture":"#0"},"south":{"uv":[0.8125,1.5125,0.0625,1.0125],"texture":"#0"},"west":{"uv":[0.75,2.25,0,1.75],"texture":"#0"},"up":{"uv":[1.25,3.375,0.5,4.125],"rotation":180,"texture":"#0"},"down":{"uv":[2.4375,4.125,1.6875,4.875],"rotation":180,"texture":"#0"}}},{"from":[5.48228,10.71235,7.54636],"to":[10.48228,11.71235,9.54636],"rotation":{"angle":-22.5,"axis":"x","origin":[7.98228,5,14]},"faces":{"north":{"uv":[2.9375,3.6375,1.6875,3.3875],"texture":"#0"},"east":{"uv":[3.25,3.375,2.75,3.125],"texture":"#0"},"south":{"uv":[2.9375,3.6375,1.6875,3.3875],"texture":"#0"},"west":{"uv":[3.25,3.375,2.75,3.125],"texture":"#0"},"up":{"uv":[2.875,3.625,1.625,4.125],"rotation":180,"texture":"#0"},"down":{"uv":[2.875,3.625,1.625,4.125],"rotation":180,"texture":"#0"}}},{"from":[5.23228,11.71235,6.44636],"to":[10.73228,15.71235,10.44636],"rotation":{"angle":-22.5,"axis":"x","origin":[7.98228,5,14]},"faces":{"north":{"uv":[0,0,1.375,1],"texture":"#0"},"east":{"uv":[1.375,0,2.375,1],"texture":"#0"},"south":{"uv":[0,0,1.375,1],"texture":"#0"},"west":{"uv":[1.375,0,2.375,1],"texture":"#0"},"up":{"uv":[3.75,0,2.375,1],"rotation":180,"texture":"#0"},"down":{"uv":[3.75,0,2.375,1],"rotation":180,"texture":"#0"}}},{"from":[10.23228,13.21235,5.94636],"to":[10.73228,14.71235,6.44636],"rotation":{"angle":-22.5,"axis":"x","origin":[7.98228,5,14]},"faces":{"north":{"uv":[1.25,3.5,1.375,3.875],"texture":"#0"},"east":{"uv":[1.375,3.5,1.5,3.875],"texture":"#0"},"south":{"uv":[1.25,3.5,1.375,3.875],"texture":"#0"},"west":{"uv":[1.375,3.5,1.5,3.875],"texture":"#0"},"up":{"uv":[1.25,4,1.375,3.875],"rotation":180,"texture":"#0"},"down":{"uv":[1.25,4,1.375,3.875],"rotation":180,"texture":"#0"}}},{"from":[5.23228,11.71235,6.34636],"to":[10.73228,15.71235,6.34636],"rotation":{"angle":-22.5,"axis":"x","origin":[7.98228,5,14]},"faces":{"north":{"uv":[0,8,11,0],"texture":"#1"},"south":{"uv":[0,8,11,0],"texture":"#1"}}},{"from":[5.23228,14.71235,5.94636],"to":[10.73228,15.71235,6.44636],"rotation":{"angle":-22.5,"axis":"x","origin":[7.98228,5,14]},"faces":{"north":{"uv":[1.375,4.125,0,4.375],"texture":"#0"},"east":{"uv":[1.5,4.125,1.375,4.375],"texture":"#0"},"south":{"uv":[1.375,4.125,0,4.375],"texture":"#0"},"west":{"uv":[1.5,4.125,1.375,4.375],"texture":"#0"},"up":{"uv":[1.375,4.5,0,4.375],"rotation":180,"texture":"#0"},"down":{"uv":[1.375,4.5,0,4.375],"rotation":180,"texture":"#0"}}},{"from":[7.23228,14.21235,5.94636],"to":[8.73228,14.71235,6.44636],"rotation":{"angle":-22.5,"axis":"x","origin":[7.98228,5,14]},"faces":{"north":{"uv":[1.25,3.5,1.375,3.875],"rotation":270,"texture":"#0"},"east":{"uv":[1.375,3.875,1.25,4],"rotation":90,"texture":"#0"},"south":{"uv":[1.25,3.5,1.375,3.875],"rotation":90,"texture":"#0"},"west":{"uv":[1.375,3.875,1.25,4],"rotation":90,"texture":"#0"},"up":{"uv":[1.5,3.875,1.375,3.5],"rotation":270,"texture":"#0"},"down":{"uv":[1.5,3.875,1.375,3.5],"rotation":270,"texture":"#0"}}},{"from":[7.73228,12.71235,5.94636],"to":[8.23228,14.21235,6.44636],"rotation":{"angle":-22.5,"axis":"x","origin":[7.98228,5,14]},"faces":{"north":{"uv":[1.5,3.5,1.625,3.875],"texture":"#0"},"east":{"uv":[1.375,3.5,1.5,3.875],"texture":"#0"},"south":{"uv":[1.25,3.5,1.375,3.875],"texture":"#0"},"west":{"uv":[1.375,3.5,1.5,3.875],"texture":"#0"},"up":{"uv":[1.25,4,1.375,3.875],"rotation":180,"texture":"#0"},"down":{"uv":[1.25,4,1.375,3.875],"rotation":180,"texture":"#0"}}},{"from":[5.23228,13.21235,5.94636],"to":[5.73228,14.71235,6.44636],"rotation":{"angle":-22.5,"axis":"x","origin":[7.98228,5,14]},"faces":{"north":{"uv":[1.375,3.5,1.25,3.875],"texture":"#0"},"east":{"uv":[1.5,3.5,1.375,3.875],"texture":"#0"},"south":{"uv":[1.375,3.5,1.25,3.875],"texture":"#0"},"west":{"uv":[1.5,3.5,1.375,3.875],"texture":"#0"},"up":{"uv":[1.375,4,1.25,3.875],"rotation":180,"texture":"#0"},"down":{"uv":[1.375,4,1.25,3.875],"rotation":180,"texture":"#0"}}},{"from":[7.23228,2.5,7.41772],"to":[8.73228,7.5,8.91772],"rotation":{"angle":0,"axis":"y","origin":[7.98228,5,14]},"faces":{"north":{"uv":[1.25,2.25,1.625,3.5],"texture":"#0"},"east":{"uv":[1.25,2.25,1.625,3.5],"texture":"#0"},"south":{"uv":[1.25,2.25,1.625,3.5],"texture":"#0"},"west":{"uv":[1.25,2.25,1.625,3.5],"texture":"#0"},"up":{"uv":[0,3.125,0.375,3.5],"rotation":90,"texture":"#0"},"down":{"uv":[0,3.125,0.375,3.5],"rotation":270,"texture":"#0"}}},{"from":[6.98228,1.5,7.21772],"to":[8.98228,3.5,9.21772],"rotation":{"angle":0,"axis":"y","origin":[7.98228,5,14]},"faces":{"north":{"uv":[1.5,1.75,2,2.25],"texture":"#0"},"east":{"uv":[1.5,1.75,2,2.25],"texture":"#0"},"south":{"uv":[1.5,1.75,2,2.25],"texture":"#0"},"west":{"uv":[1.5,1.75,2,2.25],"texture":"#0"},"up":{"uv":[0,3.5,0.5,4],"rotation":90,"texture":"#0"},"down":{"uv":[0,3.5,0.5,4],"rotation":270,"texture":"#0"}}},{"from":[6.98228,6.5,7.21772],"to":[8.98228,8.5,9.21772],"rotation":{"angle":0,"axis":"y","origin":[7.98228,5,14]},"faces":{"north":{"uv":[1.5,2.25,2,1.75],"texture":"#0"},"east":{"uv":[1.5,2.25,2,1.75],"texture":"#0"},"south":{"uv":[1.5,2.25,2,1.75],"texture":"#0"},"west":{"uv":[1.5,2.25,2,1.75],"texture":"#0"},"up":{"uv":[0,4,0.5,3.5],"rotation":90,"texture":"#0"},"down":{"uv":[0,4,0.5,3.5],"rotation":270,"texture":"#0"}}},{"from":[6.28228,-4.21712,10.86867],"to":[7.68228,-1.71712,12.36867],"rotation":{"angle":45,"axis":"x","origin":[7.98228,5,14]},"faces":{"north":{"uv":[5.875,2.3875,5.25,2.7375],"rotation":270,"texture":"#0"},"east":{"uv":[5.25,2.5,4.625,2.875],"rotation":270,"texture":"#0"},"south":{"uv":[5.875,2.375,5.25,2.725],"rotation":270,"texture":"#0"},"west":{"uv":[5.25,2.5,4.625,2.875],"rotation":270,"texture":"#0"},"up":{"uv":[5.6,2.75,5.25,3.125],"texture":"#0"},"down":{"uv":[5.6,2.75,5.25,3.125],"rotation":180,"texture":"#0"}}},{"from":[5.98228,-4.91712,10.66867],"to":[7.98228,-2.91712,14.16867],"rotation":{"angle":45,"axis":"x","origin":[7.98228,5,14]},"faces":{"north":{"uv":[3.0625,4.125,3.5625,3.625],"texture":"#0"},"east":{"uv":[4.125,3.625,3.25,3.125],"texture":"#0"},"south":{"uv":[3.625,4.125,4.125,3.625],"texture":"#0"},"west":{"uv":[3.25,3.625,4.125,3.125],"texture":"#0"},"up":{"uv":[4.125,3.625,5,3.125],"rotation":90,"texture":"#0"},"down":{"uv":[4.125,3.625,5,3.125],"rotation":270,"texture":"#0"}}},{"from":[6.58228,-3.11712,14.26867],"to":[7.38228,-1.61712,15.26867],"rotation":{"angle":45,"axis":"x","origin":[7.98228,5,14]},"faces":{"north":{"uv":[6.25,0.875,5.875,1.075],"rotation":90,"texture":"#0"},"east":{"uv":[6.25,0.875,5.875,0.625],"rotation":90,"texture":"#0"},"south":{"uv":[6.25,0.875,5.875,1.075],"rotation":90,"texture":"#0"},"west":{"uv":[6.25,0.625,5.875,0.875],"rotation":90,"texture":"#0"},"up":{"uv":[5.95,1.125,5.75,1.375],"rotation":180,"texture":"#0"},"down":{"uv":[5.95,1.125,5.75,1.375],"texture":"#0"}}},{"from":[6.68228,-0.2,9.31772],"to":[7.28228,0.8,9.81772],"rotation":{"angle":0,"axis":"y","origin":[7.98228,5,14]},"faces":{"north":{"uv":[6.125,1.5,5.875,1.65],"rotation":90,"texture":"#0"},"east":{"uv":[6.125,1.375,5.875,1.5],"rotation":90,"texture":"#0"},"south":{"uv":[6.125,1.5,5.875,1.65],"rotation":90,"texture":"#0"},"west":{"uv":[6.125,1.375,5.875,1.5],"rotation":90,"texture":"#0"},"up":{"uv":[6.025,1.75,5.875,1.875],"rotation":180,"texture":"#0"},"down":{"uv":[6.025,1.75,5.875,1.875],"texture":"#0"}}},{"from":[8.68228,-0.2,9.31772],"to":[9.28228,0.8,9.81772],"rotation":{"angle":0,"axis":"y","origin":[7.98228,5,14]},"faces":{"north":{"uv":[6.125,1.5,5.875,1.65],"rotation":90,"texture":"#0"},"east":{"uv":[6.125,1.375,5.875,1.5],"rotation":90,"texture":"#0"},"south":{"uv":[6.125,1.5,5.875,1.65],"rotation":90,"texture":"#0"},"west":{"uv":[6.125,1.375,5.875,1.5],"rotation":90,"texture":"#0"},"up":{"uv":[6.025,1.75,5.875,1.875],"rotation":180,"texture":"#0"},"down":{"uv":[6.025,1.75,5.875,1.875],"texture":"#0"}}},{"from":[8.58228,-3.11712,14.26867],"to":[9.38228,-1.61712,15.26867],"rotation":{"angle":45,"axis":"x","origin":[7.98228,5,14]},"faces":{"north":{"uv":[6.25,0.875,5.875,1.075],"rotation":90,"texture":"#0"},"east":{"uv":[6.25,0.875,5.875,0.625],"rotation":90,"texture":"#0"},"south":{"uv":[6.25,0.875,5.875,1.075],"rotation":90,"texture":"#0"},"west":{"uv":[6.25,0.625,5.875,0.875],"rotation":90,"texture":"#0"},"up":{"uv":[5.95,1.125,5.75,1.375],"rotation":180,"texture":"#0"},"down":{"uv":[5.95,1.125,5.75,1.375],"texture":"#0"}}},{"from":[6.48228,-2,7.21772],"to":[7.48228,-0.5,9.21772],"rotation":{"angle":0,"axis":"y","origin":[7.98228,5,14]},"faces":{"north":{"uv":[5.5,3.5,5.75,3.125],"texture":"#0"},"east":{"uv":[5.5,3.5,5,3.125],"texture":"#0"},"south":{"uv":[5.5,3.5,5.75,3.125],"texture":"#0"},"west":{"uv":[5,3.5,5.5,3.125],"texture":"#0"},"up":{"uv":[5,3.75,5.5,3.5],"rotation":90,"texture":"#0"},"down":{"uv":[5,3.75,5.5,3.5],"rotation":270,"texture":"#0"}}},{"from":[8.48228,-2,7.21772],"to":[9.48228,-0.5,9.21772],"rotation":{"angle":0,"axis":"y","origin":[7.98228,5,14]},"faces":{"north":{"uv":[5.5,3.5,5.75,3.125],"texture":"#0"},"east":{"uv":[5.5,3.5,5,3.125],"texture":"#0"},"south":{"uv":[5.5,3.5,5.75,3.125],"texture":"#0"},"west":{"uv":[5,3.5,5.5,3.125],"texture":"#0"},"up":{"uv":[5,3.75,5.5,3.5],"rotation":90,"texture":"#0"},"down":{"uv":[5,3.75,5.5,3.5],"rotation":270,"texture":"#0"}}},{"from":[7.98228,-4.91712,10.66867],"to":[9.98228,-2.91712,14.16867],"rotation":{"angle":45,"axis":"x","origin":[7.98228,5,14]},"faces":{"north":{"uv":[3.0625,4.125,3.5625,3.625],"texture":"#0"},"east":{"uv":[4.125,3.625,3.25,3.125],"texture":"#0"},"south":{"uv":[3.625,4.125,4.125,3.625],"texture":"#0"},"west":{"uv":[3.25,3.625,4.125,3.125],"texture":"#0"},"up":{"uv":[4.125,3.625,5,3.125],"rotation":90,"texture":"#0"},"down":{"uv":[4.125,3.625,5,3.125],"rotation":270,"texture":"#0"}}},{"from":[8.28228,-4.21712,10.86867],"to":[9.68228,-1.71712,12.36867],"rotation":{"angle":45,"axis":"x","origin":[7.98228,5,14]},"faces":{"north":{"uv":[5.875,2.3875,5.25,2.7375],"rotation":270,"texture":"#0"},"east":{"uv":[5.25,2.5,4.625,2.875],"rotation":270,"texture":"#0"},"south":{"uv":[5.875,2.375,5.25,2.725],"rotation":270,"texture":"#0"},"west":{"uv":[5.25,2.5,4.625,2.875],"rotation":270,"texture":"#0"},"up":{"uv":[5.6,2.75,5.25,3.125],"texture":"#0"},"down":{"uv":[5.6,2.75,5.25,3.125],"rotation":180,"texture":"#0"}}},{"from":[6.58228,11.61712,14.26867],"to":[7.38228,13.11712,15.26867],"rotation":{"angle":-45,"axis":"x","origin":[7.98228,5,14]},"faces":{"north":{"uv":[5.875,0.875,6.25,1.075],"rotation":90,"texture":"#0"},"east":{"uv":[5.875,0.875,6.25,0.625],"rotation":90,"texture":"#0"},"south":{"uv":[5.875,0.875,6.25,1.075],"rotation":90,"texture":"#0"},"west":{"uv":[5.875,0.625,6.25,0.875],"rotation":90,"texture":"#0"},"up":{"uv":[5.75,1.125,5.95,1.375],"rotation":180,"texture":"#0"},"down":{"uv":[5.75,1.125,5.95,1.375],"texture":"#0"}}},{"from":[6.68228,9.2,9.31772],"to":[7.28228,10.2,9.81772],"rotation":{"angle":0,"axis":"y","origin":[7.98228,5,14]},"faces":{"north":{"uv":[5.875,1.5,6.125,1.65],"rotation":90,"texture":"#0"},"east":{"uv":[5.875,1.375,6.125,1.5],"rotation":90,"texture":"#0"},"south":{"uv":[5.875,1.5,6.125,1.65],"rotation":90,"texture":"#0"},"west":{"uv":[5.875,1.375,6.125,1.5],"rotation":90,"texture":"#0"},"up":{"uv":[5.875,1.75,6.025,1.875],"rotation":180,"texture":"#0"},"down":{"uv":[5.875,1.75,6.025,1.875],"texture":"#0"}}},{"from":[8.68228,9.2,9.31772],"to":[9.28228,10.2,9.81772],"rotation":{"angle":0,"axis":"y","origin":[7.98228,5,14]},"faces":{"north":{"uv":[5.875,1.5,6.125,1.65],"rotation":90,"texture":"#0"},"east":{"uv":[5.875,1.375,6.125,1.5],"rotation":90,"texture":"#0"},"south":{"uv":[5.875,1.5,6.125,1.65],"rotation":90,"texture":"#0"},"west":{"uv":[5.875,1.375,6.125,1.5],"rotation":90,"texture":"#0"},"up":{"uv":[5.875,1.75,6.025,1.875],"rotation":180,"texture":"#0"},"down":{"uv":[5.875,1.75,6.025,1.875],"texture":"#0"}}},{"from":[8.58228,11.61712,14.26867],"to":[9.38228,13.11712,15.26867],"rotation":{"angle":-45,"axis":"x","origin":[7.98228,5,14]},"faces":{"north":{"uv":[5.875,0.875,6.25,1.075],"rotation":90,"texture":"#0"},"east":{"uv":[5.875,0.875,6.25,0.625],"rotation":90,"texture":"#0"},"south":{"uv":[5.875,0.875,6.25,1.075],"rotation":90,"texture":"#0"},"west":{"uv":[5.875,0.625,6.25,0.875],"rotation":90,"texture":"#0"},"up":{"uv":[5.75,1.125,5.95,1.375],"rotation":180,"texture":"#0"},"down":{"uv":[5.75,1.125,5.95,1.375],"texture":"#0"}}},{"from":[6.48228,10.5,7.21772],"to":[7.48228,12,9.21772],"rotation":{"angle":0,"axis":"y","origin":[7.98228,5,14]},"faces":{"north":{"uv":[5.5,3.125,5.75,3.5],"texture":"#0"},"east":{"uv":[5.5,3.125,5,3.5],"texture":"#0"},"south":{"uv":[5.5,3.125,5.75,3.5],"texture":"#0"},"west":{"uv":[5,3.125,5.5,3.5],"texture":"#0"},"up":{"uv":[5,3.5,5.5,3.75],"rotation":90,"texture":"#0"},"down":{"uv":[5,3.5,5.5,3.75],"rotation":270,"texture":"#0"}}},{"from":[3.98228,11,4.71772],"to":[5.98228,12.5,5.71772],"rotation":{"angle":0,"axis":"y","origin":[7.98228,5,14]},"faces":{"north":{"uv":[5,3.5,5.5,3.125],"texture":"#0"},"east":{"uv":[5.5,3.5,5.75,3.125],"texture":"#0"},"south":{"uv":[5.5,3.5,5,3.125],"texture":"#0"},"west":{"uv":[5.5,3.5,5.75,3.125],"texture":"#0"},"up":{"uv":[5,3.75,5.5,3.5],"rotation":180,"texture":"#0"},"down":{"uv":[5,3.75,5.5,3.5],"rotation":180,"texture":"#0"}}},{"from":[9.69599,12.28528,4.81772],"to":[10.69599,13.78528,5.61772],"rotation":{"angle":45,"axis":"z","origin":[7.98228,5,14]},"faces":{"north":{"uv":[6.25,0.625,5.875,0.875],"rotation":90,"texture":"#0"},"east":{"uv":[6.25,0.875,5.875,1.075],"rotation":90,"texture":"#0"},"south":{"uv":[6.25,0.875,5.875,0.625],"rotation":90,"texture":"#0"},"west":{"uv":[6.25,0.875,5.875,1.075],"rotation":90,"texture":"#0"},"up":{"uv":[5.95,1.125,5.75,1.375],"rotation":270,"texture":"#0"},"down":{"uv":[5.95,1.125,5.75,1.375],"rotation":270,"texture":"#0"}}},{"from":[3.38228,12.8,4.91772],"to":[3.88228,13.8,5.51772],"rotation":{"angle":0,"axis":"y","origin":[7.98228,5,14]},"faces":{"north":{"uv":[6.125,1.375,5.875,1.5],"rotation":90,"texture":"#0"},"east":{"uv":[6.125,1.5,5.875,1.65],"rotation":90,"texture":"#0"},"south":{"uv":[6.125,1.375,5.875,1.5],"rotation":90,"texture":"#0"},"west":{"uv":[6.125,1.5,5.875,1.65],"rotation":90,"texture":"#0"},"up":{"uv":[6.025,1.75,5.875,1.875],"rotation":270,"texture":"#0"},"down":{"uv":[6.025,1.75,5.875,1.875],"rotation":270,"texture":"#0"}}},{"from":[12.08228,12.8,4.91772],"to":[12.58228,13.8,5.51772],"rotation":{"angle":0,"axis":"y","origin":[7.98228,5,14]},"faces":{"north":{"uv":[6.125,1.5,5.875,1.375],"rotation":90,"texture":"#0"},"east":{"uv":[6.125,1.65,5.875,1.5],"rotation":90,"texture":"#0"},"south":{"uv":[6.125,1.5,5.875,1.375],"rotation":90,"texture":"#0"},"west":{"uv":[6.125,1.65,5.875,1.5],"rotation":90,"texture":"#0"},"up":{"uv":[6.025,1.875,5.875,1.75],"rotation":270,"texture":"#0"},"down":{"uv":[6.025,1.875,5.875,1.75],"rotation":270,"texture":"#0"}}},{"from":[5.26857,12.28528,4.81772],"to":[6.26857,13.78528,5.61772],"rotation":{"angle":-45,"axis":"z","origin":[7.98228,5,14]},"faces":{"north":{"uv":[6.25,0.875,5.875,0.625],"rotation":90,"texture":"#0"},"east":{"uv":[6.25,1.075,5.875,0.875],"rotation":90,"texture":"#0"},"south":{"uv":[6.25,0.625,5.875,0.875],"rotation":90,"texture":"#0"},"west":{"uv":[6.25,1.075,5.875,0.875],"rotation":90,"texture":"#0"},"up":{"uv":[5.95,1.375,5.75,1.125],"rotation":270,"texture":"#0"},"down":{"uv":[5.95,1.375,5.75,1.125],"rotation":270,"texture":"#0"}}},{"from":[9.98228,11,4.71772],"to":[11.98228,12.5,5.71772],"rotation":{"angle":0,"axis":"y","origin":[7.98228,5,14]},"faces":{"north":{"uv":[5.5,3.5,5,3.125],"texture":"#0"},"east":{"uv":[5.75,3.5,5.5,3.125],"texture":"#0"},"south":{"uv":[5,3.5,5.5,3.125],"texture":"#0"},"west":{"uv":[5.75,3.5,5.5,3.125],"texture":"#0"},"up":{"uv":[5.5,3.75,5,3.5],"rotation":180,"texture":"#0"},"down":{"uv":[5.5,3.75,5,3.5],"rotation":180,"texture":"#0"}}},{"from":[8.48228,10.5,7.21772],"to":[9.48228,12,9.21772],"rotation":{"angle":0,"axis":"y","origin":[7.98228,5,14]},"faces":{"north":{"uv":[5.5,3.125,5.75,3.5],"texture":"#0"},"east":{"uv":[5.5,3.125,5,3.5],"texture":"#0"},"south":{"uv":[5.5,3.125,5.75,3.5],"texture":"#0"},"west":{"uv":[5,3.125,5.5,3.5],"texture":"#0"},"up":{"uv":[5,3.5,5.5,3.75],"rotation":90,"texture":"#0"},"down":{"uv":[5,3.5,5.5,3.75],"rotation":270,"texture":"#0"}}},{"from":[8.18228,8.97899,7.9083],"to":[8.18228,18.97899,15.9083],"rotation":{"angle":22.5,"axis":"x","origin":[7.98228,5,14]},"faces":{"east":{"uv":[8,0,0,10],"texture":"#2"},"west":{"uv":[0,0,8,10],"texture":"#2"}}},{"from":[8.18228,-8.43571,8.2044],"to":[8.18228,1.56429,16.2044],"rotation":{"angle":-22.5,"axis":"x","origin":[7.98228,5,14]},"faces":{"east":{"uv":[8,10,0,0],"texture":"#2"},"west":{"uv":[0,10,8,0],"texture":"#2"}}},{"from":[7.73228,4.98747,13.91253],"to":[8.23228,18.48747,14.41253],"rotation":{"angle":0,"axis":"y","origin":[7.98228,18.5,14.4]},"faces":{"north":{"uv":[12.125,0,12.25,3.375],"texture":"#0"},"east":{"uv":[12.125,0,12.25,3.375],"texture":"#0"},"south":{"uv":[12.125,0,12.25,3.375],"texture":"#0"},"west":{"uv":[12.125,0,12.25,3.375],"texture":"#0"},"up":{"uv":[12.125,3.375,12.25,3.5],"rotation":90,"texture":"#0"},"down":{"uv":[12.125,3.375,12.25,3.5],"rotation":270,"texture":"#0"}}},{"from":[7.73228,-8.48747,13.91253],"to":[8.23228,5.01253,14.41253],"rotation":{"angle":0,"axis":"y","origin":[7.98228,-8.5,14.4]},"faces":{"north":{"uv":[12.125,3.375,12.25,0],"texture":"#0"},"east":{"uv":[12.125,3.375,12.25,0],"texture":"#0"},"south":{"uv":[12.125,3.375,12.25,0],"texture":"#0"},"west":{"uv":[12.125,3.375,12.25,0],"texture":"#0"},"up":{"uv":[12.25,3.375,12.125,3.5],"rotation":270,"texture":"#0"},"down":{"uv":[12.25,3.375,12.125,3.5],"rotation":90,"texture":"#0"}}}],"gui_light":"front","display":{"thirdperson_righthand":{"translation":[0,0.25,0.5],"scale":[0.7,0.7,0.7]},"thirdperson_lefthand":{"translation":[0,0.25,0.5],"scale":[0.7,0.7,0.7]},"firstperson_righthand":{"rotation":[12,0,0],"translation":[12.5,12.5,-9.75],"scale":[0.9,0.9,0.9]},"firstperson_lefthand":{"rotation":[12,0,0],"translation":[12.5,12.5,-9.75],"scale":[0.9,0.9,0.9]},"ground":{"rotation":[45,0,0],"translation":[0,11,0],"scale":[0.6,0.6,0.6]},"gui":{"rotation":[90,45,90],"translation":[-3,0.5,-1],"scale":[0.6,0.6,0.6]},"head":{"rotation":[-180,0,0],"translation":[0,11,1.75],"scale":[0,0,0]},"fixed":{"rotation":[0,-90,0],"translation":[2,6,-1],"scale":[1.5,1.5,1.5]}},"groups":[0,1,2,3,4,5,6,7,8,9,10,11,12,13,14,15,16,17,18,19,20,21,22,23,24,25,26,27,28,29,30,31,32,33,34,35,{"name":"group","origin":[8,6,10.5],"color":0,"nbt":"{}","children":[{"name":"group","origin":[-0.5,-1,0],"color":0,"nbt":"{}","children":[36,37,38,39,{"name":"group","origin":[-0.5,10,6],"color":0,"nbt":"{}","children":[40,41,42,43,44,45,46,47,48,49,50,51,52,53,54]}]},55,56,57]},58,59,60,61,62,63,64,65,66,67,68,69,70,71,72,73,74,75,76,77,78,79,80,81,82,83]}