{"credit":"MadewithBlockbench","texture_size":[64,64],"textures":{"0":"elitecreatures/darkflame_animated_weapon_set/darkflame_01_texture","1":"elitecreatures/darkflame_animated_weapon_set/darkflame_animation_01texture","2":"elitecreatures/darkflame_animated_weapon_set/drakflame_animation_02texture","particle":"elitecreatures/darkflame_animated_weapon_set/darkflame_01_texture"},"elements":[{"from":[5.65313,2,6.94687],"to":[8.65313,4,9.94687],"rotation":{"angle":0,"axis":"y","origin":[7.05313,7.44936,8]},"faces":{"north":{"uv":[0.75,1.75,0,2.25],"texture":"#0"},"east":{"uv":[0.8125,1.0125,0.0625,1.5125],"texture":"#0"},"south":{"uv":[0.75,1.75,0,2.25],"texture":"#0"},"west":{"uv":[0.8125,1.0125,0.0625,1.5125],"texture":"#0"},"up":{"uv":[2.4375,4.875,1.6875,4.125],"rotation":90,"texture":"#0"},"down":{"uv":[1.25,4.125,0.5,3.375],"rotation":270,"texture":"#0"}}},{"from":[6.15313,2,5.94687],"to":[8.15313,3,10.94687],"rotation":{"angle":0,"axis":"y","origin":[7.05313,7.44936,8]},"faces":{"north":{"uv":[3.25,3.125,2.75,3.375],"texture":"#0"},"east":{"uv":[2.9375,3.3875,1.6875,3.6375],"texture":"#0"},"south":{"uv":[3.25,3.125,2.75,3.375],"texture":"#0"},"west":{"uv":[2.9375,3.3875,1.6875,3.6375],"texture":"#0"},"up":{"uv":[2.875,4.125,1.625,3.625],"rotation":90,"texture":"#0"},"down":{"uv":[2.875,4.125,1.625,3.625],"rotation":270,"texture":"#0"}}},{"from":[6.30313,-5,7.44687],"to":[7.80313,-3,9.44687],"rotation":{"angle":0,"axis":"y","origin":[7.05313,7.44936,8]},"faces":{"north":{"uv":[0,2.25,0.5,2.75],"texture":"#0"},"east":{"uv":[0,2.25,0.5,2.75],"texture":"#0"},"south":{"uv":[0,2.25,0.5,2.75],"texture":"#0"},"west":{"uv":[0,2.25,0.5,2.75],"texture":"#0"},"up":{"uv":[0,2.75,0.5,3.125],"rotation":90,"texture":"#0"},"down":{"uv":[0,2.75,0.5,3.125],"rotation":270,"texture":"#0"}}},{"from":[5.80313,-6,6.94687],"to":[8.30313,-4,9.94687],"rotation":{"angle":0,"axis":"y","origin":[7.05313,7.44936,8]},"faces":{"north":{"uv":[0.5,2.25,1.25,2.75],"texture":"#0"},"east":{"uv":[0.5,2.25,1.25,2.75],"texture":"#0"},"south":{"uv":[0.5,2.25,1.25,2.75],"texture":"#0"},"west":{"uv":[0.5,2.25,1.25,2.75],"texture":"#0"},"up":{"uv":[0.5,2.75,1.25,3.375],"rotation":90,"texture":"#0"},"down":{"uv":[0.5,2.75,1.25,3.375],"rotation":270,"texture":"#0"}}},{"from":[5.70313,-3,6.94687],"to":[8.40313,-1,9.94687],"rotation":{"angle":0,"axis":"y","origin":[7.05313,7.44936,8]},"faces":{"north":{"uv":[0.75,1.75,1.5,2.25],"texture":"#0"},"east":{"uv":[0.75,1.75,1.5,2.25],"texture":"#0"},"south":{"uv":[0.75,1.75,1.5,2.25],"texture":"#0"},"west":{"uv":[0.75,1.75,1.5,2.25],"texture":"#0"},"up":{"uv":[1.25,1.0375,2,1.7125],"rotation":90,"texture":"#0"},"down":{"uv":[1.25,1.0375,2,1.7125],"rotation":270,"texture":"#0"}}},{"from":[6.05313,-9,7.44687],"to":[8.05313,-7,9.44687],"rotation":{"angle":0,"axis":"y","origin":[7.05313,7.44936,8]},"faces":{"north":{"uv":[1.5,1.75,2,2.25],"texture":"#0"},"east":{"uv":[1.5,1.75,2,2.25],"texture":"#0"},"south":{"uv":[1.5,1.75,2,2.25],"texture":"#0"},"west":{"uv":[1.5,1.75,2,2.25],"texture":"#0"},"up":{"uv":[0,3.5,0.5,4],"rotation":90,"texture":"#0"},"down":{"uv":[0,3.5,0.5,4],"rotation":270,"texture":"#0"}}},{"from":[6.05313,-12,7.44687],"to":[8.05313,-10,9.44687],"rotation":{"angle":0,"axis":"y","origin":[7.05313,7.44936,8]},"faces":{"north":{"uv":[1.5,1.75,2,2.25],"texture":"#0"},"east":{"uv":[1.5,1.75,2,2.25],"texture":"#0"},"south":{"uv":[1.5,1.75,2,2.25],"texture":"#0"},"west":{"uv":[1.5,1.75,2,2.25],"texture":"#0"},"up":{"uv":[0,3.5,0.5,4],"rotation":90,"texture":"#0"},"down":{"uv":[0,3.5,0.5,4],"rotation":270,"texture":"#0"}}},{"from":[6.30313,6,7.44687],"to":[7.80313,8,9.44687],"rotation":{"angle":0,"axis":"y","origin":[7.05313,7.44936,8]},"faces":{"north":{"uv":[0,2.75,0.5,2.25],"texture":"#0"},"east":{"uv":[0,2.75,0.5,2.25],"texture":"#0"},"south":{"uv":[0,2.75,0.5,2.25],"texture":"#0"},"west":{"uv":[0,2.75,0.5,2.25],"texture":"#0"},"up":{"uv":[0,3.125,0.5,2.75],"rotation":90,"texture":"#0"},"down":{"uv":[0,3.125,0.5,2.75],"rotation":270,"texture":"#0"}}},{"from":[5.80313,4,6.94687],"to":[8.30313,6,9.94687],"rotation":{"angle":0,"axis":"y","origin":[7.05313,7.44936,8]},"faces":{"north":{"uv":[0.5,2.75,1.25,2.25],"texture":"#0"},"east":{"uv":[0.5,2.75,1.25,2.25],"texture":"#0"},"south":{"uv":[0.5,2.75,1.25,2.25],"texture":"#0"},"west":{"uv":[0.5,2.75,1.25,2.25],"texture":"#0"},"up":{"uv":[0.5,3.375,1.25,2.75],"rotation":90,"texture":"#0"},"down":{"uv":[0.5,3.375,1.25,2.75],"rotation":270,"texture":"#0"}}},{"from":[5.80313,7,6.94687],"to":[8.30313,9,9.94687],"rotation":{"angle":0,"axis":"y","origin":[7.05313,7.44936,8]},"faces":{"north":{"uv":[0.5,2.75,1.25,2.25],"texture":"#0"},"east":{"uv":[0.5,2.75,1.25,2.25],"texture":"#0"},"south":{"uv":[0.5,2.75,1.25,2.25],"texture":"#0"},"west":{"uv":[0.5,2.75,1.25,2.25],"texture":"#0"},"up":{"uv":[0.5,3.375,1.25,2.75],"rotation":90,"texture":"#0"},"down":{"uv":[0.5,3.375,1.25,2.75],"rotation":270,"texture":"#0"}}},{"from":[6.05313,10,7.44687],"to":[8.05313,12,9.44687],"rotation":{"angle":0,"axis":"y","origin":[7.05313,7.44936,8]},"faces":{"north":{"uv":[1.5,2.25,2,1.75],"texture":"#0"},"east":{"uv":[1.5,2.25,2,1.75],"texture":"#0"},"south":{"uv":[1.5,2.25,2,1.75],"texture":"#0"},"west":{"uv":[1.5,2.25,2,1.75],"texture":"#0"},"up":{"uv":[0,4,0.5,3.5],"rotation":90,"texture":"#0"},"down":{"uv":[0,4,0.5,3.5],"rotation":270,"texture":"#0"}}},{"from":[5.80313,-7.82651,-6.6439],"to":[8.30313,-5.82651,-4.6439],"rotation":{"angle":-45,"axis":"x","origin":[7.05313,7.44936,8]},"faces":{"north":{"uv":[2,1.5,2.625,1],"texture":"#0"},"east":{"uv":[1.625,2.25,2.125,2.75],"texture":"#0"},"south":{"uv":[2,1,2.625,1.5],"texture":"#0"},"west":{"uv":[2.125,2.25,1.625,2.75],"texture":"#0"},"up":{"uv":[1.625,2.75,2.125,3.375],"rotation":90,"texture":"#0"},"down":{"uv":[2.125,2.75,1.625,3.375],"rotation":270,"texture":"#0"}}},{"from":[6.30313,-11,7.69687],"to":[7.80313,-6,9.19687],"rotation":{"angle":0,"axis":"y","origin":[7.05313,7.44936,8]},"faces":{"north":{"uv":[1.25,2.25,1.625,3.5],"texture":"#0"},"east":{"uv":[1.25,2.25,1.625,3.5],"texture":"#0"},"south":{"uv":[1.25,2.25,1.625,3.5],"texture":"#0"},"west":{"uv":[1.25,2.25,1.625,3.5],"texture":"#0"},"up":{"uv":[0,3.125,0.375,3.5],"rotation":90,"texture":"#0"},"down":{"uv":[0,3.125,0.375,3.5],"rotation":270,"texture":"#0"}}},{"from":[6.30313,8,7.69687],"to":[7.80313,13,9.19687],"rotation":{"angle":0,"axis":"y","origin":[7.05313,7.44936,8]},"faces":{"north":{"uv":[1.25,2.25,1.625,3.5],"texture":"#0"},"east":{"uv":[1.25,2.25,1.625,3.5],"texture":"#0"},"south":{"uv":[1.25,2.25,1.625,3.5],"texture":"#0"},"west":{"uv":[1.25,2.25,1.625,3.5],"texture":"#0"},"up":{"uv":[0,3.125,0.375,3.5],"rotation":90,"texture":"#0"},"down":{"uv":[0,3.125,0.375,3.5],"rotation":270,"texture":"#0"}}},{"from":[6.30313,13,7.69687],"to":[7.80313,18,9.19687],"rotation":{"angle":0,"axis":"y","origin":[7.05313,7.44936,8]},"faces":{"north":{"uv":[1.25,2.25,1.625,3.5],"texture":"#0"},"east":{"uv":[1.25,2.25,1.625,3.5],"texture":"#0"},"south":{"uv":[1.25,2.25,1.625,3.5],"texture":"#0"},"west":{"uv":[1.25,2.25,1.625,3.5],"texture":"#0"},"up":{"uv":[0,3.125,0.375,3.5],"rotation":90,"texture":"#0"},"down":{"uv":[0,3.125,0.375,3.5],"rotation":270,"texture":"#0"}}},{"from":[6.05313,13,7.44687],"to":[8.05313,15,9.44687],"rotation":{"angle":0,"axis":"y","origin":[7.05313,7.44936,8]},"faces":{"north":{"uv":[1.5,2.25,2,1.75],"texture":"#0"},"east":{"uv":[1.5,2.25,2,1.75],"texture":"#0"},"south":{"uv":[1.5,2.25,2,1.75],"texture":"#0"},"west":{"uv":[1.5,2.25,2,1.75],"texture":"#0"},"up":{"uv":[0,4,0.5,3.5],"rotation":90,"texture":"#0"},"down":{"uv":[0,4,0.5,3.5],"rotation":270,"texture":"#0"}}},{"from":[6.05313,16,7.44687],"to":[8.05313,18,9.44687],"rotation":{"angle":0,"axis":"y","origin":[7.05313,7.44936,8]},"faces":{"north":{"uv":[1.5,2.25,2,1.75],"texture":"#0"},"east":{"uv":[1.5,2.25,2,1.75],"texture":"#0"},"south":{"uv":[1.5,2.25,2,1.75],"texture":"#0"},"west":{"uv":[1.5,2.25,2,1.75],"texture":"#0"},"up":{"uv":[0,4,0.5,3.5],"rotation":90,"texture":"#0"},"down":{"uv":[0,4,0.5,3.5],"rotation":270,"texture":"#0"}}},{"from":[6.05313,22,7.44687],"to":[8.05313,24,9.44687],"rotation":{"angle":0,"axis":"y","origin":[7.05313,7.44936,8]},"faces":{"north":{"uv":[1.5,2.25,2,1.75],"texture":"#0"},"east":{"uv":[1.5,2.25,2,1.75],"texture":"#0"},"south":{"uv":[1.5,2.25,2,1.75],"texture":"#0"},"west":{"uv":[1.5,2.25,2,1.75],"texture":"#0"},"up":{"uv":[0,4,0.5,3.5],"rotation":90,"texture":"#0"},"down":{"uv":[0,4,0.5,3.5],"rotation":270,"texture":"#0"}}},{"from":[6.30313,17,7.69687],"to":[7.80313,22,9.19687],"rotation":{"angle":0,"axis":"y","origin":[7.05313,7.44936,8]},"faces":{"north":{"uv":[1.25,2.25,1.625,3.5],"texture":"#0"},"east":{"uv":[1.25,2.25,1.625,3.5],"texture":"#0"},"south":{"uv":[1.25,2.25,1.625,3.5],"texture":"#0"},"west":{"uv":[1.25,2.25,1.625,3.5],"texture":"#0"},"up":{"uv":[0,3.125,0.375,3.5],"rotation":90,"texture":"#0"},"down":{"uv":[0,3.125,0.375,3.5],"rotation":270,"texture":"#0"}}},{"from":[7.25313,0.0008,10.48077],"to":[7.25313,10.0008,18.48077],"rotation":{"angle":-22.5,"axis":"x","origin":[7.05313,7.44936,8]},"faces":{"east":{"uv":[8,0,0,10],"texture":"#2"},"west":{"uv":[0,0,8,10],"texture":"#2"}}},{"from":[7.25313,0.34282,-1.65506],"to":[7.25313,10.34282,6.34494],"rotation":{"angle":22.5,"axis":"x","origin":[7.05313,7.44936,8]},"faces":{"east":{"uv":[0,0,8,10],"texture":"#2"},"west":{"uv":[8,0,0,10],"texture":"#2"}}},{"from":[6.05313,25,7.44687],"to":[8.05313,27,9.44687],"rotation":{"angle":0,"axis":"y","origin":[7.05313,7.44936,8]},"faces":{"north":{"uv":[1.5,2.25,2,1.75],"texture":"#0"},"east":{"uv":[1.5,2.25,2,1.75],"texture":"#0"},"south":{"uv":[1.5,2.25,2,1.75],"texture":"#0"},"west":{"uv":[1.5,2.25,2,1.75],"texture":"#0"},"up":{"uv":[0,4,0.5,3.5],"rotation":90,"texture":"#0"},"down":{"uv":[0,4,0.5,3.5],"rotation":270,"texture":"#0"}}},{"from":[6.30313,22,7.69687],"to":[7.80313,27,9.19687],"rotation":{"angle":0,"axis":"y","origin":[7.05313,7.44936,8]},"faces":{"north":{"uv":[1.25,2.25,1.625,3.5],"texture":"#0"},"east":{"uv":[1.25,2.25,1.625,3.5],"texture":"#0"},"south":{"uv":[1.25,2.25,1.625,3.5],"texture":"#0"},"west":{"uv":[1.25,2.25,1.625,3.5],"texture":"#0"},"up":{"uv":[0,3.125,0.375,3.5],"rotation":90,"texture":"#0"},"down":{"uv":[0,3.125,0.375,3.5],"rotation":270,"texture":"#0"}}},{"from":[6.05313,19,7.44687],"to":[8.05313,21,9.44687],"rotation":{"angle":0,"axis":"y","origin":[7.05313,7.44936,8]},"faces":{"north":{"uv":[1.5,2.25,2,1.75],"texture":"#0"},"east":{"uv":[1.5,2.25,2,1.75],"texture":"#0"},"south":{"uv":[1.5,2.25,2,1.75],"texture":"#0"},"west":{"uv":[1.5,2.25,2,1.75],"texture":"#0"},"up":{"uv":[0,4,0.5,3.5],"rotation":90,"texture":"#0"},"down":{"uv":[0,4,0.5,3.5],"rotation":270,"texture":"#0"}}},{"from":[6.30313,17,7.69687],"to":[7.80313,22,9.19687],"rotation":{"angle":0,"axis":"y","origin":[7.05313,7.44936,8]},"faces":{"north":{"uv":[1.25,2.25,1.625,3.5],"texture":"#0"},"east":{"uv":[1.25,2.25,1.625,3.5],"texture":"#0"},"south":{"uv":[1.25,2.25,1.625,3.5],"texture":"#0"},"west":{"uv":[1.25,2.25,1.625,3.5],"texture":"#0"},"up":{"uv":[0,3.125,0.375,3.5],"rotation":90,"texture":"#0"},"down":{"uv":[0,3.125,0.375,3.5],"rotation":270,"texture":"#0"}}},{"from":[5.05313,-2,5.69687],"to":[9.05313,2,11.19687],"rotation":{"angle":0,"axis":"y","origin":[7.05313,7.44936,8]},"faces":{"north":{"uv":[1.375,1,2.375,0],"texture":"#0"},"east":{"uv":[0,1,1.375,0],"texture":"#0"},"south":{"uv":[1.375,1,2.375,0],"texture":"#0"},"west":{"uv":[0,1,1.375,0],"texture":"#0"},"up":{"uv":[3.75,1,2.375,0],"rotation":90,"texture":"#0"},"down":{"uv":[3.75,1,2.375,0],"rotation":270,"texture":"#0"}}},{"from":[4.95313,-2,5.69687],"to":[4.95313,2,11.19687],"rotation":{"angle":0,"axis":"y","origin":[7.05313,7.44936,8]},"faces":{"east":{"uv":[0,0,11,8],"texture":"#1"},"west":{"uv":[0,0,11,8],"texture":"#1"}}},{"from":[9.15313,-2,5.69687],"to":[9.15313,2,11.19687],"rotation":{"angle":0,"axis":"y","origin":[7.05313,7.44936,8]},"faces":{"east":{"uv":[11,0,0,8],"texture":"#1"},"west":{"uv":[11,0,0,8],"texture":"#1"}}},{"from":[9.05313,-2,5.69687],"to":[9.55313,-1,11.19687],"rotation":{"angle":0,"axis":"y","origin":[7.05313,7.44936,8]},"faces":{"north":{"uv":[1.375,4.375,1.5,4.125],"texture":"#0"},"east":{"uv":[0,4.375,1.375,4.125],"texture":"#0"},"south":{"uv":[1.375,4.375,1.5,4.125],"texture":"#0"},"west":{"uv":[0,4.375,1.375,4.125],"texture":"#0"},"up":{"uv":[1.375,4.5,0,4.375],"rotation":90,"texture":"#0"},"down":{"uv":[1.375,4.5,0,4.375],"rotation":270,"texture":"#0"}}},{"from":[9.05313,-1,10.69687],"to":[9.55313,0.5,11.19687],"rotation":{"angle":0,"axis":"y","origin":[7.05313,7.44936,8]},"faces":{"north":{"uv":[1.375,3.875,1.5,3.5],"texture":"#0"},"east":{"uv":[1.25,3.875,1.375,3.5],"texture":"#0"},"south":{"uv":[1.375,3.875,1.5,3.5],"texture":"#0"},"west":{"uv":[1.25,3.875,1.375,3.5],"texture":"#0"},"up":{"uv":[1.375,4,1.25,3.875],"rotation":90,"texture":"#0"},"down":{"uv":[1.375,4,1.25,3.875],"rotation":270,"texture":"#0"}}},{"from":[9.05313,-1,5.69687],"to":[9.55313,0.5,6.19687],"rotation":{"angle":0,"axis":"y","origin":[7.05313,7.44936,8]},"faces":{"north":{"uv":[1.5,3.875,1.375,3.5],"texture":"#0"},"east":{"uv":[1.375,3.875,1.25,3.5],"texture":"#0"},"south":{"uv":[1.5,3.875,1.375,3.5],"texture":"#0"},"west":{"uv":[1.375,3.875,1.25,3.5],"texture":"#0"},"up":{"uv":[1.25,4,1.375,3.875],"rotation":90,"texture":"#0"},"down":{"uv":[1.25,4,1.375,3.875],"rotation":270,"texture":"#0"}}},{"from":[9.05313,-1,7.69687],"to":[9.55313,-0.5,9.19687],"rotation":{"angle":0,"axis":"y","origin":[7.05313,7.44936,8]},"faces":{"north":{"uv":[1.25,4,1.375,3.875],"rotation":90,"texture":"#0"},"east":{"uv":[1.375,3.875,1.25,3.5],"rotation":270,"texture":"#0"},"south":{"uv":[1.25,4,1.375,3.875],"rotation":90,"texture":"#0"},"west":{"uv":[1.375,3.875,1.25,3.5],"rotation":90,"texture":"#0"},"up":{"uv":[1.5,3.875,1.375,3.5],"rotation":180,"texture":"#0"},"down":{"uv":[1.5,3.875,1.375,3.5],"texture":"#0"}}},{"from":[9.05313,-0.5,8.19687],"to":[9.55313,1,8.69687],"rotation":{"angle":0,"axis":"y","origin":[7.05313,7.44936,8]},"faces":{"north":{"uv":[1.5,3.875,1.375,3.5],"texture":"#0"},"east":{"uv":[1.625,3.875,1.5,3.5],"texture":"#0"},"south":{"uv":[1.5,3.875,1.375,3.5],"texture":"#0"},"west":{"uv":[1.375,3.875,1.25,3.5],"texture":"#0"},"up":{"uv":[1.25,4,1.375,3.875],"rotation":90,"texture":"#0"},"down":{"uv":[1.25,4,1.375,3.875],"rotation":270,"texture":"#0"}}},{"from":[4.55313,-1,10.69687],"to":[5.05313,0.5,11.19687],"rotation":{"angle":0,"axis":"y","origin":[7.05313,7.44936,8]},"faces":{"north":{"uv":[1.5,3.875,1.375,3.5],"texture":"#0"},"east":{"uv":[1.375,3.875,1.25,3.5],"texture":"#0"},"south":{"uv":[1.5,3.875,1.375,3.5],"texture":"#0"},"west":{"uv":[1.375,3.875,1.25,3.5],"texture":"#0"},"up":{"uv":[1.375,3.875,1.25,4],"rotation":90,"texture":"#0"},"down":{"uv":[1.375,3.875,1.25,4],"rotation":270,"texture":"#0"}}},{"from":[4.55313,-2,5.69687],"to":[5.05313,-1,11.19687],"rotation":{"angle":0,"axis":"y","origin":[7.05313,7.44936,8]},"faces":{"north":{"uv":[1.5,4.375,1.375,4.125],"texture":"#0"},"east":{"uv":[1.375,4.375,0,4.125],"texture":"#0"},"south":{"uv":[1.5,4.375,1.375,4.125],"texture":"#0"},"west":{"uv":[1.375,4.375,0,4.125],"texture":"#0"},"up":{"uv":[1.375,4.375,0,4.5],"rotation":90,"texture":"#0"},"down":{"uv":[1.375,4.375,0,4.5],"rotation":270,"texture":"#0"}}},{"from":[4.55313,-1,7.69687],"to":[5.05313,-0.5,9.19687],"rotation":{"angle":0,"axis":"y","origin":[7.05313,7.44936,8]},"faces":{"north":{"uv":[1.25,3.875,1.375,4],"rotation":90,"texture":"#0"},"east":{"uv":[1.375,3.5,1.25,3.875],"rotation":90,"texture":"#0"},"south":{"uv":[1.25,3.875,1.375,4],"rotation":90,"texture":"#0"},"west":{"uv":[1.375,3.5,1.25,3.875],"rotation":270,"texture":"#0"},"up":{"uv":[1.375,3.875,1.5,3.5],"rotation":180,"texture":"#0"},"down":{"uv":[1.375,3.875,1.5,3.5],"texture":"#0"}}},{"from":[4.55313,-0.5,8.19687],"to":[5.05313,1,8.69687],"rotation":{"angle":0,"axis":"y","origin":[7.05313,7.44936,8]},"faces":{"north":{"uv":[1.375,3.875,1.5,3.5],"texture":"#0"},"east":{"uv":[1.25,3.875,1.375,3.5],"texture":"#0"},"south":{"uv":[1.375,3.875,1.5,3.5],"texture":"#0"},"west":{"uv":[1.5,3.875,1.625,3.5],"texture":"#0"},"up":{"uv":[1.25,3.875,1.375,4],"rotation":90,"texture":"#0"},"down":{"uv":[1.25,3.875,1.375,4],"rotation":270,"texture":"#0"}}},{"from":[4.55313,-1,5.69687],"to":[5.05313,0.5,6.19687],"rotation":{"angle":0,"axis":"y","origin":[7.05313,7.44936,8]},"faces":{"north":{"uv":[1.375,3.875,1.5,3.5],"texture":"#0"},"east":{"uv":[1.25,3.875,1.375,3.5],"texture":"#0"},"south":{"uv":[1.375,3.875,1.5,3.5],"texture":"#0"},"west":{"uv":[1.25,3.875,1.375,3.5],"texture":"#0"},"up":{"uv":[1.25,3.875,1.375,4],"rotation":90,"texture":"#0"},"down":{"uv":[1.25,3.875,1.375,4],"rotation":270,"texture":"#0"}}},{"from":[5.80313,2.1766,12.94743],"to":[8.30313,6.1766,16.44743],"rotation":{"angle":45,"axis":"x","origin":[7.05313,7.44936,8]},"faces":{"north":{"uv":[3.625,1.875,2.625,2.5],"rotation":90,"texture":"#0"},"east":{"uv":[3.625,1,2.625,1.875],"rotation":270,"texture":"#0"},"south":{"uv":[3.625,1.875,2.625,2.5],"rotation":90,"texture":"#0"},"west":{"uv":[2.625,1,3.625,1.875],"rotation":90,"texture":"#0"},"up":{"uv":[2.75,2.5,2.125,3.375],"rotation":180,"texture":"#0"},"down":{"uv":[2.75,2.5,2.125,3.375],"texture":"#0"}}},{"from":[5.90313,0.69869,9.81359],"to":[8.20313,3.69869,12.81359],"rotation":{"angle":0,"axis":"y","origin":[7.05313,7.44936,8]},"faces":{"north":{"uv":[4.5,1.325,3.75,0.75],"rotation":90,"texture":"#0"},"east":{"uv":[4.5,0.75,3.75,0],"rotation":270,"texture":"#0"},"south":{"uv":[6.625,0.575,5.875,0],"rotation":90,"texture":"#0"},"west":{"uv":[3.75,0.75,4.5,0],"rotation":90,"texture":"#0"},"up":{"uv":[5.075,0.75,4.5,0],"rotation":180,"texture":"#0"},"down":{"uv":[5.075,0.75,4.5,0],"texture":"#0"}}},{"from":[6.00313,5.63778,11.10146],"to":[8.10313,8.13778,14.10146],"rotation":{"angle":45,"axis":"x","origin":[7.05313,7.44936,8]},"faces":{"north":{"uv":[3.275,3.125,2.75,2.5],"texture":"#0"},"east":{"uv":[4.375,2,3.625,1.375],"rotation":180,"texture":"#0"},"south":{"uv":[3.275,3.125,2.75,2.5],"texture":"#0"},"west":{"uv":[4.375,1.375,3.625,2],"texture":"#0"},"up":{"uv":[4.375,3.05,3.625,2.525],"rotation":90,"texture":"#0"},"down":{"uv":[4.375,2.525,3.625,2],"rotation":270,"texture":"#0"}}},{"from":[6.10313,3.92216,9.04836],"to":[8.00313,6.92216,11.04836],"rotation":{"angle":0,"axis":"y","origin":[7.05313,7.44936,8]},"faces":{"north":{"uv":[5.125,0.5,5.875,0.975],"rotation":270,"texture":"#0"},"east":{"uv":[5.125,0,5.875,0.5],"rotation":270,"texture":"#0"},"south":{"uv":[5.125,0.5,5.875,0.975],"rotation":270,"texture":"#0"},"west":{"uv":[5.875,0,5.125,0.5],"rotation":90,"texture":"#0"},"up":{"uv":[2,1.5,2.475,2],"texture":"#0"},"down":{"uv":[2,1.5,2.475,2],"rotation":180,"texture":"#0"}}},{"from":[6.30313,7.84476,9.28931],"to":[7.80313,11.34476,10.78931],"rotation":{"angle":45,"axis":"x","origin":[7.05313,7.44936,8]},"faces":{"north":{"uv":[4.5,1.375,5.375,1.75],"rotation":270,"texture":"#0"},"east":{"uv":[4.5,1,5.375,1.375],"rotation":270,"texture":"#0"},"south":{"uv":[4.5,1.75,5.375,2.125],"rotation":270,"texture":"#0"},"west":{"uv":[5.375,1,4.5,1.375],"rotation":90,"texture":"#0"},"up":{"uv":[5.375,1,5.75,1.375],"texture":"#0"},"down":{"uv":[5.375,1,5.75,1.375],"rotation":180,"texture":"#0"}}},{"from":[6.40313,10.14476,10.38931],"to":[7.70313,11.14476,11.88931],"rotation":{"angle":45,"axis":"x","origin":[7.05313,7.44936,8]},"faces":{"north":{"uv":[4.375,2.5,4.625,2.825],"rotation":270,"texture":"#0"},"east":{"uv":[2.125,2,2.375,2.375],"rotation":270,"texture":"#0"},"south":{"uv":[4.375,2.5,4.625,2.825],"rotation":270,"texture":"#0"},"west":{"uv":[2.375,2,2.125,2.375],"rotation":90,"texture":"#0"},"up":{"uv":[4.375,2.125,4.7,2.5],"texture":"#0"},"down":{"uv":[4.75,2.125,5.075,2.5],"rotation":180,"texture":"#0"}}},{"from":[6.70313,4.24831,11.19403],"to":[7.40313,4.74831,12.19403],"rotation":{"angle":-22.5,"axis":"x","origin":[7.05313,7.44936,8]},"faces":{"north":{"uv":[5.3,2.25,5.125,2.125],"rotation":180,"texture":"#0"},"east":{"uv":[5.625,2.125,5.375,2],"texture":"#0"},"south":{"uv":[5.3,2.25,5.125,2.125],"rotation":180,"texture":"#0"},"west":{"uv":[5.625,2.125,5.375,2],"rotation":180,"texture":"#0"},"up":{"uv":[5.625,2.3,5.375,2.125],"rotation":270,"texture":"#0"},"down":{"uv":[5.625,2.3,5.375,2.125],"rotation":90,"texture":"#0"}}},{"from":[6.60313,6.10198,12.54571],"to":[7.50313,7.30198,13.24571],"rotation":{"angle":0,"axis":"y","origin":[7.05313,7.44936,8]},"faces":{"north":{"uv":[5.625,1.75,5.85,2.05],"texture":"#0"},"east":{"uv":[5.375,1.375,5.55,1.675],"rotation":180,"texture":"#0"},"south":{"uv":[5.625,1.375,5.85,1.675],"texture":"#0"},"west":{"uv":[5.375,1.675,5.55,1.375],"texture":"#0"},"up":{"uv":[5.375,1.75,5.55,1.975],"rotation":90,"texture":"#0"},"down":{"uv":[5.375,1.75,5.55,1.975],"rotation":270,"texture":"#0"}}},{"from":[6.55313,2.46347,14.70563],"to":[7.55313,3.96347,16.70563],"rotation":{"angle":22.5,"axis":"x","origin":[7.05313,7.44936,8]},"faces":{"north":{"uv":[4.875,3.625,4.625,4],"rotation":180,"texture":"#0"},"east":{"uv":[4.625,4,4.125,3.625],"texture":"#0"},"south":{"uv":[4.875,3.625,4.625,4],"rotation":180,"texture":"#0"},"west":{"uv":[4.625,3.625,4.125,4],"rotation":180,"texture":"#0"},"up":{"uv":[4.625,4,4.125,4.25],"rotation":270,"texture":"#0"},"down":{"uv":[4.625,4,4.125,4.25],"rotation":90,"texture":"#0"}}},{"from":[6.65313,-1.93251,10.84446],"to":[7.45313,-0.93251,12.34446],"rotation":{"angle":-22.5,"axis":"x","origin":[7.05313,7.44936,8]},"faces":{"north":{"uv":[5,4.25,5.2,4],"texture":"#0"},"east":{"uv":[4.625,4,5,4.25],"rotation":180,"texture":"#0"},"south":{"uv":[5,4.25,5.2,4],"texture":"#0"},"west":{"uv":[4.625,4.25,5,4],"texture":"#0"},"up":{"uv":[4.875,3.95,5.25,3.75],"rotation":90,"texture":"#0"},"down":{"uv":[4.875,3.95,5.25,3.75],"rotation":270,"texture":"#0"}}},{"from":[6.75313,4.26347,16.80563],"to":[7.35313,5.26347,17.30563],"rotation":{"angle":22.5,"axis":"x","origin":[7.05313,7.44936,8]},"faces":{"north":{"uv":[5.25,3.9,5.5,3.75],"rotation":270,"texture":"#0"},"east":{"uv":[5.5,4.125,5.25,4],"rotation":90,"texture":"#0"},"south":{"uv":[5.25,3.9,5.5,3.75],"rotation":270,"texture":"#0"},"west":{"uv":[5.25,4.125,5.5,4],"rotation":270,"texture":"#0"},"up":{"uv":[5.25,4.25,5.4,4.125],"texture":"#0"},"down":{"uv":[5.25,4.25,5.4,4.125],"rotation":180,"texture":"#0"}}},{"from":[6.75313,3.92144,-0.47991],"to":[7.35313,4.92144,0.02009],"rotation":{"angle":-22.5,"axis":"x","origin":[7.05313,7.44936,8]},"faces":{"north":{"uv":[5.25,3.75,5.5,3.9],"rotation":270,"texture":"#0"},"east":{"uv":[5.5,4,5.25,4.125],"rotation":90,"texture":"#0"},"south":{"uv":[5.25,3.75,5.5,3.9],"rotation":270,"texture":"#0"},"west":{"uv":[5.25,4,5.5,4.125],"rotation":270,"texture":"#0"},"up":{"uv":[5.25,4.125,5.4,4.25],"texture":"#0"},"down":{"uv":[5.25,4.125,5.4,4.25],"rotation":180,"texture":"#0"}}},{"from":[6.65313,-1.59049,4.48126],"to":[7.45313,-0.59049,5.98126],"rotation":{"angle":22.5,"axis":"x","origin":[7.05313,7.44936,8]},"faces":{"north":{"uv":[5.2,4.25,5,4],"texture":"#0"},"east":{"uv":[5,4,4.625,4.25],"rotation":180,"texture":"#0"},"south":{"uv":[5.2,4.25,5,4],"texture":"#0"},"west":{"uv":[5,4.25,4.625,4],"texture":"#0"},"up":{"uv":[5.25,3.95,4.875,3.75],"rotation":90,"texture":"#0"},"down":{"uv":[5.25,3.95,4.875,3.75],"rotation":270,"texture":"#0"}}},{"from":[6.55313,2.12144,0.12009],"to":[7.55313,3.62144,2.12009],"rotation":{"angle":-22.5,"axis":"x","origin":[7.05313,7.44936,8]},"faces":{"north":{"uv":[4.625,3.625,4.875,4],"rotation":180,"texture":"#0"},"east":{"uv":[4.125,4,4.625,3.625],"texture":"#0"},"south":{"uv":[4.625,3.625,4.875,4],"rotation":180,"texture":"#0"},"west":{"uv":[4.125,3.625,4.625,4],"rotation":180,"texture":"#0"},"up":{"uv":[4.125,4,4.625,4.25],"rotation":270,"texture":"#0"},"down":{"uv":[4.125,4,4.625,4.25],"rotation":90,"texture":"#0"}}},{"from":[5.80313,1.54462,0.18455],"to":[8.30313,5.54462,3.68455],"rotation":{"angle":-45,"axis":"x","origin":[7.05313,7.44936,8]},"faces":{"north":{"uv":[3.625,2.5,2.625,1.875],"rotation":90,"texture":"#0"},"east":{"uv":[3.625,1.875,2.625,1],"rotation":270,"texture":"#0"},"south":{"uv":[3.625,2.5,2.625,1.875],"rotation":90,"texture":"#0"},"west":{"uv":[2.625,1.875,3.625,1],"rotation":90,"texture":"#0"},"up":{"uv":[2.75,3.375,2.125,2.5],"rotation":180,"texture":"#0"},"down":{"uv":[2.75,3.375,2.125,2.5],"texture":"#0"}}},{"from":[5.90313,0.69869,4.08016],"to":[8.20313,3.69869,7.08016],"rotation":{"angle":0,"axis":"y","origin":[7.05313,7.44936,8]},"faces":{"north":{"uv":[6.625,0,5.875,0.575],"rotation":90,"texture":"#0"},"east":{"uv":[4.5,0,3.75,0.75],"rotation":270,"texture":"#0"},"south":{"uv":[4.5,0.75,3.75,1.325],"rotation":90,"texture":"#0"},"west":{"uv":[3.75,0,4.5,0.75],"rotation":90,"texture":"#0"},"up":{"uv":[5.075,0,4.5,0.75],"rotation":180,"texture":"#0"},"down":{"uv":[5.075,0,4.5,0.75],"texture":"#0"}}},{"from":[6.00313,5.0058,2.53052],"to":[8.10313,7.5058,5.53052],"rotation":{"angle":-45,"axis":"x","origin":[7.05313,7.44936,8]},"faces":{"north":{"uv":[2.75,3.125,3.275,2.5],"texture":"#0"},"east":{"uv":[3.625,2,4.375,1.375],"rotation":180,"texture":"#0"},"south":{"uv":[2.75,3.125,3.275,2.5],"texture":"#0"},"west":{"uv":[3.625,1.375,4.375,2],"texture":"#0"},"up":{"uv":[3.625,3.05,4.375,2.525],"rotation":90,"texture":"#0"},"down":{"uv":[3.625,2.525,4.375,2],"rotation":270,"texture":"#0"}}},{"from":[6.10313,3.92216,5.84539],"to":[8.00313,6.92216,7.84539],"rotation":{"angle":0,"axis":"y","origin":[7.05313,7.44936,8]},"faces":{"north":{"uv":[5.125,0.975,5.875,0.5],"rotation":270,"texture":"#0"},"east":{"uv":[5.125,0.5,5.875,0],"rotation":270,"texture":"#0"},"south":{"uv":[5.125,0.975,5.875,0.5],"rotation":270,"texture":"#0"},"west":{"uv":[5.875,0.5,5.125,0],"rotation":90,"texture":"#0"},"up":{"uv":[2,2,2.475,1.5],"texture":"#0"},"down":{"uv":[2,2,2.475,1.5],"rotation":180,"texture":"#0"}}},{"from":[6.30313,7.21278,5.84267],"to":[7.80313,10.71278,7.34267],"rotation":{"angle":-45,"axis":"x","origin":[7.05313,7.44936,8]},"faces":{"north":{"uv":[4.5,2.125,5.375,1.75],"rotation":270,"texture":"#0"},"east":{"uv":[4.5,1.375,5.375,1],"rotation":270,"texture":"#0"},"south":{"uv":[4.5,1.75,5.375,1.375],"rotation":270,"texture":"#0"},"west":{"uv":[5.375,1.375,4.5,1],"rotation":90,"texture":"#0"},"up":{"uv":[5.375,1.375,5.75,1],"texture":"#0"},"down":{"uv":[5.375,1.375,5.75,1],"rotation":180,"texture":"#0"}}},{"from":[6.40313,9.51278,4.74267],"to":[7.70313,10.51278,6.24267],"rotation":{"angle":-45,"axis":"x","origin":[7.05313,7.44936,8]},"faces":{"north":{"uv":[4.375,2.825,4.625,2.5],"rotation":270,"texture":"#0"},"east":{"uv":[2.125,2.375,2.375,2],"rotation":270,"texture":"#0"},"south":{"uv":[4.375,2.825,4.625,2.5],"rotation":270,"texture":"#0"},"west":{"uv":[2.375,2.375,2.125,2],"rotation":90,"texture":"#0"},"up":{"uv":[4.375,2.5,4.7,2.125],"texture":"#0"},"down":{"uv":[4.75,2.5,5.075,2.125],"rotation":180,"texture":"#0"}}},{"from":[6.60313,6.10198,3.64804],"to":[7.50313,7.30198,4.34804],"rotation":{"angle":0,"axis":"y","origin":[7.05313,7.44936,8]},"faces":{"north":{"uv":[5.85,1.375,5.625,1.675],"texture":"#0"},"east":{"uv":[5.55,1.375,5.375,1.675],"rotation":180,"texture":"#0"},"south":{"uv":[5.85,1.75,5.625,2.05],"texture":"#0"},"west":{"uv":[5.55,1.675,5.375,1.375],"texture":"#0"},"up":{"uv":[5.55,1.75,5.375,1.975],"rotation":90,"texture":"#0"},"down":{"uv":[5.55,1.75,5.375,1.975],"rotation":270,"texture":"#0"}}},{"from":[6.70313,4.59033,4.63168],"to":[7.40313,5.09033,5.63168],"rotation":{"angle":22.5,"axis":"x","origin":[7.05313,7.44936,8]},"faces":{"north":{"uv":[5.125,2.25,5.3,2.125],"rotation":180,"texture":"#0"},"east":{"uv":[5.375,2.125,5.625,2],"texture":"#0"},"south":{"uv":[5.125,2.25,5.3,2.125],"rotation":180,"texture":"#0"},"west":{"uv":[5.375,2.125,5.625,2],"rotation":180,"texture":"#0"},"up":{"uv":[5.375,2.3,5.625,2.125],"rotation":270,"texture":"#0"},"down":{"uv":[5.375,2.3,5.625,2.125],"rotation":90,"texture":"#0"}}},{"from":[6.75313,26.08944,-1.47809],"to":[7.35313,27.08944,-0.97809],"rotation":{"angle":22.5,"axis":"x","origin":[7.05313,7.44936,8]},"faces":{"north":{"uv":[5.5,3.9,5.25,3.75],"rotation":90,"texture":"#0"},"east":{"uv":[5.25,4.125,5.5,4],"rotation":270,"texture":"#0"},"south":{"uv":[5.5,3.9,5.25,3.75],"rotation":90,"texture":"#0"},"west":{"uv":[5.5,4.125,5.25,4],"rotation":90,"texture":"#0"},"up":{"uv":[5.4,4.25,5.25,4.125],"rotation":180,"texture":"#0"},"down":{"uv":[5.4,4.25,5.25,4.125],"texture":"#0"}}},{"from":[6.65313,25.84907,13.92947],"to":[7.45313,27.34907,14.92947],"rotation":{"angle":-22.5,"axis":"x","origin":[7.05313,7.44936,8]},"faces":{"north":{"uv":[5.25,3.95,4.875,3.75],"rotation":90,"texture":"#0"},"east":{"uv":[5,4,4.625,4.25],"rotation":90,"texture":"#0"},"south":{"uv":[5.25,3.95,4.875,3.75],"rotation":90,"texture":"#0"},"west":{"uv":[5,4.25,4.625,4],"rotation":90,"texture":"#0"},"up":{"uv":[5.2,4.25,5,4],"rotation":180,"texture":"#0"},"down":{"uv":[5.2,4.25,5,4],"texture":"#0"}}},{"from":[6.55313,24.28944,-0.87809],"to":[7.55313,25.78944,1.12191],"rotation":{"angle":22.5,"axis":"x","origin":[7.05313,7.44936,8]},"faces":{"north":{"uv":[4.875,4,4.625,3.625],"texture":"#0"},"east":{"uv":[4.625,3.625,4.125,4],"rotation":180,"texture":"#0"},"south":{"uv":[4.875,4,4.625,3.625],"texture":"#0"},"west":{"uv":[4.625,4,4.125,3.625],"texture":"#0"},"up":{"uv":[4.625,4.25,4.125,4],"rotation":90,"texture":"#0"},"down":{"uv":[4.625,4.25,4.125,4],"rotation":270,"texture":"#0"}}},{"from":[6.75313,25.74742,17.80381],"to":[7.35313,26.74742,18.30381],"rotation":{"angle":-22.5,"axis":"x","origin":[7.05313,7.44936,8]},"faces":{"north":{"uv":[5.5,3.75,5.25,3.9],"rotation":90,"texture":"#0"},"east":{"uv":[5.25,4,5.5,4.125],"rotation":270,"texture":"#0"},"south":{"uv":[5.5,3.75,5.25,3.9],"rotation":90,"texture":"#0"},"west":{"uv":[5.5,4,5.25,4.125],"rotation":90,"texture":"#0"},"up":{"uv":[5.4,4.125,5.25,4.25],"rotation":180,"texture":"#0"},"down":{"uv":[5.4,4.125,5.25,4.25],"texture":"#0"}}},{"from":[6.65313,26.19109,1.89625],"to":[7.45313,27.69109,2.89625],"rotation":{"angle":22.5,"axis":"x","origin":[7.05313,7.44936,8]},"faces":{"north":{"uv":[5.25,3.75,4.875,3.95],"rotation":90,"texture":"#0"},"east":{"uv":[5,4.25,4.625,4],"rotation":90,"texture":"#0"},"south":{"uv":[5.25,3.75,4.875,3.95],"rotation":90,"texture":"#0"},"west":{"uv":[5,4,4.625,4.25],"rotation":90,"texture":"#0"},"up":{"uv":[5.2,4,5,4.25],"rotation":180,"texture":"#0"},"down":{"uv":[5.2,4,5,4.25],"texture":"#0"}}},{"from":[6.55313,23.94742,15.70381],"to":[7.55313,25.44742,17.70381],"rotation":{"angle":-22.5,"axis":"x","origin":[7.05313,7.44936,8]},"faces":{"north":{"uv":[4.625,4,4.875,3.625],"texture":"#0"},"east":{"uv":[4.125,3.625,4.625,4],"rotation":180,"texture":"#0"},"south":{"uv":[4.625,4,4.875,3.625],"texture":"#0"},"west":{"uv":[4.125,4,4.625,3.625],"texture":"#0"},"up":{"uv":[4.125,4.25,4.625,4],"rotation":90,"texture":"#0"},"down":{"uv":[4.125,4.25,4.625,4],"rotation":270,"texture":"#0"}}},{"from":[6.75313,24.2652,11.01155],"to":[7.35313,25.2652,11.51155],"rotation":{"angle":0,"axis":"y","origin":[7.05313,7.44936,8]},"faces":{"north":{"uv":[5.5,3.75,5.25,3.9],"rotation":90,"texture":"#0"},"east":{"uv":[5.25,4,5.5,4.125],"rotation":270,"texture":"#0"},"south":{"uv":[5.5,3.75,5.25,3.9],"rotation":90,"texture":"#0"},"west":{"uv":[5.5,4,5.25,4.125],"rotation":90,"texture":"#0"},"up":{"uv":[5.4,4.125,5.25,4.25],"rotation":180,"texture":"#0"},"down":{"uv":[5.4,4.125,5.25,4.25],"texture":"#0"}}},{"from":[6.65313,20.34015,-1.85852],"to":[7.45313,21.84015,-0.85852],"rotation":{"angle":45,"axis":"x","origin":[7.05313,7.44936,8]},"faces":{"north":{"uv":[5.25,3.75,4.875,3.95],"rotation":90,"texture":"#0"},"east":{"uv":[5,4.25,4.625,4],"rotation":90,"texture":"#0"},"south":{"uv":[5.25,3.75,4.875,3.95],"rotation":90,"texture":"#0"},"west":{"uv":[5,4,4.625,4.25],"rotation":90,"texture":"#0"},"up":{"uv":[5.2,4,5,4.25],"rotation":180,"texture":"#0"},"down":{"uv":[5.2,4,5,4.25],"texture":"#0"}}},{"from":[6.55313,22.4652,8.91155],"to":[7.55313,23.9652,10.91155],"rotation":{"angle":0,"axis":"y","origin":[7.05313,7.44936,8]},"faces":{"north":{"uv":[4.625,4,4.875,3.625],"texture":"#0"},"east":{"uv":[4.125,3.625,4.625,4],"rotation":180,"texture":"#0"},"south":{"uv":[4.625,4,4.875,3.625],"texture":"#0"},"west":{"uv":[4.125,4,4.625,3.625],"texture":"#0"},"up":{"uv":[4.125,4.25,4.625,4],"rotation":90,"texture":"#0"},"down":{"uv":[4.125,4.25,4.625,4],"rotation":270,"texture":"#0"}}},{"from":[6.75313,24.2652,5.3822],"to":[7.35313,25.2652,5.8822],"rotation":{"angle":0,"axis":"y","origin":[7.05313,7.44936,8]},"faces":{"north":{"uv":[5.5,3.9,5.25,3.75],"rotation":90,"texture":"#0"},"east":{"uv":[5.25,4.125,5.5,4],"rotation":270,"texture":"#0"},"south":{"uv":[5.5,3.9,5.25,3.75],"rotation":90,"texture":"#0"},"west":{"uv":[5.5,4.125,5.25,4],"rotation":90,"texture":"#0"},"up":{"uv":[5.4,4.25,5.25,4.125],"rotation":180,"texture":"#0"},"down":{"uv":[5.4,4.25,5.25,4.125],"texture":"#0"}}},{"from":[6.65313,19.70817,17.49049],"to":[7.45313,21.20817,18.49049],"rotation":{"angle":-45,"axis":"x","origin":[7.05313,7.44936,8]},"faces":{"north":{"uv":[5.25,3.95,4.875,3.75],"rotation":90,"texture":"#0"},"east":{"uv":[5,4,4.625,4.25],"rotation":90,"texture":"#0"},"south":{"uv":[5.25,3.95,4.875,3.75],"rotation":90,"texture":"#0"},"west":{"uv":[5,4.25,4.625,4],"rotation":90,"texture":"#0"},"up":{"uv":[5.2,4.25,5,4],"rotation":180,"texture":"#0"},"down":{"uv":[5.2,4.25,5,4],"texture":"#0"}}},{"from":[6.55313,22.4652,5.9822],"to":[7.55313,23.9652,7.9822],"rotation":{"angle":0,"axis":"y","origin":[7.05313,7.44936,8]},"faces":{"north":{"uv":[4.875,4,4.625,3.625],"texture":"#0"},"east":{"uv":[4.625,3.625,4.125,4],"rotation":180,"texture":"#0"},"south":{"uv":[4.875,4,4.625,3.625],"texture":"#0"},"west":{"uv":[4.625,4,4.125,3.625],"texture":"#0"},"up":{"uv":[4.625,4.25,4.125,4],"rotation":90,"texture":"#0"},"down":{"uv":[4.625,4.25,4.125,4],"rotation":270,"texture":"#0"}}},{"from":[6.75313,-14.2652,11.01155],"to":[7.35313,-13.2652,11.51155],"rotation":{"angle":0,"axis":"y","origin":[7.05313,7.44936,8]},"faces":{"north":{"uv":[5.25,3.75,5.5,3.9],"rotation":90,"texture":"#0"},"east":{"uv":[5.5,4,5.25,4.125],"rotation":270,"texture":"#0"},"south":{"uv":[5.25,3.75,5.5,3.9],"rotation":90,"texture":"#0"},"west":{"uv":[5.25,4,5.5,4.125],"rotation":90,"texture":"#0"},"up":{"uv":[5.25,4.125,5.4,4.25],"rotation":180,"texture":"#0"},"down":{"uv":[5.25,4.125,5.4,4.25],"texture":"#0"}}},{"from":[6.55313,-12.9652,8.91155],"to":[7.55313,-11.4652,10.91155],"rotation":{"angle":0,"axis":"y","origin":[7.05313,7.44936,8]},"faces":{"north":{"uv":[4.625,3.625,4.875,4],"texture":"#0"},"east":{"uv":[4.125,4,4.625,3.625],"rotation":180,"texture":"#0"},"south":{"uv":[4.625,3.625,4.875,4],"texture":"#0"},"west":{"uv":[4.125,3.625,4.625,4],"texture":"#0"},"up":{"uv":[4.125,4,4.625,4.25],"rotation":90,"texture":"#0"},"down":{"uv":[4.125,4,4.625,4.25],"rotation":270,"texture":"#0"}}},{"from":[6.65313,-9.69824,-4.61533],"to":[7.45313,-8.19824,-3.61533],"rotation":{"angle":-45,"axis":"x","origin":[7.05313,7.44936,8]},"faces":{"north":{"uv":[4.875,3.75,5.25,3.95],"rotation":90,"texture":"#0"},"east":{"uv":[4.625,4.25,5,4],"rotation":90,"texture":"#0"},"south":{"uv":[4.875,3.75,5.25,3.95],"rotation":90,"texture":"#0"},"west":{"uv":[4.625,4,5,4.25],"rotation":90,"texture":"#0"},"up":{"uv":[5,4,5.2,4.25],"rotation":180,"texture":"#0"},"down":{"uv":[5,4,5.2,4.25],"texture":"#0"}}},{"from":[6.55313,-12.9652,5.9822],"to":[7.55313,-11.4652,7.9822],"rotation":{"angle":0,"axis":"y","origin":[7.05313,7.44936,8]},"faces":{"north":{"uv":[4.875,3.625,4.625,4],"texture":"#0"},"east":{"uv":[4.625,4,4.125,3.625],"rotation":180,"texture":"#0"},"south":{"uv":[4.875,3.625,4.625,4],"texture":"#0"},"west":{"uv":[4.625,3.625,4.125,4],"texture":"#0"},"up":{"uv":[4.625,4,4.125,4.25],"rotation":90,"texture":"#0"},"down":{"uv":[4.625,4,4.125,4.25],"rotation":270,"texture":"#0"}}},{"from":[6.75313,-14.2652,5.3822],"to":[7.35313,-13.2652,5.8822],"rotation":{"angle":0,"axis":"y","origin":[7.05313,7.44936,8]},"faces":{"north":{"uv":[5.25,3.9,5.5,3.75],"rotation":90,"texture":"#0"},"east":{"uv":[5.5,4.125,5.25,4],"rotation":270,"texture":"#0"},"south":{"uv":[5.25,3.9,5.5,3.75],"rotation":90,"texture":"#0"},"west":{"uv":[5.25,4.125,5.5,4],"rotation":90,"texture":"#0"},"up":{"uv":[5.25,4.25,5.4,4.125],"rotation":180,"texture":"#0"},"down":{"uv":[5.25,4.25,5.4,4.125],"texture":"#0"}}},{"from":[6.65313,-9.06626,20.24731],"to":[7.45313,-7.56626,21.24731],"rotation":{"angle":45,"axis":"x","origin":[7.05313,7.44936,8]},"faces":{"north":{"uv":[4.875,3.95,5.25,3.75],"rotation":90,"texture":"#0"},"east":{"uv":[4.625,4,5,4.25],"rotation":90,"texture":"#0"},"south":{"uv":[4.875,3.95,5.25,3.75],"rotation":90,"texture":"#0"},"west":{"uv":[4.625,4.25,5,4],"rotation":90,"texture":"#0"},"up":{"uv":[5,4.25,5.2,4],"rotation":180,"texture":"#0"},"down":{"uv":[5,4.25,5.2,4],"texture":"#0"}}},{"from":[6.75313,2.02925,10.54003],"to":[7.35313,3.02925,11.04003],"rotation":{"angle":22.5,"axis":"x","origin":[7.05313,7.44936,8]},"faces":{"north":{"uv":[5.875,1.5,6.125,1.65],"rotation":90,"texture":"#0"},"east":{"uv":[5.875,1.375,6.125,1.5],"rotation":90,"texture":"#0"},"south":{"uv":[5.875,1.5,6.125,1.65],"rotation":90,"texture":"#0"},"west":{"uv":[5.875,1.375,6.125,1.5],"rotation":90,"texture":"#0"},"up":{"uv":[5.875,1.75,6.025,1.875],"rotation":180,"texture":"#0"},"down":{"uv":[5.875,1.75,6.025,1.875],"texture":"#0"}}},{"from":[5.80313,19.75066,20.93327],"to":[8.30313,21.75066,22.93327],"rotation":{"angle":-45,"axis":"x","origin":[7.05313,7.44936,8]},"faces":{"north":{"uv":[2,1.5,2.625,1],"texture":"#0"},"east":{"uv":[1.625,2.25,2.125,2.75],"texture":"#0"},"south":{"uv":[2,1,2.625,1.5],"texture":"#0"},"west":{"uv":[2.125,2.25,1.625,2.75],"texture":"#0"},"up":{"uv":[1.625,2.75,2.125,3.375],"rotation":90,"texture":"#0"},"down":{"uv":[2.125,2.75,1.625,3.375],"rotation":270,"texture":"#0"}}},{"from":[7.05313,24.74888,-5.55589],"to":[7.05313,25.24888,14.44411],"rotation":{"angle":-22.5,"axis":"x","origin":[7.05313,7.44936,8]},"faces":{"north":{"uv":[15.125,5,15.25,0],"rotation":90,"texture":"#missing"},"east":{"uv":[5,5.625,0,5.75],"texture":"#0"},"south":{"uv":[15.125,5,15.25,0],"rotation":90,"texture":"#missing"},"west":{"uv":[0,5.625,5,5.75],"texture":"#0"},"up":{"uv":[0,0,0,5],"rotation":270,"texture":"#missing"},"down":{"uv":[0,0,0,5],"rotation":270,"texture":"#missing"}}},{"from":[7.05313,7,9.94687],"to":[7.05313,27,10.44687],"rotation":{"angle":0,"axis":"y","origin":[7.05313,7.44936,8]},"faces":{"north":{"uv":[0,0,0,5],"rotation":90,"texture":"#missing"},"east":{"uv":[0,5.625,5,5.75],"rotation":90,"texture":"#0"},"south":{"uv":[0,0,0,5],"rotation":270,"texture":"#missing"},"west":{"uv":[5,5.625,0,5.75],"rotation":270,"texture":"#0"},"up":{"uv":[15.125,5,15.25,0],"rotation":90,"texture":"#missing"},"down":{"uv":[15.125,5,15.25,0],"rotation":270,"texture":"#missing"}}},{"from":[7.05313,23.1491,-9.86867],"to":[7.05313,26.6491,-5.86867],"rotation":{"angle":-22.5,"axis":"x","origin":[7.05313,7.44936,8]},"faces":{"north":{"uv":[15.125,5,15.25,0],"rotation":90,"texture":"#missing"},"east":{"uv":[11.875,2.375,10.875,3.25],"texture":"#0"},"south":{"uv":[15.125,5,15.25,0],"rotation":90,"texture":"#missing"},"west":{"uv":[10.875,2.375,11.875,3.25],"texture":"#0"},"up":{"uv":[0,0,0,5],"rotation":270,"texture":"#missing"},"down":{"uv":[0,0,0,5],"rotation":270,"texture":"#missing"}}},{"from":[6.75313,24.61781,-3.01685],"to":[7.35313,25.61781,-2.51685],"rotation":{"angle":-22.5,"axis":"x","origin":[7.05313,7.44936,8]},"faces":{"north":{"uv":[5.875,1.5,6.125,1.65],"rotation":90,"texture":"#0"},"east":{"uv":[5.875,1.375,6.125,1.5],"rotation":90,"texture":"#0"},"south":{"uv":[5.875,1.5,6.125,1.65],"rotation":90,"texture":"#0"},"west":{"uv":[5.875,1.375,6.125,1.5],"rotation":90,"texture":"#0"},"up":{"uv":[5.875,1.75,6.025,1.875],"rotation":180,"texture":"#0"},"down":{"uv":[5.875,1.75,6.025,1.875],"texture":"#0"}}},{"from":[6.55313,25.91781,-5.11685],"to":[7.55313,27.41781,-3.11685],"rotation":{"angle":-22.5,"axis":"x","origin":[7.05313,7.44936,8]},"faces":{"north":{"uv":[5.5,3.125,5.75,3.5],"texture":"#0"},"east":{"uv":[5.5,3.125,5,3.5],"texture":"#0"},"south":{"uv":[5.5,3.125,5.75,3.5],"texture":"#0"},"west":{"uv":[5,3.125,5.5,3.5],"texture":"#0"},"up":{"uv":[5,3.5,5.5,3.75],"rotation":90,"texture":"#0"},"down":{"uv":[5,3.5,5.5,3.75],"rotation":270,"texture":"#0"}}},{"from":[6.05313,8.80889,-15.5964],"to":[8.05313,12.30889,-13.5964],"rotation":{"angle":22.5,"axis":"x","origin":[7.05313,7.44936,8]},"faces":{"north":{"uv":[4.125,3.125,5,3.625],"rotation":270,"texture":"#0"},"east":{"uv":[4.125,3.125,3.25,3.625],"rotation":90,"texture":"#0"},"south":{"uv":[4.125,3.125,5,3.625],"rotation":270,"texture":"#0"},"west":{"uv":[3.25,3.125,4.125,3.625],"rotation":270,"texture":"#0"},"up":{"uv":[3.625,3.625,4.125,4.125],"texture":"#0"},"down":{"uv":[3.0625,3.625,3.5625,4.125],"rotation":180,"texture":"#0"}}},{"from":[6.35313,9.00889,-15.5964],"to":[7.75313,10.50889,-13.0964],"rotation":{"angle":22.5,"axis":"x","origin":[7.05313,7.44936,8]},"faces":{"north":{"uv":[5.25,2.75,5.6,3.125],"rotation":180,"texture":"#0"},"east":{"uv":[4.625,2.5,5.25,2.875],"texture":"#0"},"south":{"uv":[5.25,2.75,5.6,3.125],"rotation":180,"texture":"#0"},"west":{"uv":[4.625,2.5,5.25,2.875],"rotation":180,"texture":"#0"},"up":{"uv":[5.25,2.375,5.875,2.725],"rotation":270,"texture":"#0"},"down":{"uv":[5.25,2.3875,5.875,2.7375],"rotation":90,"texture":"#0"}}},{"from":[6.65313,12.40889,-13.76641],"to":[7.45313,13.40889,-12.26641],"rotation":{"angle":22.5,"axis":"x","origin":[7.05313,7.44936,8]},"faces":{"north":{"uv":[5.75,1.125,5.95,1.375],"texture":"#0"},"east":{"uv":[5.875,0.875,6.25,0.625],"rotation":180,"texture":"#0"},"south":{"uv":[5.75,1.125,5.95,1.375],"texture":"#0"},"west":{"uv":[5.875,0.625,6.25,0.875],"texture":"#0"},"up":{"uv":[5.875,0.875,6.25,1.075],"rotation":90,"texture":"#0"},"down":{"uv":[5.875,0.875,6.25,1.075],"rotation":270,"texture":"#0"}}}],"gui_light":"front","display":{"thirdperson_righthand":{"translation":[0.75,9.5,1.5],"scale":[0.8,0.8,0.8]},"thirdperson_lefthand":{"translation":[-0.75,9.5,1.5],"scale":[0.8,0.8,0.8]},"firstperson_righthand":{"translation":[3.5,6.5,0],"scale":[0.42031,0.42031,0.42031]},"firstperson_lefthand":{"translation":[3.5,6.5,0],"scale":[0.42031,0.42031,0.42031]},"ground":{"rotation":[-45,0,0],"translation":[0,11,0],"scale":[0.6,0.6,0.6]},"gui":{"rotation":[-90,-45,-90],"translation":[-1,0.5,-0.25],"scale":[0.37109,0.37109,0.37109]},"head":{"rotation":[-180,0,0],"translation":[0,11,1.75],"scale":[0,0,0]},"fixed":{"rotation":[0,-90,0],"translation":[0,10,-1.25],"scale":[1.6,1.6,1.6]}}}