{"credit":"MadewithBlockbench","texture_size":[64,64],"textures":{"0":"elitecreatures/darkflame_animated_weapon_set/darkflame_01_texture","1":"elitecreatures/darkflame_animated_weapon_set/darkflame_animation_01texture","2":"elitecreatures/darkflame_animated_weapon_set/drakflame_animation_02texture","particle":"elitecreatures/darkflame_animated_weapon_set/darkflame_01_texture"},"elements":[{"from":[7.65385,10,6.55385],"to":[10.65385,12,9.55385],"rotation":{"angle":0,"axis":"y","origin":[7.5,5.09848,8.05385]},"faces":{"north":{"uv":[0.75,1.75,0,2.25],"texture":"#0"},"east":{"uv":[0.8125,1.0125,0.0625,1.5125],"texture":"#0"},"south":{"uv":[0.75,1.75,0,2.25],"texture":"#0"},"west":{"uv":[0.8125,1.0125,0.0625,1.5125],"texture":"#0"},"up":{"uv":[2.4375,4.875,1.6875,4.125],"rotation":90,"texture":"#0"},"down":{"uv":[1.25,4.125,0.5,3.375],"rotation":270,"texture":"#0"}}},{"from":[8.15385,10,5.55385],"to":[10.15385,11,10.55385],"rotation":{"angle":0,"axis":"y","origin":[7.5,5.09848,8.05385]},"faces":{"north":{"uv":[3.25,3.125,2.75,3.375],"texture":"#0"},"east":{"uv":[2.9375,3.3875,1.6875,3.6375],"texture":"#0"},"south":{"uv":[3.25,3.125,2.75,3.375],"texture":"#0"},"west":{"uv":[2.9375,3.3875,1.6875,3.6375],"texture":"#0"},"up":{"uv":[2.875,4.125,1.625,3.625],"rotation":90,"texture":"#0"},"down":{"uv":[2.875,4.125,1.625,3.625],"rotation":270,"texture":"#0"}}},{"from":[7.70385,5,6.55385],"to":[10.40385,7,9.55385],"rotation":{"angle":0,"axis":"y","origin":[7.5,5.09848,8.05385]},"faces":{"north":{"uv":[0.75,1.75,1.5,2.25],"texture":"#0"},"east":{"uv":[0.75,1.75,1.5,2.25],"texture":"#0"},"south":{"uv":[0.75,1.75,1.5,2.25],"texture":"#0"},"west":{"uv":[0.75,1.75,1.5,2.25],"texture":"#0"},"up":{"uv":[1.25,1.0375,2,1.7125],"rotation":90,"texture":"#0"},"down":{"uv":[1.25,1.0375,2,1.7125],"rotation":270,"texture":"#0"}}},{"from":[8.55385,1,7.05385],"to":[10.55385,3,9.05385],"rotation":{"angle":0,"axis":"y","origin":[7.5,5.09848,8.05385]},"faces":{"north":{"uv":[1.5,1.75,2,2.25],"texture":"#0"},"east":{"uv":[1.5,1.75,2,2.25],"texture":"#0"},"south":{"uv":[1.5,1.75,2,2.25],"texture":"#0"},"west":{"uv":[1.5,1.75,2,2.25],"texture":"#0"},"up":{"uv":[0,3.5,0.5,4],"rotation":90,"texture":"#0"},"down":{"uv":[0,3.5,0.5,4],"rotation":270,"texture":"#0"}}},{"from":[8.30385,0.99331,3.94869],"to":[10.80385,2.99331,5.94869],"rotation":{"angle":-45,"axis":"x","origin":[7.5,5.09848,8.05385]},"faces":{"north":{"uv":[2,1.5,2.625,1],"texture":"#0"},"east":{"uv":[1.625,2.25,2.125,2.75],"texture":"#0"},"south":{"uv":[2,1,2.625,1.5],"texture":"#0"},"west":{"uv":[2.125,2.25,1.625,2.75],"texture":"#0"},"up":{"uv":[1.625,2.75,2.125,3.375],"rotation":90,"texture":"#0"},"down":{"uv":[2.125,2.75,1.625,3.375],"rotation":270,"texture":"#0"}}},{"from":[7.05385,6,5.30385],"to":[11.05385,10,10.80385],"rotation":{"angle":0,"axis":"y","origin":[7.5,5.09848,8.05385]},"faces":{"north":{"uv":[1.375,1,2.375,0],"texture":"#0"},"east":{"uv":[0,1,1.375,0],"texture":"#0"},"south":{"uv":[1.375,1,2.375,0],"texture":"#0"},"west":{"uv":[0,1,1.375,0],"texture":"#0"},"up":{"uv":[3.75,1,2.375,0],"rotation":90,"texture":"#0"},"down":{"uv":[3.75,1,2.375,0],"rotation":270,"texture":"#0"}}},{"from":[11.15385,6,5.30385],"to":[11.15385,10,10.80385],"rotation":{"angle":0,"axis":"y","origin":[7.5,5.09848,8.05385]},"faces":{"east":{"uv":[11,0,0,8],"texture":"#1"},"west":{"uv":[11,0,0,8],"texture":"#1"}}},{"from":[6.95385,6,5.30385],"to":[6.95385,10,10.80385],"rotation":{"angle":0,"axis":"y","origin":[7.5,5.09848,8.05385]},"faces":{"east":{"uv":[0,0,11,8],"texture":"#1"},"west":{"uv":[0,0,11,8],"texture":"#1"}}},{"from":[11.05385,6,5.30385],"to":[11.55385,7,10.80385],"rotation":{"angle":0,"axis":"y","origin":[7.5,5.09848,8.05385]},"faces":{"north":{"uv":[1.375,4.375,1.5,4.125],"texture":"#0"},"east":{"uv":[0,4.375,1.375,4.125],"texture":"#0"},"south":{"uv":[1.375,4.375,1.5,4.125],"texture":"#0"},"west":{"uv":[0,4.375,1.375,4.125],"texture":"#0"},"up":{"uv":[1.375,4.5,0,4.375],"rotation":90,"texture":"#0"},"down":{"uv":[1.375,4.5,0,4.375],"rotation":270,"texture":"#0"}}},{"from":[11.05385,7,10.30385],"to":[11.55385,8.5,10.80385],"rotation":{"angle":0,"axis":"y","origin":[7.5,5.09848,8.05385]},"faces":{"north":{"uv":[1.375,3.875,1.5,3.5],"texture":"#0"},"east":{"uv":[1.25,3.875,1.375,3.5],"texture":"#0"},"south":{"uv":[1.375,3.875,1.5,3.5],"texture":"#0"},"west":{"uv":[1.25,3.875,1.375,3.5],"texture":"#0"},"up":{"uv":[1.375,4,1.25,3.875],"rotation":90,"texture":"#0"},"down":{"uv":[1.375,4,1.25,3.875],"rotation":270,"texture":"#0"}}},{"from":[11.05385,7,5.30385],"to":[11.55385,8.5,5.80385],"rotation":{"angle":0,"axis":"y","origin":[7.5,5.09848,8.05385]},"faces":{"north":{"uv":[1.5,3.875,1.375,3.5],"texture":"#0"},"east":{"uv":[1.375,3.875,1.25,3.5],"texture":"#0"},"south":{"uv":[1.5,3.875,1.375,3.5],"texture":"#0"},"west":{"uv":[1.375,3.875,1.25,3.5],"texture":"#0"},"up":{"uv":[1.25,4,1.375,3.875],"rotation":90,"texture":"#0"},"down":{"uv":[1.25,4,1.375,3.875],"rotation":270,"texture":"#0"}}},{"from":[11.05385,7,7.30385],"to":[11.55385,7.5,8.80385],"rotation":{"angle":0,"axis":"y","origin":[7.5,5.09848,8.05385]},"faces":{"north":{"uv":[1.25,4,1.375,3.875],"rotation":90,"texture":"#0"},"east":{"uv":[1.375,3.875,1.25,3.5],"rotation":270,"texture":"#0"},"south":{"uv":[1.25,4,1.375,3.875],"rotation":90,"texture":"#0"},"west":{"uv":[1.375,3.875,1.25,3.5],"rotation":90,"texture":"#0"},"up":{"uv":[1.5,3.875,1.375,3.5],"rotation":180,"texture":"#0"},"down":{"uv":[1.5,3.875,1.375,3.5],"texture":"#0"}}},{"from":[11.05385,7.5,7.80385],"to":[11.55385,9,8.30385],"rotation":{"angle":0,"axis":"y","origin":[7.5,5.09848,8.05385]},"faces":{"north":{"uv":[1.5,3.875,1.375,3.5],"texture":"#0"},"east":{"uv":[1.625,3.875,1.5,3.5],"texture":"#0"},"south":{"uv":[1.5,3.875,1.375,3.5],"texture":"#0"},"west":{"uv":[1.375,3.875,1.25,3.5],"texture":"#0"},"up":{"uv":[1.25,4,1.375,3.875],"rotation":90,"texture":"#0"},"down":{"uv":[1.25,4,1.375,3.875],"rotation":270,"texture":"#0"}}},{"from":[7.80385,1.79539,8.98824],"to":[10.30385,5.79539,12.48824],"rotation":{"angle":-45,"axis":"x","origin":[7.5,5.09848,8.05385]},"faces":{"north":{"uv":[3.625,2.5,2.625,1.875],"rotation":270,"texture":"#0"},"east":{"uv":[3.625,1.875,2.625,1],"rotation":90,"texture":"#0"},"south":{"uv":[3.625,2.5,2.625,1.875],"rotation":270,"texture":"#0"},"west":{"uv":[2.625,1.875,3.625,1],"rotation":270,"texture":"#0"},"up":{"uv":[2.75,3.375,2.125,2.5],"texture":"#0"},"down":{"uv":[2.75,3.375,2.125,2.5],"rotation":180,"texture":"#0"}}},{"from":[7.90385,2.77588,10.26541],"to":[10.20385,5.77588,13.26541],"rotation":{"angle":0,"axis":"y","origin":[7.5,5.09848,8.05385]},"faces":{"north":{"uv":[4.5,0.75,3.75,1.325],"rotation":270,"texture":"#0"},"east":{"uv":[4.5,0,3.75,0.75],"rotation":90,"texture":"#0"},"south":{"uv":[6.625,0,5.875,0.575],"rotation":270,"texture":"#0"},"west":{"uv":[3.75,0,4.5,0.75],"rotation":270,"texture":"#0"},"up":{"uv":[5.075,0,4.5,0.75],"texture":"#0"},"down":{"uv":[5.075,0,4.5,0.75],"rotation":180,"texture":"#0"}}},{"from":[8.00385,-0.16579,7.14227],"to":[10.10385,2.33421,10.14227],"rotation":{"angle":-45,"axis":"x","origin":[7.5,5.09848,8.05385]},"faces":{"north":{"uv":[2.75,3.125,3.275,2.5],"rotation":180,"texture":"#0"},"east":{"uv":[3.625,2,4.375,1.375],"texture":"#0"},"south":{"uv":[2.75,3.125,3.275,2.5],"rotation":180,"texture":"#0"},"west":{"uv":[3.625,1.375,4.375,2],"rotation":180,"texture":"#0"},"up":{"uv":[3.625,2.525,4.375,2],"rotation":270,"texture":"#0"},"down":{"uv":[3.625,3.05,4.375,2.525],"rotation":90,"texture":"#0"}}},{"from":[8.10385,-0.44758,9.50018],"to":[10.00385,2.55242,11.50018],"rotation":{"angle":0,"axis":"y","origin":[7.5,5.09848,8.05385]},"faces":{"north":{"uv":[5.125,0.975,5.875,0.5],"rotation":90,"texture":"#0"},"east":{"uv":[5.125,0.5,5.875,0],"rotation":90,"texture":"#0"},"south":{"uv":[5.125,0.975,5.875,0.5],"rotation":90,"texture":"#0"},"west":{"uv":[5.875,0.5,5.125,0],"rotation":270,"texture":"#0"},"up":{"uv":[2,2,2.475,1.5],"rotation":180,"texture":"#0"},"down":{"uv":[2,2,2.475,1.5],"texture":"#0"}}},{"from":[8.30385,-3.37277,5.33012],"to":[9.80385,0.12723,6.83012],"rotation":{"angle":-45,"axis":"x","origin":[7.5,5.09848,8.05385]},"faces":{"north":{"uv":[4.5,1.75,5.375,1.375],"rotation":90,"texture":"#0"},"east":{"uv":[4.5,1.375,5.375,1],"rotation":90,"texture":"#0"},"south":{"uv":[4.5,2.125,5.375,1.75],"rotation":90,"texture":"#0"},"west":{"uv":[5.375,1.375,4.5,1],"rotation":270,"texture":"#0"},"up":{"uv":[5.375,1.375,5.75,1],"rotation":180,"texture":"#0"},"down":{"uv":[5.375,1.375,5.75,1],"texture":"#0"}}},{"from":[8.40385,-3.17277,6.43012],"to":[9.70385,-2.17277,7.93012],"rotation":{"angle":-45,"axis":"x","origin":[7.5,5.09848,8.05385]},"faces":{"north":{"uv":[4.375,2.825,4.625,2.5],"rotation":90,"texture":"#0"},"east":{"uv":[2.125,2.375,2.375,2],"rotation":90,"texture":"#0"},"south":{"uv":[4.375,2.825,4.625,2.5],"rotation":90,"texture":"#0"},"west":{"uv":[2.375,2.375,2.125,2],"rotation":270,"texture":"#0"},"up":{"uv":[4.75,2.5,5.075,2.125],"rotation":180,"texture":"#0"},"down":{"uv":[4.375,2.5,4.7,2.125],"texture":"#0"}}},{"from":[8.70385,2.34086,13.9397],"to":[9.40385,2.84086,14.9397],"rotation":{"angle":22.5,"axis":"x","origin":[7.5,5.09848,8.05385]},"faces":{"north":{"uv":[5.3,2.125,5.125,2.25],"rotation":180,"texture":"#0"},"east":{"uv":[5.625,2,5.375,2.125],"texture":"#0"},"south":{"uv":[5.3,2.125,5.125,2.25],"rotation":180,"texture":"#0"},"west":{"uv":[5.625,2,5.375,2.125],"rotation":180,"texture":"#0"},"up":{"uv":[5.625,2.125,5.375,2.3],"rotation":270,"texture":"#0"},"down":{"uv":[5.625,2.125,5.375,2.3],"rotation":90,"texture":"#0"}}},{"from":[8.60385,-0.8274,12.99753],"to":[9.50385,0.3726,13.69753],"rotation":{"angle":0,"axis":"y","origin":[7.5,5.09848,8.05385]},"faces":{"north":{"uv":[5.85,1.75,5.625,2.05],"rotation":180,"texture":"#0"},"east":{"uv":[5.55,1.375,5.375,1.675],"texture":"#0"},"south":{"uv":[5.85,1.375,5.625,1.675],"rotation":180,"texture":"#0"},"west":{"uv":[5.55,1.675,5.375,1.375],"rotation":180,"texture":"#0"},"up":{"uv":[5.55,1.75,5.375,1.975],"rotation":270,"texture":"#0"},"down":{"uv":[5.55,1.75,5.375,1.975],"rotation":90,"texture":"#0"}}},{"from":[1.69783,12.2743,10.05385],"to":[4.19783,13.2743,11.55385],"rotation":{"angle":-22.5,"axis":"z","origin":[7.5,5.09848,8.05385]},"faces":{"north":{"uv":[4.375,4.875,5,4.625],"rotation":180,"texture":"#0"},"east":{"uv":[4.375,5.125,4.75,4.875],"rotation":180,"texture":"#0"},"south":{"uv":[4.375,4.875,5,4.625],"rotation":180,"texture":"#0"},"west":{"uv":[4.375,5.125,4.75,4.875],"rotation":180,"texture":"#0"},"up":{"uv":[4.375,4.625,5,4.25],"rotation":180,"texture":"#0"},"down":{"uv":[5,4.625,4.375,4.25],"texture":"#0"}}},{"from":[7.15336,14.40812,10.25385],"to":[9.15336,14.90812,11.35385],"rotation":{"angle":22.5,"axis":"z","origin":[7.5,5.09848,8.05385]},"faces":{"north":{"uv":[5.5,4.75,5,4.625],"rotation":180,"texture":"#0"},"east":{"uv":[5,4.875,5.275,4.75],"rotation":180,"texture":"#0"},"south":{"uv":[5,4.75,5.5,4.625],"rotation":180,"texture":"#0"},"west":{"uv":[5,4.875,5.275,4.75],"rotation":180,"texture":"#0"},"up":{"uv":[5,4.525,5.5,4.25],"rotation":180,"texture":"#0"},"down":{"uv":[5,4.525,5.5,4.25],"texture":"#0"}}},{"from":[9.66327,10.24702,9.65385],"to":[11.16327,13.24702,11.65385],"rotation":{"angle":22.5,"axis":"z","origin":[7.5,5.09848,8.05385]},"faces":{"north":{"uv":[4.375,4.25,3.625,4.625],"rotation":90,"texture":"#0"},"east":{"uv":[4.375,4.625,3.625,5.125],"rotation":90,"texture":"#0"},"south":{"uv":[4.375,4.25,3.625,4.625],"rotation":90,"texture":"#0"},"west":{"uv":[4.375,4.625,3.625,5.125],"rotation":90,"texture":"#0"},"up":{"uv":[4.125,5.125,3.625,5.5],"rotation":90,"texture":"#0"},"down":{"uv":[4.125,5.125,3.625,5.5],"rotation":270,"texture":"#0"}}},{"from":[7.49031,8.3985,9.25385],"to":[8.99031,11.3985,11.25385],"rotation":{"angle":0,"axis":"y","origin":[7.5,5.09848,8.05385]},"faces":{"north":{"uv":[4.375,4.25,3.625,4.625],"rotation":90,"texture":"#0"},"east":{"uv":[3.625,4.625,4.375,5.125],"rotation":90,"texture":"#0"},"south":{"uv":[4.375,4.25,3.625,4.625],"rotation":90,"texture":"#0"},"west":{"uv":[3.625,4.625,4.375,5.125],"rotation":90,"texture":"#0"},"up":{"uv":[4.125,5.125,3.625,5.5],"rotation":90,"texture":"#0"},"down":{"uv":[4.125,5.125,3.625,5.5],"rotation":270,"texture":"#0"}}},{"from":[7.15336,14.40812,4.75385],"to":[9.15336,14.90812,5.85385],"rotation":{"angle":22.5,"axis":"z","origin":[7.5,5.09848,8.05385]},"faces":{"north":{"uv":[5.5,4.75,5,4.625],"rotation":180,"texture":"#0"},"east":{"uv":[5.275,4.875,5,4.75],"rotation":180,"texture":"#0"},"south":{"uv":[5,4.75,5.5,4.625],"rotation":180,"texture":"#0"},"west":{"uv":[5.275,4.875,5,4.75],"rotation":180,"texture":"#0"},"up":{"uv":[5,4.25,5.5,4.525],"rotation":180,"texture":"#0"},"down":{"uv":[5,4.25,5.5,4.525],"texture":"#0"}}},{"from":[1.69783,12.2743,4.55385],"to":[4.19783,13.2743,6.05385],"rotation":{"angle":-22.5,"axis":"z","origin":[7.5,5.09848,8.05385]},"faces":{"north":{"uv":[5,4.875,4.375,4.625],"rotation":180,"texture":"#0"},"east":{"uv":[4.75,5.125,4.375,4.875],"rotation":180,"texture":"#0"},"south":{"uv":[5,4.875,4.375,4.625],"rotation":180,"texture":"#0"},"west":{"uv":[4.75,5.125,4.375,4.875],"rotation":180,"texture":"#0"},"up":{"uv":[4.375,4.25,5,4.625],"rotation":180,"texture":"#0"},"down":{"uv":[5,4.25,4.375,4.625],"texture":"#0"}}},{"from":[9.66327,10.24702,4.45385],"to":[11.16327,13.24702,6.45385],"rotation":{"angle":22.5,"axis":"z","origin":[7.5,5.09848,8.05385]},"faces":{"north":{"uv":[4.375,4.625,3.625,4.25],"rotation":90,"texture":"#0"},"east":{"uv":[4.375,5.125,3.625,4.625],"rotation":90,"texture":"#0"},"south":{"uv":[4.375,4.625,3.625,4.25],"rotation":90,"texture":"#0"},"west":{"uv":[4.375,5.125,3.625,4.625],"rotation":90,"texture":"#0"},"up":{"uv":[3.625,5.125,4.125,5.5],"rotation":90,"texture":"#0"},"down":{"uv":[3.625,5.125,4.125,5.5],"rotation":270,"texture":"#0"}}},{"from":[7.49031,8.3985,4.85385],"to":[8.99031,11.3985,6.85385],"rotation":{"angle":0,"axis":"y","origin":[7.5,5.09848,8.05385]},"faces":{"north":{"uv":[4.375,4.625,3.625,4.25],"rotation":90,"texture":"#0"},"east":{"uv":[3.625,5.125,4.375,4.625],"rotation":90,"texture":"#0"},"south":{"uv":[4.375,4.625,3.625,4.25],"rotation":90,"texture":"#0"},"west":{"uv":[3.625,5.125,4.375,4.625],"rotation":90,"texture":"#0"},"up":{"uv":[3.625,5.125,4.125,5.5],"rotation":90,"texture":"#0"},"down":{"uv":[3.625,5.125,4.125,5.5],"rotation":270,"texture":"#0"}}},{"from":[0.86019,12.66627,7.30385],"to":[3.86019,13.66627,8.80385],"rotation":{"angle":-22.5,"axis":"z","origin":[7.5,5.09848,8.05385]},"faces":{"north":{"uv":[6.375,4.375,7.125,4.125],"rotation":180,"texture":"#0"},"east":{"uv":[7.5,4.375,7.125,4.125],"rotation":180,"texture":"#0"},"south":{"uv":[7.125,4.375,6.375,4.125],"rotation":180,"texture":"#0"},"west":{"uv":[7.5,4.375,7.125,4.125],"rotation":180,"texture":"#0"},"up":{"uv":[6.875,3.75,7.625,4.125],"rotation":180,"texture":"#0"},"down":{"uv":[7.625,3.75,6.875,4.125],"texture":"#0"}}},{"from":[6.40887,15.17198,7.50385],"to":[8.90887,15.67198,8.60385],"rotation":{"angle":22.5,"axis":"z","origin":[7.5,5.09848,8.05385]},"faces":{"north":{"uv":[7,4.875,6.375,4.75],"rotation":180,"texture":"#0"},"east":{"uv":[6.275,4.875,6,4.75],"rotation":180,"texture":"#0"},"south":{"uv":[6.375,4.875,7,4.75],"rotation":180,"texture":"#0"},"west":{"uv":[6.275,4.875,6,4.75],"rotation":180,"texture":"#0"},"up":{"uv":[6.375,4.375,7,4.65],"rotation":180,"texture":"#0"},"down":{"uv":[6.375,4.375,7,4.65],"texture":"#0"}}},{"from":[9.66327,10.24702,7.05385],"to":[11.16327,13.74702,9.05385],"rotation":{"angle":22.5,"axis":"z","origin":[7.5,5.09848,8.05385]},"faces":{"north":{"uv":[6.375,4.125,5.5,3.75],"rotation":90,"texture":"#0"},"east":{"uv":[6.375,4.625,5.5,4.125],"rotation":90,"texture":"#0"},"south":{"uv":[6.375,4.125,5.5,3.75],"rotation":90,"texture":"#0"},"west":{"uv":[6.375,4.625,5.5,4.125],"rotation":90,"texture":"#0"},"up":{"uv":[6.375,3.75,6.875,4.125],"rotation":90,"texture":"#0"},"down":{"uv":[6.375,3.75,6.875,4.125],"rotation":270,"texture":"#0"}}},{"from":[8.55385,0.19169,10.5861],"to":[9.55385,2.19169,12.0861],"rotation":{"angle":-45,"axis":"x","origin":[7.5,5.09848,8.05385]},"faces":{"north":{"uv":[4.625,4,4.125,4.25],"rotation":270,"texture":"#0"},"east":{"uv":[4.625,4,4.125,3.625],"rotation":270,"texture":"#0"},"south":{"uv":[4.625,4,4.125,4.25],"rotation":270,"texture":"#0"},"west":{"uv":[4.625,3.625,4.125,4],"rotation":270,"texture":"#0"},"up":{"uv":[4.875,3.625,4.625,4],"texture":"#0"},"down":{"uv":[4.875,3.625,4.625,4],"rotation":180,"texture":"#0"}}},{"from":[8.65385,3.71892,13.52825],"to":[9.45385,4.71892,15.02825],"rotation":{"angle":0,"axis":"y","origin":[7.5,5.09848,8.05385]},"faces":{"north":{"uv":[5.2,4,5,4.25],"rotation":180,"texture":"#0"},"east":{"uv":[5,4.25,4.625,4],"texture":"#0"},"south":{"uv":[5.2,4,5,4.25],"rotation":180,"texture":"#0"},"west":{"uv":[5,4,4.625,4.25],"rotation":180,"texture":"#0"},"up":{"uv":[5.25,3.75,4.875,3.95],"rotation":270,"texture":"#0"},"down":{"uv":[5.25,3.75,4.875,3.95],"rotation":90,"texture":"#0"}}},{"from":[8.75385,-0.40831,12.3861],"to":[9.35385,0.09169,13.3861],"rotation":{"angle":-45,"axis":"x","origin":[7.5,5.09848,8.05385]},"faces":{"north":{"uv":[5.25,4.25,5.4,4.125],"texture":"#0"},"east":{"uv":[5.5,4.125,5.25,4],"texture":"#0"},"south":{"uv":[5.25,4.25,5.4,4.125],"texture":"#0"},"west":{"uv":[5.25,4.125,5.5,4],"texture":"#0"},"up":{"uv":[5.25,3.9,5.5,3.75],"rotation":90,"texture":"#0"},"down":{"uv":[5.25,3.9,5.5,3.75],"rotation":270,"texture":"#0"}}},{"from":[8.70385,2.34086,1.16801],"to":[9.40385,2.84086,2.16801],"rotation":{"angle":-22.5,"axis":"x","origin":[7.5,5.09848,8.05385]},"faces":{"north":{"uv":[5.125,2.125,5.3,2.25],"rotation":180,"texture":"#0"},"east":{"uv":[5.375,2,5.625,2.125],"texture":"#0"},"south":{"uv":[5.125,2.125,5.3,2.25],"rotation":180,"texture":"#0"},"west":{"uv":[5.375,2,5.625,2.125],"rotation":180,"texture":"#0"},"up":{"uv":[5.375,2.125,5.625,2.3],"rotation":270,"texture":"#0"},"down":{"uv":[5.375,2.125,5.625,2.3],"rotation":90,"texture":"#0"}}},{"from":[8.40385,-3.17277,8.17759],"to":[9.70385,-2.17277,9.67759],"rotation":{"angle":45,"axis":"x","origin":[7.5,5.09848,8.05385]},"faces":{"north":{"uv":[4.375,2.5,4.625,2.825],"rotation":90,"texture":"#0"},"east":{"uv":[2.125,2,2.375,2.375],"rotation":90,"texture":"#0"},"south":{"uv":[4.375,2.5,4.625,2.825],"rotation":90,"texture":"#0"},"west":{"uv":[2.375,2,2.125,2.375],"rotation":270,"texture":"#0"},"up":{"uv":[4.75,2.125,5.075,2.5],"rotation":180,"texture":"#0"},"down":{"uv":[4.375,2.125,4.7,2.5],"texture":"#0"}}},{"from":[8.30385,-3.37277,9.27759],"to":[9.80385,0.12723,10.77759],"rotation":{"angle":45,"axis":"x","origin":[7.5,5.09848,8.05385]},"faces":{"north":{"uv":[4.5,1.75,5.375,2.125],"rotation":90,"texture":"#0"},"east":{"uv":[4.5,1,5.375,1.375],"rotation":90,"texture":"#0"},"south":{"uv":[4.5,1.375,5.375,1.75],"rotation":90,"texture":"#0"},"west":{"uv":[5.375,1,4.5,1.375],"rotation":270,"texture":"#0"},"up":{"uv":[5.375,1,5.75,1.375],"rotation":180,"texture":"#0"},"down":{"uv":[5.375,1,5.75,1.375],"texture":"#0"}}},{"from":[8.60385,-0.8274,2.41018],"to":[9.50385,0.3726,3.11018],"rotation":{"angle":0,"axis":"y","origin":[7.5,5.09848,8.05385]},"faces":{"north":{"uv":[5.625,1.375,5.85,1.675],"rotation":180,"texture":"#0"},"east":{"uv":[5.375,1.375,5.55,1.675],"texture":"#0"},"south":{"uv":[5.625,1.75,5.85,2.05],"rotation":180,"texture":"#0"},"west":{"uv":[5.375,1.675,5.55,1.375],"rotation":180,"texture":"#0"},"up":{"uv":[5.375,1.75,5.55,1.975],"rotation":270,"texture":"#0"},"down":{"uv":[5.375,1.75,5.55,1.975],"rotation":90,"texture":"#0"}}},{"from":[8.10385,-0.44758,4.60752],"to":[10.00385,2.55242,6.60752],"rotation":{"angle":0,"axis":"y","origin":[7.5,5.09848,8.05385]},"faces":{"north":{"uv":[5.125,0.5,5.875,0.975],"rotation":90,"texture":"#0"},"east":{"uv":[5.125,0,5.875,0.5],"rotation":90,"texture":"#0"},"south":{"uv":[5.125,0.5,5.875,0.975],"rotation":90,"texture":"#0"},"west":{"uv":[5.875,0,5.125,0.5],"rotation":270,"texture":"#0"},"up":{"uv":[2,1.5,2.475,2],"rotation":180,"texture":"#0"},"down":{"uv":[2,1.5,2.475,2],"texture":"#0"}}},{"from":[8.00385,-0.16579,5.96544],"to":[10.10385,2.33421,8.96544],"rotation":{"angle":45,"axis":"x","origin":[7.5,5.09848,8.05385]},"faces":{"north":{"uv":[3.275,3.125,2.75,2.5],"rotation":180,"texture":"#0"},"east":{"uv":[4.375,2,3.625,1.375],"texture":"#0"},"south":{"uv":[3.275,3.125,2.75,2.5],"rotation":180,"texture":"#0"},"west":{"uv":[4.375,1.375,3.625,2],"rotation":180,"texture":"#0"},"up":{"uv":[4.375,2.525,3.625,2],"rotation":270,"texture":"#0"},"down":{"uv":[4.375,3.05,3.625,2.525],"rotation":90,"texture":"#0"}}},{"from":[7.80385,1.79539,3.61947],"to":[10.30385,5.79539,7.11947],"rotation":{"angle":45,"axis":"x","origin":[7.5,5.09848,8.05385]},"faces":{"north":{"uv":[3.625,1.875,2.625,2.5],"rotation":270,"texture":"#0"},"east":{"uv":[3.625,1,2.625,1.875],"rotation":90,"texture":"#0"},"south":{"uv":[3.625,1.875,2.625,2.5],"rotation":270,"texture":"#0"},"west":{"uv":[2.625,1,3.625,1.875],"rotation":270,"texture":"#0"},"up":{"uv":[2.75,2.5,2.125,3.375],"texture":"#0"},"down":{"uv":[2.75,2.5,2.125,3.375],"rotation":180,"texture":"#0"}}},{"from":[7.90385,2.77588,2.8423],"to":[10.20385,5.77588,5.8423],"rotation":{"angle":0,"axis":"y","origin":[7.5,5.09848,8.05385]},"faces":{"north":{"uv":[6.625,0.575,5.875,0],"rotation":270,"texture":"#0"},"east":{"uv":[4.5,0.75,3.75,0],"rotation":90,"texture":"#0"},"south":{"uv":[4.5,1.325,3.75,0.75],"rotation":270,"texture":"#0"},"west":{"uv":[3.75,0.75,4.5,0],"rotation":270,"texture":"#0"},"up":{"uv":[5.075,0.75,4.5,0],"texture":"#0"},"down":{"uv":[5.075,0.75,4.5,0],"rotation":180,"texture":"#0"}}},{"from":[8.55385,0.19169,4.02161],"to":[9.55385,2.19169,5.52161],"rotation":{"angle":45,"axis":"x","origin":[7.5,5.09848,8.05385]},"faces":{"north":{"uv":[4.625,4.25,4.125,4],"rotation":270,"texture":"#0"},"east":{"uv":[4.625,3.625,4.125,4],"rotation":270,"texture":"#0"},"south":{"uv":[4.625,4.25,4.125,4],"rotation":270,"texture":"#0"},"west":{"uv":[4.625,4,4.125,3.625],"rotation":270,"texture":"#0"},"up":{"uv":[4.875,4,4.625,3.625],"texture":"#0"},"down":{"uv":[4.875,4,4.625,3.625],"rotation":180,"texture":"#0"}}},{"from":[8.75385,-0.40831,2.72161],"to":[9.35385,0.09169,3.72161],"rotation":{"angle":45,"axis":"x","origin":[7.5,5.09848,8.05385]},"faces":{"north":{"uv":[5.4,4.25,5.25,4.125],"texture":"#0"},"east":{"uv":[5.25,4.125,5.5,4],"texture":"#0"},"south":{"uv":[5.4,4.25,5.25,4.125],"texture":"#0"},"west":{"uv":[5.5,4.125,5.25,4],"texture":"#0"},"up":{"uv":[5.5,3.9,5.25,3.75],"rotation":90,"texture":"#0"},"down":{"uv":[5.5,3.9,5.25,3.75],"rotation":270,"texture":"#0"}}},{"from":[8.65385,3.71892,1.07945],"to":[9.45385,4.71892,2.57945],"rotation":{"angle":0,"axis":"y","origin":[7.5,5.09848,8.05385]},"faces":{"north":{"uv":[5,4,5.2,4.25],"rotation":180,"texture":"#0"},"east":{"uv":[4.625,4.25,5,4],"texture":"#0"},"south":{"uv":[5,4,5.2,4.25],"rotation":180,"texture":"#0"},"west":{"uv":[4.625,4,5,4.25],"rotation":180,"texture":"#0"},"up":{"uv":[4.875,3.75,5.25,3.95],"rotation":270,"texture":"#0"},"down":{"uv":[4.875,3.75,5.25,3.95],"rotation":90,"texture":"#0"}}},{"from":[9.25385,-1.14468,4.12012],"to":[9.85385,-0.14468,4.62012],"rotation":{"angle":-22.5,"axis":"x","origin":[7.5,5.09848,8.05385]},"faces":{"north":{"uv":[5.25,3.9,5.5,3.75],"rotation":90,"texture":"#0"},"east":{"uv":[5.5,4.125,5.25,4],"rotation":270,"texture":"#0"},"south":{"uv":[5.25,3.9,5.5,3.75],"rotation":90,"texture":"#0"},"west":{"uv":[5.25,4.125,5.5,4],"rotation":90,"texture":"#0"},"up":{"uv":[5.25,4.25,5.4,4.125],"rotation":180,"texture":"#0"},"down":{"uv":[5.25,4.25,5.4,4.125],"texture":"#0"}}},{"from":[9.15385,-1.46459,8.38992],"to":[9.95385,0.03541,9.38992],"rotation":{"angle":22.5,"axis":"x","origin":[7.5,5.09848,8.05385]},"faces":{"north":{"uv":[5.25,3.75,4.875,3.95],"rotation":270,"texture":"#0"},"east":{"uv":[5,4.25,4.625,4],"rotation":270,"texture":"#0"},"south":{"uv":[5.25,3.75,4.875,3.95],"rotation":270,"texture":"#0"},"west":{"uv":[5,4,4.625,4.25],"rotation":270,"texture":"#0"},"up":{"uv":[5.2,4,5,4.25],"texture":"#0"},"down":{"uv":[5.2,4,5,4.25],"rotation":180,"texture":"#0"}}},{"from":[9.05385,0.05532,4.72012],"to":[10.05385,1.55532,6.72012],"rotation":{"angle":-22.5,"axis":"x","origin":[7.5,5.09848,8.05385]},"faces":{"north":{"uv":[4.875,3.625,4.625,4],"texture":"#0"},"east":{"uv":[4.625,4,4.125,3.625],"rotation":180,"texture":"#0"},"south":{"uv":[4.875,3.625,4.625,4],"texture":"#0"},"west":{"uv":[4.625,3.625,4.125,4],"texture":"#0"},"up":{"uv":[4.625,4,4.125,4.25],"rotation":90,"texture":"#0"},"down":{"uv":[4.625,4,4.125,4.25],"rotation":270,"texture":"#0"}}},{"from":[9.25385,-1.14468,11.48759],"to":[9.85385,-0.14468,11.98759],"rotation":{"angle":22.5,"axis":"x","origin":[7.5,5.09848,8.05385]},"faces":{"north":{"uv":[5.25,3.75,5.5,3.9],"rotation":90,"texture":"#0"},"east":{"uv":[5.5,4,5.25,4.125],"rotation":270,"texture":"#0"},"south":{"uv":[5.25,3.75,5.5,3.9],"rotation":90,"texture":"#0"},"west":{"uv":[5.25,4,5.5,4.125],"rotation":90,"texture":"#0"},"up":{"uv":[5.25,4.125,5.4,4.25],"rotation":180,"texture":"#0"},"down":{"uv":[5.25,4.125,5.4,4.25],"texture":"#0"}}},{"from":[9.15385,-1.46459,6.71779],"to":[9.95385,0.03541,7.71779],"rotation":{"angle":-22.5,"axis":"x","origin":[7.5,5.09848,8.05385]},"faces":{"north":{"uv":[5.25,3.95,4.875,3.75],"rotation":270,"texture":"#0"},"east":{"uv":[5,4,4.625,4.25],"rotation":270,"texture":"#0"},"south":{"uv":[5.25,3.95,4.875,3.75],"rotation":270,"texture":"#0"},"west":{"uv":[5,4.25,4.625,4],"rotation":270,"texture":"#0"},"up":{"uv":[5.2,4.25,5,4],"texture":"#0"},"down":{"uv":[5.2,4.25,5,4],"rotation":180,"texture":"#0"}}},{"from":[9.05385,0.05532,9.38759],"to":[10.05385,1.55532,11.38759],"rotation":{"angle":22.5,"axis":"x","origin":[7.5,5.09848,8.05385]},"faces":{"north":{"uv":[4.625,3.625,4.875,4],"texture":"#0"},"east":{"uv":[4.125,4,4.625,3.625],"rotation":180,"texture":"#0"},"south":{"uv":[4.625,3.625,4.875,4],"texture":"#0"},"west":{"uv":[4.125,3.625,4.625,4],"texture":"#0"},"up":{"uv":[4.125,4,4.625,4.25],"rotation":90,"texture":"#0"},"down":{"uv":[4.125,4,4.625,4.25],"rotation":270,"texture":"#0"}}},{"from":[8.75385,9.07032,6.21991],"to":[9.35385,10.07032,6.71991],"rotation":{"angle":22.5,"axis":"x","origin":[7.5,5.09848,8.05385]},"faces":{"north":{"uv":[5.875,1.5,6.125,1.65],"rotation":90,"texture":"#0"},"east":{"uv":[5.875,1.375,6.125,1.5],"rotation":90,"texture":"#0"},"south":{"uv":[5.875,1.5,6.125,1.65],"rotation":90,"texture":"#0"},"west":{"uv":[5.875,1.375,6.125,1.5],"rotation":90,"texture":"#0"},"up":{"uv":[5.875,1.75,6.025,1.875],"rotation":180,"texture":"#0"},"down":{"uv":[5.875,1.75,6.025,1.875],"texture":"#0"}}},{"from":[5.45385,7.7,4.85385],"to":[5.95385,8.3,5.85385],"rotation":{"angle":0,"axis":"y","origin":[7.5,5.09848,8.05385]},"faces":{"north":{"uv":[5.875,1.75,6.025,1.875],"rotation":90,"texture":"#0"},"east":{"uv":[5.875,1.5,6.125,1.65],"rotation":180,"texture":"#0"},"south":{"uv":[5.875,1.75,6.025,1.875],"rotation":270,"texture":"#0"},"west":{"uv":[5.875,1.5,6.125,1.65],"texture":"#0"},"up":{"uv":[5.875,1.375,6.125,1.5],"rotation":90,"texture":"#0"},"down":{"uv":[5.875,1.375,6.125,1.5],"rotation":270,"texture":"#0"}}},{"from":[3.24138,7.6,5.75511],"to":[4.24138,8.4,7.25511],"rotation":{"angle":-45,"axis":"y","origin":[7.5,5.09848,8.05385]},"faces":{"north":{"uv":[5.75,1.125,5.95,1.375],"rotation":90,"texture":"#0"},"east":{"uv":[5.875,0.875,6.25,1.075],"rotation":180,"texture":"#0"},"south":{"uv":[5.75,1.125,5.95,1.375],"rotation":270,"texture":"#0"},"west":{"uv":[5.875,0.875,6.25,1.075],"texture":"#0"},"up":{"uv":[5.875,0.875,6.25,0.625],"rotation":90,"texture":"#0"},"down":{"uv":[5.875,0.625,6.25,0.875],"rotation":270,"texture":"#0"}}},{"from":[6.05385,7.5,3.05385],"to":[8.05385,8.5,4.55385],"rotation":{"angle":0,"axis":"y","origin":[7.5,5.09848,8.05385]},"faces":{"north":{"uv":[5,3.5,5.5,3.75],"texture":"#0"},"east":{"uv":[5.5,3.125,5.75,3.5],"rotation":90,"texture":"#0"},"south":{"uv":[5,3.5,5.5,3.75],"rotation":180,"texture":"#0"},"west":{"uv":[5.5,3.125,5.75,3.5],"rotation":270,"texture":"#0"},"up":{"uv":[5.5,3.125,5,3.5],"texture":"#0"},"down":{"uv":[5,3.125,5.5,3.5],"rotation":180,"texture":"#0"}}},{"from":[4.34138,7,3.95511],"to":[7.84138,9,5.95511],"rotation":{"angle":-45,"axis":"y","origin":[7.5,5.09848,8.05385]},"faces":{"north":{"uv":[4.125,3.125,5,3.625],"texture":"#0"},"east":{"uv":[3.0625,3.625,3.5625,4.125],"rotation":90,"texture":"#0"},"south":{"uv":[4.125,3.125,5,3.625],"rotation":180,"texture":"#0"},"west":{"uv":[3.625,3.625,4.125,4.125],"rotation":270,"texture":"#0"},"up":{"uv":[4.125,3.125,3.25,3.625],"texture":"#0"},"down":{"uv":[3.25,3.125,4.125,3.625],"rotation":180,"texture":"#0"}}},{"from":[3.98783,3,4.30867],"to":[7.48783,5,6.30867],"rotation":{"angle":-45,"axis":"y","origin":[7.5,5.09848,8.05385]},"faces":{"north":{"uv":[4.125,3.125,5,3.625],"texture":"#0"},"east":{"uv":[3.0625,3.625,3.5625,4.125],"rotation":90,"texture":"#0"},"south":{"uv":[4.125,3.125,5,3.625],"rotation":180,"texture":"#0"},"west":{"uv":[3.625,3.625,4.125,4.125],"rotation":270,"texture":"#0"},"up":{"uv":[4.125,3.125,3.25,3.625],"texture":"#0"},"down":{"uv":[3.25,3.125,4.125,3.625],"rotation":180,"texture":"#0"}}},{"from":[5.55385,3.5,3.05385],"to":[7.55385,4.5,4.55385],"rotation":{"angle":0,"axis":"y","origin":[7.5,5.09848,8.05385]},"faces":{"north":{"uv":[5,3.5,5.5,3.75],"texture":"#0"},"east":{"uv":[5.5,3.125,5.75,3.5],"rotation":90,"texture":"#0"},"south":{"uv":[5,3.5,5.5,3.75],"rotation":180,"texture":"#0"},"west":{"uv":[5.5,3.125,5.75,3.5],"rotation":270,"texture":"#0"},"up":{"uv":[5.5,3.125,5,3.5],"texture":"#0"},"down":{"uv":[5,3.125,5.5,3.5],"rotation":180,"texture":"#0"}}},{"from":[2.88783,3.6,6.10867],"to":[3.88783,4.4,7.60867],"rotation":{"angle":-45,"axis":"y","origin":[7.5,5.09848,8.05385]},"faces":{"north":{"uv":[5.75,1.125,5.95,1.375],"rotation":90,"texture":"#0"},"east":{"uv":[5.875,0.875,6.25,1.075],"rotation":180,"texture":"#0"},"south":{"uv":[5.75,1.125,5.95,1.375],"rotation":270,"texture":"#0"},"west":{"uv":[5.875,0.875,6.25,1.075],"texture":"#0"},"up":{"uv":[5.875,0.875,6.25,0.625],"rotation":90,"texture":"#0"},"down":{"uv":[5.875,0.625,6.25,0.875],"rotation":270,"texture":"#0"}}},{"from":[4.95385,3.7,4.85385],"to":[5.45385,4.3,5.85385],"rotation":{"angle":0,"axis":"y","origin":[7.5,5.09848,8.05385]},"faces":{"north":{"uv":[5.875,1.75,6.025,1.875],"rotation":90,"texture":"#0"},"east":{"uv":[5.875,1.5,6.125,1.65],"rotation":180,"texture":"#0"},"south":{"uv":[5.875,1.75,6.025,1.875],"rotation":270,"texture":"#0"},"west":{"uv":[5.875,1.5,6.125,1.65],"texture":"#0"},"up":{"uv":[5.875,1.375,6.125,1.5],"rotation":90,"texture":"#0"},"down":{"uv":[5.875,1.375,6.125,1.5],"rotation":270,"texture":"#0"}}},{"from":[4.34138,7,10.15259],"to":[7.84138,9,12.15259],"rotation":{"angle":45,"axis":"y","origin":[7.5,5.09848,8.05385]},"faces":{"north":{"uv":[5,3.125,4.125,3.625],"rotation":180,"texture":"#0"},"east":{"uv":[3.0625,4.125,3.5625,3.625],"rotation":90,"texture":"#0"},"south":{"uv":[5,3.125,4.125,3.625],"texture":"#0"},"west":{"uv":[3.625,4.125,4.125,3.625],"rotation":270,"texture":"#0"},"up":{"uv":[4.125,3.625,3.25,3.125],"texture":"#0"},"down":{"uv":[3.25,3.625,4.125,3.125],"rotation":180,"texture":"#0"}}},{"from":[3.24138,7.6,8.85259],"to":[4.24138,8.4,10.35259],"rotation":{"angle":45,"axis":"y","origin":[7.5,5.09848,8.05385]},"faces":{"north":{"uv":[5.75,1.375,5.95,1.125],"rotation":270,"texture":"#0"},"east":{"uv":[6.25,0.875,5.875,1.075],"rotation":180,"texture":"#0"},"south":{"uv":[5.75,1.375,5.95,1.125],"rotation":90,"texture":"#0"},"west":{"uv":[6.25,0.875,5.875,1.075],"texture":"#0"},"up":{"uv":[6.25,0.875,5.875,0.625],"rotation":90,"texture":"#0"},"down":{"uv":[6.25,0.625,5.875,0.875],"rotation":270,"texture":"#0"}}},{"from":[5.45385,7.7,10.25385],"to":[5.95385,8.3,11.25385],"rotation":{"angle":0,"axis":"y","origin":[7.5,5.09848,8.05385]},"faces":{"north":{"uv":[5.875,1.875,6.025,1.75],"rotation":270,"texture":"#0"},"east":{"uv":[6.125,1.5,5.875,1.65],"rotation":180,"texture":"#0"},"south":{"uv":[5.875,1.875,6.025,1.75],"rotation":90,"texture":"#0"},"west":{"uv":[6.125,1.5,5.875,1.65],"texture":"#0"},"up":{"uv":[6.125,1.375,5.875,1.5],"rotation":90,"texture":"#0"},"down":{"uv":[6.125,1.375,5.875,1.5],"rotation":270,"texture":"#0"}}},{"from":[6.05385,7.5,11.55385],"to":[8.05385,8.5,13.05385],"rotation":{"angle":0,"axis":"y","origin":[7.5,5.09848,8.05385]},"faces":{"north":{"uv":[5.5,3.5,5,3.75],"rotation":180,"texture":"#0"},"east":{"uv":[5.5,3.5,5.75,3.125],"rotation":90,"texture":"#0"},"south":{"uv":[5.5,3.5,5,3.75],"texture":"#0"},"west":{"uv":[5.5,3.5,5.75,3.125],"rotation":270,"texture":"#0"},"up":{"uv":[5.5,3.5,5,3.125],"texture":"#0"},"down":{"uv":[5,3.5,5.5,3.125],"rotation":180,"texture":"#0"}}},{"from":[3.98783,3,9.79904],"to":[7.48783,5,11.79904],"rotation":{"angle":45,"axis":"y","origin":[7.5,5.09848,8.05385]},"faces":{"north":{"uv":[5,3.125,4.125,3.625],"rotation":180,"texture":"#0"},"east":{"uv":[3.0625,4.125,3.5625,3.625],"rotation":90,"texture":"#0"},"south":{"uv":[5,3.125,4.125,3.625],"texture":"#0"},"west":{"uv":[3.625,4.125,4.125,3.625],"rotation":270,"texture":"#0"},"up":{"uv":[4.125,3.625,3.25,3.125],"texture":"#0"},"down":{"uv":[3.25,3.625,4.125,3.125],"rotation":180,"texture":"#0"}}},{"from":[5.55385,3.5,11.55385],"to":[7.55385,4.5,13.05385],"rotation":{"angle":0,"axis":"y","origin":[7.5,5.09848,8.05385]},"faces":{"north":{"uv":[5.5,3.5,5,3.75],"rotation":180,"texture":"#0"},"east":{"uv":[5.5,3.5,5.75,3.125],"rotation":90,"texture":"#0"},"south":{"uv":[5.5,3.5,5,3.75],"texture":"#0"},"west":{"uv":[5.5,3.5,5.75,3.125],"rotation":270,"texture":"#0"},"up":{"uv":[5.5,3.5,5,3.125],"texture":"#0"},"down":{"uv":[5,3.5,5.5,3.125],"rotation":180,"texture":"#0"}}},{"from":[4.95385,3.7,10.25385],"to":[5.45385,4.3,11.25385],"rotation":{"angle":0,"axis":"y","origin":[7.5,5.09848,8.05385]},"faces":{"north":{"uv":[5.875,1.875,6.025,1.75],"rotation":270,"texture":"#0"},"east":{"uv":[6.125,1.5,5.875,1.65],"rotation":180,"texture":"#0"},"south":{"uv":[5.875,1.875,6.025,1.75],"rotation":90,"texture":"#0"},"west":{"uv":[6.125,1.5,5.875,1.65],"texture":"#0"},"up":{"uv":[6.125,1.375,5.875,1.5],"rotation":90,"texture":"#0"},"down":{"uv":[6.125,1.375,5.875,1.5],"rotation":270,"texture":"#0"}}},{"from":[2.88783,3.6,8.49904],"to":[3.88783,4.4,9.99904],"rotation":{"angle":45,"axis":"y","origin":[7.5,5.09848,8.05385]},"faces":{"north":{"uv":[5.75,1.375,5.95,1.125],"rotation":270,"texture":"#0"},"east":{"uv":[6.25,0.875,5.875,1.075],"rotation":180,"texture":"#0"},"south":{"uv":[5.75,1.375,5.95,1.125],"rotation":90,"texture":"#0"},"west":{"uv":[6.25,0.875,5.875,1.075],"texture":"#0"},"up":{"uv":[6.25,0.875,5.875,0.625],"rotation":90,"texture":"#0"},"down":{"uv":[6.25,0.625,5.875,0.875],"rotation":270,"texture":"#0"}}},{"from":[5.78783,7.3,4.30156],"to":[7.28783,8.7,6.80156],"rotation":{"angle":-45,"axis":"y","origin":[7.5,5.09848,8.05385]},"faces":{"north":{"uv":[5.25,2.75,5.6,3.125],"rotation":270,"texture":"#0"},"east":{"uv":[5.25,2.3875,5.875,2.7375],"texture":"#0"},"south":{"uv":[5.25,2.75,5.6,3.125],"rotation":90,"texture":"#0"},"west":{"uv":[5.25,2.375,5.875,2.725],"rotation":180,"texture":"#0"},"up":{"uv":[4.625,2.5,5.25,2.875],"rotation":270,"texture":"#0"},"down":{"uv":[4.625,2.5,5.25,2.875],"rotation":90,"texture":"#0"}}},{"from":[8.80385,3,7.05385],"to":[10.30385,5,9.05385],"rotation":{"angle":0,"axis":"y","origin":[7.5,5.09848,8.05385]},"faces":{"north":{"uv":[0,2.25,0.5,2.75],"texture":"#0"},"east":{"uv":[0,2.25,0.5,2.75],"texture":"#0"},"south":{"uv":[0,2.25,0.5,2.75],"texture":"#0"},"west":{"uv":[0,2.25,0.5,2.75],"texture":"#0"},"up":{"uv":[0,2.75,0.5,3.125],"rotation":90,"texture":"#0"},"down":{"uv":[0,2.75,0.5,3.125],"rotation":270,"texture":"#0"}}},{"from":[8.30385,2,6.55385],"to":[10.80385,4,9.55385],"rotation":{"angle":0,"axis":"y","origin":[7.5,5.09848,8.05385]},"faces":{"north":{"uv":[0.5,2.25,1.25,2.75],"texture":"#0"},"east":{"uv":[0.5,2.25,1.25,2.75],"texture":"#0"},"south":{"uv":[0.5,2.25,1.25,2.75],"texture":"#0"},"west":{"uv":[0.5,2.25,1.25,2.75],"texture":"#0"},"up":{"uv":[0.5,2.75,1.25,3.375],"rotation":90,"texture":"#0"},"down":{"uv":[0.5,2.75,1.25,3.375],"rotation":270,"texture":"#0"}}},{"from":[9.05385,-8.5,3.05385],"to":[9.05385,-0.5,13.05385],"rotation":{"angle":0,"axis":"y","origin":[7.5,5.09848,8.05385]},"faces":{"east":{"uv":[0,0,8,10],"rotation":90,"texture":"#2"},"west":{"uv":[8,0,0,10],"rotation":270,"texture":"#2"}}},{"from":[7.05385,1.29661,8.14539],"to":[7.05385,9.29661,18.14539],"rotation":{"angle":-45,"axis":"x","origin":[7.5,5.09848,8.05385]},"faces":{"east":{"uv":[0,0,8,10],"rotation":90,"texture":"#2"},"west":{"uv":[8,0,0,10],"rotation":270,"texture":"#2"}}},{"from":[7.05385,1.29661,-2.03768],"to":[7.05385,9.29661,7.96232],"rotation":{"angle":45,"axis":"x","origin":[7.5,5.09848,8.05385]},"faces":{"east":{"uv":[0,10,8,0],"rotation":90,"texture":"#2"},"west":{"uv":[8,10,0,0],"rotation":270,"texture":"#2"}}}],"gui_light":"front","display":{"thirdperson_righthand":{"rotation":[-90,0,0],"translation":[2.25,-2,1.5],"scale":[0.7,0.7,0.7]},"thirdperson_lefthand":{"rotation":[-90,-180,0],"translation":[2.25,-2,1.5],"scale":[0.7,0.7,0.7]},"firstperson_righthand":{"rotation":[-90,0,0],"translation":[2.25,5,0.5],"scale":[0.50039,0.50039,0.50039]},"firstperson_lefthand":{"rotation":[-90,-180,0],"translation":[2.25,5,0.5],"scale":[0.50039,0.50039,0.50039]},"ground":{"translation":[0,9,0],"scale":[0.67227,0.67227,0.67227]},"gui":{"rotation":[30,135,0],"translation":[0.25,1.75,-1],"scale":[0.86523,0.86523,0.86523]},"head":{"rotation":[-180,0,0],"translation":[0,11,1.75],"scale":[0,0,0]},"fixed":{"rotation":[0,90,0],"translation":[0,4,-3.75],"scale":[1.26211,1.26211,1.26211]}}}