{"credit":"MadewithBlockbench","texture_size":[64,64],"textures":{"0":"elitecreatures/darkflame_animated_weapon_set/darkflame_01_texture","1":"elitecreatures/darkflame_animated_weapon_set/darkflame_animation_01texture","2":"elitecreatures/darkflame_animated_weapon_set/drakflame_animation_02texture","particle":"elitecreatures/darkflame_animated_weapon_set/darkflame_01_texture"},"elements":[{"from":[6.70381,1,7.04619],"to":[8.20381,3,9.04619],"rotation":{"angle":0,"axis":"y","origin":[7.45381,4.38364,8]},"faces":{"north":{"uv":[0,2.25,0.5,2.75],"texture":"#0"},"east":{"uv":[0,2.25,0.5,2.75],"texture":"#0"},"south":{"uv":[0,2.25,0.5,2.75],"texture":"#0"},"west":{"uv":[0,2.25,0.5,2.75],"texture":"#0"},"up":{"uv":[0,2.75,0.5,3.125],"rotation":90,"texture":"#0"},"down":{"uv":[0,2.75,0.5,3.125],"rotation":270,"texture":"#0"}}},{"from":[6.70381,4,7.04619],"to":[8.20381,6,9.04619],"rotation":{"angle":0,"axis":"y","origin":[7.45381,4.38364,8]},"faces":{"north":{"uv":[0,2.25,0.5,2.75],"texture":"#0"},"east":{"uv":[0,2.25,0.5,2.75],"texture":"#0"},"south":{"uv":[0,2.25,0.5,2.75],"texture":"#0"},"west":{"uv":[0,2.25,0.5,2.75],"texture":"#0"},"up":{"uv":[0,2.75,0.5,3.125],"rotation":90,"texture":"#0"},"down":{"uv":[0,2.75,0.5,3.125],"rotation":270,"texture":"#0"}}},{"from":[6.20381,3,6.54619],"to":[8.70381,5,9.54619],"rotation":{"angle":0,"axis":"y","origin":[7.45381,4.38364,8]},"faces":{"north":{"uv":[0.5,2.25,1.25,2.75],"texture":"#0"},"east":{"uv":[0.5,2.25,1.25,2.75],"texture":"#0"},"south":{"uv":[0.5,2.25,1.25,2.75],"texture":"#0"},"west":{"uv":[0.5,2.25,1.25,2.75],"texture":"#0"},"up":{"uv":[0.5,2.75,1.25,3.375],"rotation":90,"texture":"#0"},"down":{"uv":[0.5,2.75,1.25,3.375],"rotation":270,"texture":"#0"}}},{"from":[6.70381,7,7.04619],"to":[8.20381,9,9.04619],"rotation":{"angle":0,"axis":"y","origin":[7.45381,4.38364,8]},"faces":{"north":{"uv":[0,2.25,0.5,2.75],"texture":"#0"},"east":{"uv":[0,2.25,0.5,2.75],"texture":"#0"},"south":{"uv":[0,2.25,0.5,2.75],"texture":"#0"},"west":{"uv":[0,2.25,0.5,2.75],"texture":"#0"},"up":{"uv":[0,2.75,0.5,3.125],"rotation":90,"texture":"#0"},"down":{"uv":[0,2.75,0.5,3.125],"rotation":270,"texture":"#0"}}},{"from":[6.20381,6,6.54619],"to":[8.70381,8,9.54619],"rotation":{"angle":0,"axis":"y","origin":[7.45381,4.38364,8]},"faces":{"north":{"uv":[0.5,2.25,1.25,2.75],"texture":"#0"},"east":{"uv":[0.5,2.25,1.25,2.75],"texture":"#0"},"south":{"uv":[0.5,2.25,1.25,2.75],"texture":"#0"},"west":{"uv":[0.5,2.25,1.25,2.75],"texture":"#0"},"up":{"uv":[0.5,2.75,1.25,3.375],"rotation":90,"texture":"#0"},"down":{"uv":[0.5,2.75,1.25,3.375],"rotation":270,"texture":"#0"}}},{"from":[6.45381,-9,7.04619],"to":[8.45381,-7,9.04619],"rotation":{"angle":0,"axis":"y","origin":[7.45381,4.38364,8]},"faces":{"north":{"uv":[1.5,1.75,2,2.25],"texture":"#0"},"east":{"uv":[1.5,1.75,2,2.25],"texture":"#0"},"south":{"uv":[1.5,1.75,2,2.25],"texture":"#0"},"west":{"uv":[1.5,1.75,2,2.25],"texture":"#0"},"up":{"uv":[0,3.5,0.5,4],"rotation":90,"texture":"#0"},"down":{"uv":[0,3.5,0.5,4],"rotation":270,"texture":"#0"}}},{"from":[6.45381,-12,7.04619],"to":[8.45381,-10,9.04619],"rotation":{"angle":0,"axis":"y","origin":[7.45381,4.38364,8]},"faces":{"north":{"uv":[1.5,1.75,2,2.25],"texture":"#0"},"east":{"uv":[1.5,1.75,2,2.25],"texture":"#0"},"south":{"uv":[1.5,1.75,2,2.25],"texture":"#0"},"west":{"uv":[1.5,1.75,2,2.25],"texture":"#0"},"up":{"uv":[0,3.5,0.5,4],"rotation":90,"texture":"#0"},"down":{"uv":[0,3.5,0.5,4],"rotation":270,"texture":"#0"}}},{"from":[6.20381,12.06498,15.74667],"to":[8.70381,14.06498,17.74667],"rotation":{"angle":-45,"axis":"x","origin":[7.45381,4.38364,8]},"faces":{"north":{"uv":[2,1.5,2.625,1],"texture":"#0"},"east":{"uv":[1.625,2.25,2.125,2.75],"texture":"#0"},"south":{"uv":[2,1,2.625,1.5],"texture":"#0"},"west":{"uv":[2.125,2.25,1.625,2.75],"texture":"#0"},"up":{"uv":[1.625,2.75,2.125,3.375],"rotation":90,"texture":"#0"},"down":{"uv":[2.125,2.75,1.625,3.375],"rotation":270,"texture":"#0"}}},{"from":[6.20381,-8.44111,-4.75942],"to":[8.70381,-6.44111,-2.75942],"rotation":{"angle":-45,"axis":"x","origin":[7.45381,4.38364,8]},"faces":{"north":{"uv":[2,1.5,2.625,1],"texture":"#0"},"east":{"uv":[1.625,2.25,2.125,2.75],"texture":"#0"},"south":{"uv":[2,1,2.625,1.5],"texture":"#0"},"west":{"uv":[2.125,2.25,1.625,2.75],"texture":"#0"},"up":{"uv":[1.625,2.75,2.125,3.375],"rotation":90,"texture":"#0"},"down":{"uv":[2.125,2.75,1.625,3.375],"rotation":270,"texture":"#0"}}},{"from":[6.70381,-11,7.29619],"to":[8.20381,-6,8.79619],"rotation":{"angle":0,"axis":"y","origin":[7.45381,4.38364,8]},"faces":{"north":{"uv":[1.25,2.25,1.625,3.5],"texture":"#0"},"east":{"uv":[1.25,2.25,1.625,3.5],"texture":"#0"},"south":{"uv":[1.25,2.25,1.625,3.5],"texture":"#0"},"west":{"uv":[1.25,2.25,1.625,3.5],"texture":"#0"},"up":{"uv":[0,3.125,0.375,3.5],"rotation":90,"texture":"#0"},"down":{"uv":[0,3.125,0.375,3.5],"rotation":270,"texture":"#0"}}},{"from":[6.70381,-5,7.29619],"to":[8.20381,0,8.79619],"rotation":{"angle":0,"axis":"y","origin":[7.45381,4.38364,8]},"faces":{"north":{"uv":[1.25,2.25,1.625,3.5],"texture":"#0"},"east":{"uv":[1.25,2.25,1.625,3.5],"texture":"#0"},"south":{"uv":[1.25,2.25,1.625,3.5],"texture":"#0"},"west":{"uv":[1.25,2.25,1.625,3.5],"texture":"#0"},"up":{"uv":[0,3.125,0.375,3.5],"rotation":90,"texture":"#0"},"down":{"uv":[0,3.125,0.375,3.5],"rotation":270,"texture":"#0"}}},{"from":[6.45381,-6,7.04619],"to":[8.45381,-4,9.04619],"rotation":{"angle":0,"axis":"y","origin":[7.45381,4.38364,8]},"faces":{"north":{"uv":[1.5,1.75,2,2.25],"texture":"#0"},"east":{"uv":[1.5,1.75,2,2.25],"texture":"#0"},"south":{"uv":[1.5,1.75,2,2.25],"texture":"#0"},"west":{"uv":[1.5,1.75,2,2.25],"texture":"#0"},"up":{"uv":[0,3.5,0.5,4],"rotation":90,"texture":"#0"},"down":{"uv":[0,3.5,0.5,4],"rotation":270,"texture":"#0"}}},{"from":[6.45381,-3,7.04619],"to":[8.45381,-1,9.04619],"rotation":{"angle":0,"axis":"y","origin":[7.45381,4.38364,8]},"faces":{"north":{"uv":[1.5,1.75,2,2.25],"texture":"#0"},"east":{"uv":[1.5,1.75,2,2.25],"texture":"#0"},"south":{"uv":[1.5,1.75,2,2.25],"texture":"#0"},"west":{"uv":[1.5,1.75,2,2.25],"texture":"#0"},"up":{"uv":[0,3.5,0.5,4],"rotation":90,"texture":"#0"},"down":{"uv":[0,3.5,0.5,4],"rotation":270,"texture":"#0"}}},{"from":[6.45381,0,7.04619],"to":[8.45381,2,9.04619],"rotation":{"angle":0,"axis":"y","origin":[7.45381,4.38364,8]},"faces":{"north":{"uv":[1.5,1.75,2,2.25],"texture":"#0"},"east":{"uv":[1.5,1.75,2,2.25],"texture":"#0"},"south":{"uv":[1.5,1.75,2,2.25],"texture":"#0"},"west":{"uv":[1.5,1.75,2,2.25],"texture":"#0"},"up":{"uv":[0,3.5,0.5,4],"rotation":90,"texture":"#0"},"down":{"uv":[0,3.5,0.5,4],"rotation":270,"texture":"#0"}}},{"from":[7.15381,8.85005,7.545],"to":[7.75381,9.85005,8.045],"rotation":{"angle":45,"axis":"x","origin":[7.45381,4.38364,8]},"faces":{"north":{"uv":[5.875,1.5,6.125,1.65],"rotation":90,"texture":"#0"},"east":{"uv":[5.875,1.375,6.125,1.5],"rotation":90,"texture":"#0"},"south":{"uv":[5.875,1.5,6.125,1.65],"rotation":90,"texture":"#0"},"west":{"uv":[5.875,1.375,6.125,1.5],"rotation":90,"texture":"#0"},"up":{"uv":[5.875,1.75,6.025,1.875],"rotation":180,"texture":"#0"},"down":{"uv":[5.875,1.75,6.025,1.875],"texture":"#0"}}},{"from":[7.05381,8.2,11.44619],"to":[7.85381,9.7,12.44619],"rotation":{"angle":0,"axis":"y","origin":[7.45381,4.38364,8]},"faces":{"north":{"uv":[5.875,0.875,6.25,1.075],"rotation":90,"texture":"#0"},"east":{"uv":[5.875,0.875,6.25,0.625],"rotation":90,"texture":"#0"},"south":{"uv":[5.875,0.875,6.25,1.075],"rotation":90,"texture":"#0"},"west":{"uv":[5.875,0.625,6.25,0.875],"rotation":90,"texture":"#0"},"up":{"uv":[5.75,1.125,5.95,1.375],"rotation":180,"texture":"#0"},"down":{"uv":[5.75,1.125,5.95,1.375],"texture":"#0"}}},{"from":[6.95381,10.15005,5.445],"to":[7.95381,11.65005,7.445],"rotation":{"angle":45,"axis":"x","origin":[7.45381,4.38364,8]},"faces":{"north":{"uv":[5.5,3.125,5.75,3.5],"texture":"#0"},"east":{"uv":[5.5,3.125,5,3.5],"texture":"#0"},"south":{"uv":[5.5,3.125,5.75,3.5],"texture":"#0"},"west":{"uv":[5,3.125,5.5,3.5],"texture":"#0"},"up":{"uv":[5,3.5,5.5,3.75],"rotation":90,"texture":"#0"},"down":{"uv":[5,3.5,5.5,3.75],"rotation":270,"texture":"#0"}}},{"from":[6.45381,9.5,7.84619],"to":[8.45381,11.5,11.34619],"rotation":{"angle":0,"axis":"y","origin":[7.45381,4.38364,8]},"faces":{"north":{"uv":[3.0625,3.625,3.5625,4.125],"texture":"#0"},"east":{"uv":[4.125,3.125,3.25,3.625],"texture":"#0"},"south":{"uv":[3.625,3.625,4.125,4.125],"texture":"#0"},"west":{"uv":[3.25,3.125,4.125,3.625],"texture":"#0"},"up":{"uv":[4.125,3.125,5,3.625],"rotation":90,"texture":"#0"},"down":{"uv":[4.125,3.125,5,3.625],"rotation":270,"texture":"#0"}}},{"from":[6.45381,9.5,4.74619],"to":[8.45381,11.5,8.24619],"rotation":{"angle":0,"axis":"y","origin":[7.45381,4.38364,8]},"faces":{"north":{"uv":[4.125,3.625,3.625,4.125],"texture":"#0"},"east":{"uv":[3.25,3.125,4.125,3.625],"texture":"#0"},"south":{"uv":[3.5625,3.625,3.0625,4.125],"texture":"#0"},"west":{"uv":[4.125,3.125,3.25,3.625],"texture":"#0"},"up":{"uv":[5,3.125,4.125,3.625],"rotation":90,"texture":"#0"},"down":{"uv":[5,3.125,4.125,3.625],"rotation":270,"texture":"#0"}}},{"from":[6.95381,10.08473,8.62033],"to":[7.95381,11.58473,10.62033],"rotation":{"angle":-45,"axis":"x","origin":[7.45381,4.38364,8]},"faces":{"north":{"uv":[5.75,3.125,5.5,3.5],"texture":"#0"},"east":{"uv":[5,3.125,5.5,3.5],"texture":"#0"},"south":{"uv":[5.75,3.125,5.5,3.5],"texture":"#0"},"west":{"uv":[5.5,3.125,5,3.5],"texture":"#0"},"up":{"uv":[5.5,3.5,5,3.75],"rotation":90,"texture":"#0"},"down":{"uv":[5.5,3.5,5,3.75],"rotation":270,"texture":"#0"}}},{"from":[7.05381,8.2,3.64619],"to":[7.85381,9.7,4.64619],"rotation":{"angle":0,"axis":"y","origin":[7.45381,4.38364,8]},"faces":{"north":{"uv":[5.875,1.075,6.25,0.875],"rotation":90,"texture":"#0"},"east":{"uv":[5.875,0.625,6.25,0.875],"rotation":90,"texture":"#0"},"south":{"uv":[5.875,1.075,6.25,0.875],"rotation":90,"texture":"#0"},"west":{"uv":[5.875,0.875,6.25,0.625],"rotation":90,"texture":"#0"},"up":{"uv":[5.75,1.375,5.95,1.125],"rotation":180,"texture":"#0"},"down":{"uv":[5.75,1.375,5.95,1.125],"texture":"#0"}}},{"from":[7.15381,8.78473,8.02033],"to":[7.75381,9.78473,8.52033],"rotation":{"angle":-45,"axis":"x","origin":[7.45381,4.38364,8]},"faces":{"north":{"uv":[5.875,1.65,6.125,1.5],"rotation":90,"texture":"#0"},"east":{"uv":[5.875,1.5,6.125,1.375],"rotation":90,"texture":"#0"},"south":{"uv":[5.875,1.65,6.125,1.5],"rotation":90,"texture":"#0"},"west":{"uv":[5.875,1.5,6.125,1.375],"rotation":90,"texture":"#0"},"up":{"uv":[5.875,1.875,6.025,1.75],"rotation":180,"texture":"#0"},"down":{"uv":[5.875,1.875,6.025,1.75],"texture":"#0"}}},{"from":[6.55381,14,5.54619],"to":[8.55381,15,10.54619],"rotation":{"angle":0,"axis":"y","origin":[7.45381,4.38364,8]},"faces":{"north":{"uv":[3.25,3.125,2.75,3.375],"texture":"#0"},"east":{"uv":[2.9375,3.3875,1.6875,3.6375],"texture":"#0"},"south":{"uv":[3.25,3.125,2.75,3.375],"texture":"#0"},"west":{"uv":[2.9375,3.3875,1.6875,3.6375],"texture":"#0"},"up":{"uv":[2.875,4.125,1.625,3.625],"rotation":90,"texture":"#0"},"down":{"uv":[2.875,4.125,1.625,3.625],"rotation":270,"texture":"#0"}}},{"from":[6.05381,14,6.54619],"to":[9.05381,16,9.54619],"rotation":{"angle":0,"axis":"y","origin":[7.45381,4.38364,8]},"faces":{"north":{"uv":[0.75,1.75,0,2.25],"texture":"#0"},"east":{"uv":[0.8125,1.0125,0.0625,1.5125],"texture":"#0"},"south":{"uv":[0.75,1.75,0,2.25],"texture":"#0"},"west":{"uv":[0.8125,1.0125,0.0625,1.5125],"texture":"#0"},"up":{"uv":[2.4375,4.875,1.6875,4.125],"rotation":90,"texture":"#0"},"down":{"uv":[1.25,4.125,0.5,3.375],"rotation":270,"texture":"#0"}}},{"from":[5.35381,10,5.29619],"to":[5.35381,14,10.79619],"rotation":{"angle":0,"axis":"y","origin":[7.45381,4.38364,8]},"faces":{"east":{"uv":[0,0,11,8],"texture":"#1"},"west":{"uv":[0,0,11,8],"texture":"#1"}}},{"from":[4.95381,11.5,7.79619],"to":[5.45381,13,8.29619],"rotation":{"angle":0,"axis":"y","origin":[7.45381,4.38364,8]},"faces":{"north":{"uv":[1.375,3.875,1.5,3.5],"texture":"#0"},"east":{"uv":[1.25,3.875,1.375,3.5],"texture":"#0"},"south":{"uv":[1.375,3.875,1.5,3.5],"texture":"#0"},"west":{"uv":[1.5,3.875,1.625,3.5],"texture":"#0"},"up":{"uv":[1.25,3.875,1.375,4],"rotation":90,"texture":"#0"},"down":{"uv":[1.25,3.875,1.375,4],"rotation":270,"texture":"#0"}}},{"from":[4.95381,11,7.29619],"to":[5.45381,11.5,8.79619],"rotation":{"angle":0,"axis":"y","origin":[7.45381,4.38364,8]},"faces":{"north":{"uv":[1.25,3.875,1.375,4],"rotation":90,"texture":"#0"},"east":{"uv":[1.375,3.5,1.25,3.875],"rotation":90,"texture":"#0"},"south":{"uv":[1.25,3.875,1.375,4],"rotation":90,"texture":"#0"},"west":{"uv":[1.375,3.5,1.25,3.875],"rotation":270,"texture":"#0"},"up":{"uv":[1.375,3.875,1.5,3.5],"rotation":180,"texture":"#0"},"down":{"uv":[1.375,3.875,1.5,3.5],"texture":"#0"}}},{"from":[4.95381,10,5.29619],"to":[5.45381,11,10.79619],"rotation":{"angle":0,"axis":"y","origin":[7.45381,4.38364,8]},"faces":{"north":{"uv":[1.5,4.375,1.375,4.125],"texture":"#0"},"east":{"uv":[1.375,4.375,0,4.125],"texture":"#0"},"south":{"uv":[1.5,4.375,1.375,4.125],"texture":"#0"},"west":{"uv":[1.375,4.375,0,4.125],"texture":"#0"},"up":{"uv":[1.375,4.375,0,4.5],"rotation":90,"texture":"#0"},"down":{"uv":[1.375,4.375,0,4.5],"rotation":270,"texture":"#0"}}},{"from":[4.95381,11,10.29619],"to":[5.45381,12.5,10.79619],"rotation":{"angle":0,"axis":"y","origin":[7.45381,4.38364,8]},"faces":{"north":{"uv":[1.5,3.875,1.375,3.5],"texture":"#0"},"east":{"uv":[1.375,3.875,1.25,3.5],"texture":"#0"},"south":{"uv":[1.5,3.875,1.375,3.5],"texture":"#0"},"west":{"uv":[1.375,3.875,1.25,3.5],"texture":"#0"},"up":{"uv":[1.375,3.875,1.25,4],"rotation":90,"texture":"#0"},"down":{"uv":[1.375,3.875,1.25,4],"rotation":270,"texture":"#0"}}},{"from":[4.95381,11,5.29619],"to":[5.45381,12.5,5.79619],"rotation":{"angle":0,"axis":"y","origin":[7.45381,4.38364,8]},"faces":{"north":{"uv":[1.375,3.875,1.5,3.5],"texture":"#0"},"east":{"uv":[1.25,3.875,1.375,3.5],"texture":"#0"},"south":{"uv":[1.375,3.875,1.5,3.5],"texture":"#0"},"west":{"uv":[1.25,3.875,1.375,3.5],"texture":"#0"},"up":{"uv":[1.25,3.875,1.375,4],"rotation":90,"texture":"#0"},"down":{"uv":[1.25,3.875,1.375,4],"rotation":270,"texture":"#0"}}},{"from":[5.45381,10,5.29619],"to":[9.45381,14,10.79619],"rotation":{"angle":0,"axis":"y","origin":[7.45381,4.38364,8]},"faces":{"north":{"uv":[1.375,1,2.375,0],"texture":"#0"},"east":{"uv":[0,1,1.375,0],"texture":"#0"},"south":{"uv":[1.375,1,2.375,0],"texture":"#0"},"west":{"uv":[0,1,1.375,0],"texture":"#0"},"up":{"uv":[3.75,1,2.375,0],"rotation":90,"texture":"#0"},"down":{"uv":[3.75,1,2.375,0],"rotation":270,"texture":"#0"}}},{"from":[9.45381,11,10.29619],"to":[9.95381,12.5,10.79619],"rotation":{"angle":0,"axis":"y","origin":[7.45381,4.38364,8]},"faces":{"north":{"uv":[1.375,3.875,1.5,3.5],"texture":"#0"},"east":{"uv":[1.25,3.875,1.375,3.5],"texture":"#0"},"south":{"uv":[1.375,3.875,1.5,3.5],"texture":"#0"},"west":{"uv":[1.25,3.875,1.375,3.5],"texture":"#0"},"up":{"uv":[1.375,4,1.25,3.875],"rotation":90,"texture":"#0"},"down":{"uv":[1.375,4,1.25,3.875],"rotation":270,"texture":"#0"}}},{"from":[9.45381,10,5.29619],"to":[9.95381,11,10.79619],"rotation":{"angle":0,"axis":"y","origin":[7.45381,4.38364,8]},"faces":{"north":{"uv":[1.375,4.375,1.5,4.125],"texture":"#0"},"east":{"uv":[0,4.375,1.375,4.125],"texture":"#0"},"south":{"uv":[1.375,4.375,1.5,4.125],"texture":"#0"},"west":{"uv":[0,4.375,1.375,4.125],"texture":"#0"},"up":{"uv":[1.375,4.5,0,4.375],"rotation":90,"texture":"#0"},"down":{"uv":[1.375,4.5,0,4.375],"rotation":270,"texture":"#0"}}},{"from":[9.45381,11.5,7.79619],"to":[9.95381,13,8.29619],"rotation":{"angle":0,"axis":"y","origin":[7.45381,4.38364,8]},"faces":{"north":{"uv":[1.5,3.875,1.375,3.5],"texture":"#0"},"east":{"uv":[1.625,3.875,1.5,3.5],"texture":"#0"},"south":{"uv":[1.5,3.875,1.375,3.5],"texture":"#0"},"west":{"uv":[1.375,3.875,1.25,3.5],"texture":"#0"},"up":{"uv":[1.25,4,1.375,3.875],"rotation":90,"texture":"#0"},"down":{"uv":[1.25,4,1.375,3.875],"rotation":270,"texture":"#0"}}},{"from":[9.45381,11,5.29619],"to":[9.95381,12.5,5.79619],"rotation":{"angle":0,"axis":"y","origin":[7.45381,4.38364,8]},"faces":{"north":{"uv":[1.5,3.875,1.375,3.5],"texture":"#0"},"east":{"uv":[1.375,3.875,1.25,3.5],"texture":"#0"},"south":{"uv":[1.5,3.875,1.375,3.5],"texture":"#0"},"west":{"uv":[1.375,3.875,1.25,3.5],"texture":"#0"},"up":{"uv":[1.25,4,1.375,3.875],"rotation":90,"texture":"#0"},"down":{"uv":[1.25,4,1.375,3.875],"rotation":270,"texture":"#0"}}},{"from":[9.45381,11,7.29619],"to":[9.95381,11.5,8.79619],"rotation":{"angle":0,"axis":"y","origin":[7.45381,4.38364,8]},"faces":{"north":{"uv":[1.25,4,1.375,3.875],"rotation":90,"texture":"#0"},"east":{"uv":[1.375,3.875,1.25,3.5],"rotation":270,"texture":"#0"},"south":{"uv":[1.25,4,1.375,3.875],"rotation":90,"texture":"#0"},"west":{"uv":[1.375,3.875,1.25,3.5],"rotation":90,"texture":"#0"},"up":{"uv":[1.5,3.875,1.375,3.5],"rotation":180,"texture":"#0"},"down":{"uv":[1.5,3.875,1.375,3.5],"texture":"#0"}}},{"from":[6.10381,9,6.54619],"to":[8.80381,11,9.54619],"rotation":{"angle":0,"axis":"y","origin":[7.45381,4.38364,8]},"faces":{"north":{"uv":[0.75,1.75,1.5,2.25],"texture":"#0"},"east":{"uv":[0.75,1.75,1.5,2.25],"texture":"#0"},"south":{"uv":[0.75,1.75,1.5,2.25],"texture":"#0"},"west":{"uv":[0.75,1.75,1.5,2.25],"texture":"#0"},"up":{"uv":[1.25,1.0375,2,1.7125],"rotation":90,"texture":"#0"},"down":{"uv":[1.25,1.0375,2,1.7125],"rotation":270,"texture":"#0"}}},{"from":[9.55381,10,5.29619],"to":[9.55381,14,10.79619],"rotation":{"angle":0,"axis":"y","origin":[7.45381,4.38364,8]},"faces":{"east":{"uv":[11,0,0,8],"texture":"#1"},"west":{"uv":[11,0,0,8],"texture":"#1"}}},{"from":[6.20381,7.98869,11.62096],"to":[8.70381,11.48869,15.62096],"rotation":{"angle":-22.5,"axis":"x","origin":[7.45381,4.38364,8]},"faces":{"north":{"uv":[2.125,3.375,2.75,2.5],"texture":"#0"},"east":{"uv":[2.625,1.875,3.625,1],"texture":"#0"},"south":{"uv":[2.125,3.375,2.75,2.5],"texture":"#0"},"west":{"uv":[3.625,1.875,2.625,1],"texture":"#0"},"up":{"uv":[2.625,2.5,3.625,1.875],"rotation":90,"texture":"#0"},"down":{"uv":[2.625,2.5,3.625,1.875],"rotation":270,"texture":"#0"}}},{"from":[6.30381,12.10543,7.5531],"to":[8.60381,15.10543,10.5531],"rotation":{"angle":22.5,"axis":"x","origin":[7.45381,4.38364,8]},"faces":{"north":{"uv":[4.5,1.325,3.75,0.75],"rotation":90,"texture":"#0"},"east":{"uv":[4.5,0.75,3.75,0],"rotation":270,"texture":"#0"},"south":{"uv":[6.625,0.575,5.875,0],"rotation":90,"texture":"#0"},"west":{"uv":[3.75,0.75,4.5,0],"rotation":90,"texture":"#0"},"up":{"uv":[5.075,0.75,4.5,0],"rotation":180,"texture":"#0"},"down":{"uv":[5.075,0.75,4.5,0],"texture":"#0"}}},{"from":[6.35381,10.48869,14.62096],"to":[8.45381,13.48869,17.12096],"rotation":{"angle":-22.5,"axis":"x","origin":[7.45381,4.38364,8]},"faces":{"north":{"uv":[3.625,2,4.375,2.525],"rotation":270,"texture":"#0"},"east":{"uv":[3.625,1.375,4.375,2],"rotation":270,"texture":"#0"},"south":{"uv":[3.625,2.525,4.375,3.05],"rotation":270,"texture":"#0"},"west":{"uv":[3.625,2,4.375,1.375],"rotation":270,"texture":"#0"},"up":{"uv":[2.75,2.5,3.275,3.125],"texture":"#0"},"down":{"uv":[2.75,2.5,3.275,3.125],"rotation":180,"texture":"#0"}}},{"from":[6.45381,15.60543,6.5531],"to":[8.35381,18.60543,8.5531],"rotation":{"angle":22.5,"axis":"x","origin":[7.45381,4.38364,8]},"faces":{"north":{"uv":[5.125,0.5,5.875,0.975],"rotation":270,"texture":"#0"},"east":{"uv":[5.125,0,5.875,0.5],"rotation":270,"texture":"#0"},"south":{"uv":[5.125,0.5,5.875,0.975],"rotation":270,"texture":"#0"},"west":{"uv":[5.875,0,5.125,0.5],"rotation":90,"texture":"#0"},"up":{"uv":[2,1.5,2.475,2],"texture":"#0"},"down":{"uv":[2,1.5,2.475,2],"rotation":180,"texture":"#0"}}},{"from":[6.70381,13.48869,17.12096],"to":[8.20381,14.98869,20.62096],"rotation":{"angle":-22.5,"axis":"x","origin":[7.45381,4.38364,8]},"faces":{"north":{"uv":[5.75,1.375,5.375,1],"rotation":180,"texture":"#0"},"east":{"uv":[5.375,1.375,4.5,1],"texture":"#0"},"south":{"uv":[5.75,1.375,5.375,1],"rotation":180,"texture":"#0"},"west":{"uv":[4.5,1.375,5.375,1],"texture":"#0"},"up":{"uv":[5.375,1.75,4.5,1.375],"rotation":270,"texture":"#0"},"down":{"uv":[5.375,2.125,4.5,1.75],"rotation":90,"texture":"#0"}}},{"from":[6.80381,12.57948,19.42096],"to":[8.10381,14.07948,20.42096],"rotation":{"angle":-22.5,"axis":"x","origin":[7.45381,4.38364,8]},"faces":{"north":{"uv":[5.075,2.5,4.75,2.125],"rotation":180,"texture":"#0"},"east":{"uv":[2.375,2.375,2.125,2],"texture":"#0"},"south":{"uv":[4.7,2.5,4.375,2.125],"rotation":180,"texture":"#0"},"west":{"uv":[2.125,2.375,2.375,2],"texture":"#0"},"up":{"uv":[4.625,2.825,4.375,2.5],"rotation":270,"texture":"#0"},"down":{"uv":[4.625,2.825,4.375,2.5],"rotation":90,"texture":"#0"}}},{"from":[7.00381,17.77225,10.0531],"to":[7.90381,18.97225,10.7531],"rotation":{"angle":22.5,"axis":"x","origin":[7.45381,4.38364,8]},"faces":{"north":{"uv":[5.625,1.75,5.85,2.05],"texture":"#0"},"east":{"uv":[5.375,1.375,5.55,1.675],"rotation":180,"texture":"#0"},"south":{"uv":[5.625,1.375,5.85,1.675],"texture":"#0"},"west":{"uv":[5.375,1.675,5.55,1.375],"texture":"#0"},"up":{"uv":[5.375,1.75,5.55,1.975],"rotation":90,"texture":"#0"},"down":{"uv":[5.375,1.75,5.55,1.975],"rotation":270,"texture":"#0"}}},{"from":[7.10381,15.69808,14.54619],"to":[7.80381,16.19808,15.54619],"rotation":{"angle":0,"axis":"y","origin":[7.45381,4.38364,8]},"faces":{"north":{"uv":[5.125,2.125,5.3,2.25],"texture":"#0"},"east":{"uv":[5.375,2,5.625,2.125],"rotation":180,"texture":"#0"},"south":{"uv":[5.125,2.125,5.3,2.25],"texture":"#0"},"west":{"uv":[5.375,2,5.625,2.125],"texture":"#0"},"up":{"uv":[5.375,2.125,5.625,2.3],"rotation":90,"texture":"#0"},"down":{"uv":[5.375,2.125,5.625,2.3],"rotation":270,"texture":"#0"}}},{"from":[6.95381,8.42349,15.08564],"to":[7.95381,9.92349,17.08564],"rotation":{"angle":-22.5,"axis":"x","origin":[7.45381,4.38364,8]},"faces":{"north":{"uv":[4.625,3.625,4.875,4],"texture":"#0"},"east":{"uv":[4.125,4,4.625,3.625],"rotation":180,"texture":"#0"},"south":{"uv":[4.625,3.625,4.875,4],"texture":"#0"},"west":{"uv":[4.125,3.625,4.625,4],"texture":"#0"},"up":{"uv":[4.125,4,4.625,4.25],"rotation":90,"texture":"#0"},"down":{"uv":[4.125,4,4.625,4.25],"rotation":270,"texture":"#0"}}},{"from":[7.05381,13.42593,10.72146],"to":[7.85381,14.42593,12.22146],"rotation":{"angle":22.5,"axis":"x","origin":[7.45381,4.38364,8]},"faces":{"north":{"uv":[5,4,5.2,4.25],"texture":"#0"},"east":{"uv":[4.625,4.25,5,4],"rotation":180,"texture":"#0"},"south":{"uv":[5,4,5.2,4.25],"texture":"#0"},"west":{"uv":[4.625,4,5,4.25],"texture":"#0"},"up":{"uv":[4.875,3.75,5.25,3.95],"rotation":90,"texture":"#0"},"down":{"uv":[4.875,3.75,5.25,3.95],"rotation":270,"texture":"#0"}}},{"from":[7.15381,7.12349,17.18564],"to":[7.75381,8.12349,17.68564],"rotation":{"angle":-22.5,"axis":"x","origin":[7.45381,4.38364,8]},"faces":{"north":{"uv":[5.25,3.75,5.5,3.9],"rotation":90,"texture":"#0"},"east":{"uv":[5.5,4,5.25,4.125],"rotation":270,"texture":"#0"},"south":{"uv":[5.25,3.75,5.5,3.9],"rotation":90,"texture":"#0"},"west":{"uv":[5.25,4,5.5,4.125],"rotation":90,"texture":"#0"},"up":{"uv":[5.25,4.125,5.4,4.25],"rotation":180,"texture":"#0"},"down":{"uv":[5.25,4.125,5.4,4.25],"texture":"#0"}}},{"from":[7.10381,15.69808,0.54619],"to":[7.80381,16.19808,1.54619],"rotation":{"angle":0,"axis":"y","origin":[7.45381,4.38364,8]},"faces":{"north":{"uv":[5.3,2.125,5.125,2.25],"texture":"#0"},"east":{"uv":[5.625,2,5.375,2.125],"rotation":180,"texture":"#0"},"south":{"uv":[5.3,2.125,5.125,2.25],"texture":"#0"},"west":{"uv":[5.625,2,5.375,2.125],"texture":"#0"},"up":{"uv":[5.625,2.125,5.375,2.3],"rotation":90,"texture":"#0"},"down":{"uv":[5.625,2.125,5.375,2.3],"rotation":270,"texture":"#0"}}},{"from":[6.80381,12.61483,-4.43561],"to":[8.10381,14.11483,-3.43561],"rotation":{"angle":22.5,"axis":"x","origin":[7.45381,4.38364,8]},"faces":{"north":{"uv":[4.375,2.5,4.7,2.125],"rotation":180,"texture":"#0"},"east":{"uv":[2.125,2.375,2.375,2],"texture":"#0"},"south":{"uv":[4.75,2.5,5.075,2.125],"rotation":180,"texture":"#0"},"west":{"uv":[2.375,2.375,2.125,2],"texture":"#0"},"up":{"uv":[4.375,2.825,4.625,2.5],"rotation":270,"texture":"#0"},"down":{"uv":[4.375,2.825,4.625,2.5],"rotation":90,"texture":"#0"}}},{"from":[7.00381,17.73689,5.33226],"to":[7.90381,18.93689,6.03226],"rotation":{"angle":-22.5,"axis":"x","origin":[7.45381,4.38364,8]},"faces":{"north":{"uv":[5.85,1.375,5.625,1.675],"texture":"#0"},"east":{"uv":[5.55,1.375,5.375,1.675],"rotation":180,"texture":"#0"},"south":{"uv":[5.85,1.75,5.625,2.05],"texture":"#0"},"west":{"uv":[5.55,1.675,5.375,1.375],"texture":"#0"},"up":{"uv":[5.55,1.75,5.375,1.975],"rotation":90,"texture":"#0"},"down":{"uv":[5.55,1.75,5.375,1.975],"rotation":270,"texture":"#0"}}},{"from":[6.70381,13.52404,-4.53561],"to":[8.20381,15.02404,-1.03561],"rotation":{"angle":22.5,"axis":"x","origin":[7.45381,4.38364,8]},"faces":{"north":{"uv":[5.375,1.375,5.75,1],"rotation":180,"texture":"#0"},"east":{"uv":[4.5,1.375,5.375,1],"texture":"#0"},"south":{"uv":[5.375,1.375,5.75,1],"rotation":180,"texture":"#0"},"west":{"uv":[5.375,1.375,4.5,1],"texture":"#0"},"up":{"uv":[4.5,1.75,5.375,1.375],"rotation":270,"texture":"#0"},"down":{"uv":[4.5,2.125,5.375,1.75],"rotation":90,"texture":"#0"}}},{"from":[6.45381,15.57007,7.53226],"to":[8.35381,18.57007,9.53226],"rotation":{"angle":-22.5,"axis":"x","origin":[7.45381,4.38364,8]},"faces":{"north":{"uv":[5.125,0.975,5.875,0.5],"rotation":270,"texture":"#0"},"east":{"uv":[5.125,0.5,5.875,0],"rotation":270,"texture":"#0"},"south":{"uv":[5.125,0.975,5.875,0.5],"rotation":270,"texture":"#0"},"west":{"uv":[5.875,0.5,5.125,0],"rotation":90,"texture":"#0"},"up":{"uv":[2,2,2.475,1.5],"texture":"#0"},"down":{"uv":[2,2,2.475,1.5],"rotation":180,"texture":"#0"}}},{"from":[6.35381,10.52404,-1.03561],"to":[8.45381,13.52404,1.46439],"rotation":{"angle":22.5,"axis":"x","origin":[7.45381,4.38364,8]},"faces":{"north":{"uv":[3.625,3.05,4.375,2.525],"rotation":270,"texture":"#0"},"east":{"uv":[3.625,2,4.375,1.375],"rotation":270,"texture":"#0"},"south":{"uv":[3.625,2.525,4.375,2],"rotation":270,"texture":"#0"},"west":{"uv":[3.625,1.375,4.375,2],"rotation":270,"texture":"#0"},"up":{"uv":[2.75,3.125,3.275,2.5],"texture":"#0"},"down":{"uv":[2.75,3.125,3.275,2.5],"rotation":180,"texture":"#0"}}},{"from":[6.30381,12.07007,5.53226],"to":[8.60381,15.07007,8.53226],"rotation":{"angle":-22.5,"axis":"x","origin":[7.45381,4.38364,8]},"faces":{"north":{"uv":[6.625,0,5.875,0.575],"rotation":90,"texture":"#0"},"east":{"uv":[4.5,0,3.75,0.75],"rotation":270,"texture":"#0"},"south":{"uv":[4.5,0.75,3.75,1.325],"rotation":90,"texture":"#0"},"west":{"uv":[3.75,0,4.5,0.75],"rotation":90,"texture":"#0"},"up":{"uv":[5.075,0,4.5,0.75],"rotation":180,"texture":"#0"},"down":{"uv":[5.075,0,4.5,0.75],"texture":"#0"}}},{"from":[6.20381,8.02404,0.46439],"to":[8.70381,11.52404,4.46439],"rotation":{"angle":22.5,"axis":"x","origin":[7.45381,4.38364,8]},"faces":{"north":{"uv":[2.75,3.375,2.125,2.5],"texture":"#0"},"east":{"uv":[3.625,1.875,2.625,1],"texture":"#0"},"south":{"uv":[2.75,3.375,2.125,2.5],"texture":"#0"},"west":{"uv":[2.625,1.875,3.625,1],"texture":"#0"},"up":{"uv":[3.625,2.5,2.625,1.875],"rotation":90,"texture":"#0"},"down":{"uv":[3.625,2.5,2.625,1.875],"rotation":270,"texture":"#0"}}},{"from":[7.05381,13.39057,3.8639],"to":[7.85381,14.39057,5.3639],"rotation":{"angle":-22.5,"axis":"x","origin":[7.45381,4.38364,8]},"faces":{"north":{"uv":[5.2,4,5,4.25],"texture":"#0"},"east":{"uv":[5,4.25,4.625,4],"rotation":180,"texture":"#0"},"south":{"uv":[5.2,4,5,4.25],"texture":"#0"},"west":{"uv":[5,4,4.625,4.25],"texture":"#0"},"up":{"uv":[5.25,3.75,4.875,3.95],"rotation":90,"texture":"#0"},"down":{"uv":[5.25,3.75,4.875,3.95],"rotation":270,"texture":"#0"}}},{"from":[7.15381,7.15885,-1.60028],"to":[7.75381,8.15885,-1.10028],"rotation":{"angle":22.5,"axis":"x","origin":[7.45381,4.38364,8]},"faces":{"north":{"uv":[5.25,3.9,5.5,3.75],"rotation":90,"texture":"#0"},"east":{"uv":[5.5,4.125,5.25,4],"rotation":270,"texture":"#0"},"south":{"uv":[5.25,3.9,5.5,3.75],"rotation":90,"texture":"#0"},"west":{"uv":[5.25,4.125,5.5,4],"rotation":90,"texture":"#0"},"up":{"uv":[5.25,4.25,5.4,4.125],"rotation":180,"texture":"#0"},"down":{"uv":[5.25,4.25,5.4,4.125],"texture":"#0"}}},{"from":[6.95381,8.45885,-1.00028],"to":[7.95381,9.95885,0.99972],"rotation":{"angle":22.5,"axis":"x","origin":[7.45381,4.38364,8]},"faces":{"north":{"uv":[4.875,3.625,4.625,4],"texture":"#0"},"east":{"uv":[4.625,4,4.125,3.625],"rotation":180,"texture":"#0"},"south":{"uv":[4.875,3.625,4.625,4],"texture":"#0"},"west":{"uv":[4.625,3.625,4.125,4],"texture":"#0"},"up":{"uv":[4.625,4,4.125,4.25],"rotation":90,"texture":"#0"},"down":{"uv":[4.625,4,4.125,4.25],"rotation":270,"texture":"#0"}}},{"from":[6.95381,-11.9652,8.01087],"to":[7.95381,-10.4652,10.01087],"rotation":{"angle":0,"axis":"y","origin":[7.45381,4.38364,8]},"faces":{"north":{"uv":[4.625,3.625,4.875,4],"texture":"#0"},"east":{"uv":[4.125,4,4.625,3.625],"rotation":180,"texture":"#0"},"south":{"uv":[4.625,3.625,4.875,4],"texture":"#0"},"west":{"uv":[4.125,3.625,4.625,4],"texture":"#0"},"up":{"uv":[4.125,4,4.625,4.25],"rotation":90,"texture":"#0"},"down":{"uv":[4.125,4,4.625,4.25],"rotation":270,"texture":"#0"}}},{"from":[7.05381,-5.99367,20.13582],"to":[7.85381,-4.99367,21.63582],"rotation":{"angle":45,"axis":"x","origin":[7.45381,4.38364,8]},"faces":{"north":{"uv":[5,4,5.2,4.25],"texture":"#0"},"east":{"uv":[4.625,4.25,5,4],"rotation":180,"texture":"#0"},"south":{"uv":[5,4,5.2,4.25],"texture":"#0"},"west":{"uv":[4.625,4,5,4.25],"texture":"#0"},"up":{"uv":[4.875,3.75,5.25,3.95],"rotation":90,"texture":"#0"},"down":{"uv":[4.875,3.75,5.25,3.95],"rotation":270,"texture":"#0"}}},{"from":[7.15381,-13.2652,10.11087],"to":[7.75381,-12.2652,10.61087],"rotation":{"angle":0,"axis":"y","origin":[7.45381,4.38364,8]},"faces":{"north":{"uv":[5.25,3.75,5.5,3.9],"rotation":90,"texture":"#0"},"east":{"uv":[5.5,4,5.25,4.125],"rotation":270,"texture":"#0"},"south":{"uv":[5.25,3.75,5.5,3.9],"rotation":90,"texture":"#0"},"west":{"uv":[5.25,4,5.5,4.125],"rotation":90,"texture":"#0"},"up":{"uv":[5.25,4.125,5.4,4.25],"rotation":180,"texture":"#0"},"down":{"uv":[5.25,4.125,5.4,4.25],"texture":"#0"}}},{"from":[6.95381,-11.9652,6.08152],"to":[7.95381,-10.4652,8.08152],"rotation":{"angle":0,"axis":"y","origin":[7.45381,4.38364,8]},"faces":{"north":{"uv":[4.875,3.625,4.625,4],"texture":"#0"},"east":{"uv":[4.625,4,4.125,3.625],"rotation":180,"texture":"#0"},"south":{"uv":[4.875,3.625,4.625,4],"texture":"#0"},"west":{"uv":[4.625,3.625,4.125,4],"texture":"#0"},"up":{"uv":[4.625,4,4.125,4.25],"rotation":90,"texture":"#0"},"down":{"uv":[4.625,4,4.125,4.25],"rotation":270,"texture":"#0"}}},{"from":[7.05381,-6.059,-5.57049],"to":[7.85381,-5.059,-4.07049],"rotation":{"angle":-45,"axis":"x","origin":[7.45381,4.38364,8]},"faces":{"north":{"uv":[5.2,4,5,4.25],"texture":"#0"},"east":{"uv":[5,4.25,4.625,4],"rotation":180,"texture":"#0"},"south":{"uv":[5.2,4,5,4.25],"texture":"#0"},"west":{"uv":[5,4,4.625,4.25],"texture":"#0"},"up":{"uv":[5.25,3.75,4.875,3.95],"rotation":90,"texture":"#0"},"down":{"uv":[5.25,3.75,4.875,3.95],"rotation":270,"texture":"#0"}}},{"from":[7.15381,-13.2652,5.48152],"to":[7.75381,-12.2652,5.98152],"rotation":{"angle":0,"axis":"y","origin":[7.45381,4.38364,8]},"faces":{"north":{"uv":[5.25,3.9,5.5,3.75],"rotation":90,"texture":"#0"},"east":{"uv":[5.5,4.125,5.25,4],"rotation":270,"texture":"#0"},"south":{"uv":[5.25,3.9,5.5,3.75],"rotation":90,"texture":"#0"},"west":{"uv":[5.25,4.125,5.5,4],"rotation":90,"texture":"#0"},"up":{"uv":[5.25,4.25,5.4,4.125],"rotation":180,"texture":"#0"},"down":{"uv":[5.25,4.25,5.4,4.125],"texture":"#0"}}},{"from":[-3.50339,18.94231,9.89619],"to":[1.49661,19.94231,11.39619],"rotation":{"angle":-22.5,"axis":"z","origin":[7.45381,4.38364,8]},"faces":{"north":{"uv":[9.125,1.25,9.375,0],"rotation":270,"texture":"#0"},"east":{"uv":[8.75,1.25,9,1.625],"rotation":270,"texture":"#0"},"south":{"uv":[9.125,0,9.375,1.25],"rotation":270,"texture":"#0"},"west":{"uv":[8.75,1.25,9,1.625],"rotation":270,"texture":"#0"},"up":{"uv":[9.125,1.25,8.75,0],"rotation":90,"texture":"#0"},"down":{"uv":[8.75,0,9.125,1.25],"rotation":270,"texture":"#0"}}},{"from":[-3.50339,18.94231,4.69619],"to":[1.49661,19.94231,6.19619],"rotation":{"angle":-22.5,"axis":"z","origin":[7.45381,4.38364,8]},"faces":{"north":{"uv":[9.125,1.25,9.375,0],"rotation":270,"texture":"#0"},"east":{"uv":[8.75,1.625,9,1.25],"rotation":270,"texture":"#0"},"south":{"uv":[9.125,0,9.375,1.25],"rotation":270,"texture":"#0"},"west":{"uv":[8.75,1.625,9,1.25],"rotation":270,"texture":"#0"},"up":{"uv":[8.75,1.25,9.125,0],"rotation":90,"texture":"#0"},"down":{"uv":[9.125,0,8.75,1.25],"rotation":270,"texture":"#0"}}},{"from":[-3.50339,18.94231,7.29619],"to":[1.49661,19.94231,8.79619],"rotation":{"angle":-22.5,"axis":"z","origin":[7.45381,4.38364,8]},"faces":{"north":{"uv":[9.125,1.25,9.375,0],"rotation":270,"texture":"#0"},"east":{"uv":[8.75,1.625,9,1.25],"rotation":270,"texture":"#0"},"south":{"uv":[9.125,0,9.375,1.25],"rotation":270,"texture":"#0"},"west":{"uv":[8.75,1.625,9,1.25],"rotation":270,"texture":"#0"},"up":{"uv":[8.75,1.25,9.125,0],"rotation":90,"texture":"#0"},"down":{"uv":[9.125,0,8.75,1.25],"rotation":270,"texture":"#0"}}},{"from":[7.45381,1.0133,-7.67094],"to":[7.45381,9.0133,2.32906],"rotation":{"angle":45,"axis":"x","origin":[7.45381,4.38364,8]},"faces":{"east":{"uv":[8,0,0,10],"rotation":270,"texture":"#2"},"west":{"uv":[0,0,8,10],"rotation":90,"texture":"#2"}}},{"from":[7.45381,0.94797,13.73627],"to":[7.45381,8.94797,23.73627],"rotation":{"angle":-45,"axis":"x","origin":[7.45381,4.38364,8]},"faces":{"east":{"uv":[8,10,0,0],"rotation":270,"texture":"#2"},"west":{"uv":[0,10,8,0],"rotation":90,"texture":"#2"}}},{"from":[6.95381,16,4.79619],"to":[7.95381,21,11.29619],"rotation":{"angle":0,"axis":"y","origin":[7.45381,4.38364,8]},"faces":{"north":{"uv":[8.25,0,8.5,1.25],"texture":"#0"},"east":{"uv":[6.625,0,8.25,1.25],"texture":"#0"},"south":{"uv":[8.25,0,8.5,1.25],"texture":"#0"},"west":{"uv":[6.625,0,8.25,1.25],"texture":"#0"},"up":{"uv":[8.5,0,8.75,1.625],"texture":"#0"},"down":{"uv":[8.5,0,8.75,1.625],"rotation":180,"texture":"#0"}}},{"from":[6.95381,15,5.79619],"to":[7.95381,16,10.29619],"rotation":{"angle":0,"axis":"y","origin":[7.45381,4.38364,8]},"faces":{"north":{"uv":[7.125,1.25,7.375,1.5],"texture":"#0"},"east":{"uv":[7.375,1.25,8.5,1.5],"texture":"#0"},"south":{"uv":[7.125,1.25,7.375,1.5],"texture":"#0"},"west":{"uv":[7.375,1.25,8.5,1.5],"texture":"#0"},"up":{"uv":[6.375,0.5,6.625,1.625],"texture":"#0"},"down":{"uv":[6.375,0.5,6.625,1.625],"rotation":180,"texture":"#0"}}}],"gui_light":"front","display":{"thirdperson_righthand":{"translation":[0.4,8.75,1.5],"scale":[0.8,0.8,0.8]},"thirdperson_lefthand":{"rotation":[0,180,0],"translation":[0.4,8.75,1.5],"scale":[0.8,0.8,0.8]},"firstperson_righthand":{"translation":[3,7.5,0],"scale":[0.45938,0.45938,0.45938]},"firstperson_lefthand":{"rotation":[0,180,0],"translation":[3,7.5,0],"scale":[0.45938,0.45938,0.45938]},"ground":{"rotation":[-45,0,0],"translation":[0,11,0],"scale":[0.6,0.6,0.6]},"gui":{"rotation":[-90,-45,-90],"translation":[1,1,-0.25],"scale":[0.50977,0.50977,0.50977]},"head":{"rotation":[-180,0,0],"translation":[0,11,1.75],"scale":[0,0,0]},"fixed":{"rotation":[0,-90,0],"translation":[0,10,-1.25],"scale":[1.6,1.6,1.6]}},"groups":[0,1,2,3,4,5,6,7,8,9,10,11,12,13,14,15,16,17,18,19,20,21,{"name":"group","origin":[-0.5,-6,0],"color":0,"nbt":"{}","children":[]},{"name":"group","origin":[8,6,10.5],"color":0,"nbt":"{}","children":[22,23,24,25,26,27,28,29,30,31,32,33,34,35,36,37]},{"name":"group","origin":[0.1,-3.9,1.5],"color":0,"nbt":"{}","children":[38,39,40,41,42,43,44,45,46,47,48,49,50,51,52,53,54,55,56,57,58,59,60,61,62,63,64,65]},{"name":"group","origin":[9.4,-7.5,0],"color":0,"nbt":"{}","children":[]},{"name":"group","origin":[0.1,-3.9,1.5],"color":0,"nbt":"{}","children":[]},66,67,68,69,70,71,72]}