{"credit":"MadewithBlockbench","texture_size":[64,64],"textures":{"0":"elitecreatures/darkflame_animated_weapon_set/darkflame_01_texture","particle":"elitecreatures/darkflame_animated_weapon_set/darkflame_01_texture"},"elements":[{"from":[7.5,-4,7],"to":[9.5,-2,9],"rotation":{"angle":0,"axis":"y","origin":[8.5,13.81499,8]},"faces":{"north":{"uv":[1.5,1.75,2,2.25],"texture":"#0"},"east":{"uv":[1.5,1.75,2,2.25],"texture":"#0"},"south":{"uv":[1.5,1.75,2,2.25],"texture":"#0"},"west":{"uv":[1.5,1.75,2,2.25],"texture":"#0"},"up":{"uv":[0,3.5,0.5,4],"rotation":90,"texture":"#0"},"down":{"uv":[0,3.5,0.5,4],"rotation":270,"texture":"#0"}}},{"from":[7.25,0.01078,-5.80421],"to":[9.75,2.01078,-3.80421],"rotation":{"angle":-45,"axis":"x","origin":[8.5,13.81499,8]},"faces":{"north":{"uv":[2,1.5,2.625,1],"texture":"#0"},"east":{"uv":[1.625,2.25,2.125,2.75],"texture":"#0"},"south":{"uv":[2,1,2.625,1.5],"texture":"#0"},"west":{"uv":[2.125,2.25,1.625,2.75],"texture":"#0"},"up":{"uv":[1.625,2.75,2.125,3.375],"rotation":90,"texture":"#0"},"down":{"uv":[2.125,2.75,1.625,3.375],"rotation":270,"texture":"#0"}}},{"from":[7.65,-3,7.1],"to":[9.35,0,8.9],"rotation":{"angle":0,"axis":"y","origin":[8.5,5.81499,8]},"faces":{"north":{"uv":[5.125,0.925,5.875,0.5],"rotation":270,"texture":"#0"},"east":{"uv":[5.125,0,5.875,0.45],"rotation":270,"texture":"#0"},"south":{"uv":[5.125,0.925,5.875,0.5],"rotation":270,"texture":"#0"},"west":{"uv":[5.875,0,5.125,0.45],"rotation":90,"texture":"#0"},"up":{"uv":[2,1.95,2.425,1.5],"texture":"#0"},"down":{"uv":[2,1.95,2.425,1.5],"rotation":180,"texture":"#0"}}},{"from":[7.75,-0.31103,7.99655],"to":[9.25,3.18897,9.49655],"rotation":{"angle":-22.5,"axis":"x","origin":[8.5,-1.97,9.03467]},"faces":{"north":{"uv":[5.375,1.75,4.5,1.375],"rotation":90,"texture":"#0"},"east":{"uv":[5.375,1.375,4.5,1],"rotation":90,"texture":"#0"},"south":{"uv":[5.375,2.125,4.5,1.75],"rotation":90,"texture":"#0"},"west":{"uv":[4.5,1.375,5.375,1],"rotation":270,"texture":"#0"},"up":{"uv":[5.75,1.375,5.375,1],"rotation":180,"texture":"#0"},"down":{"uv":[5.75,1.375,5.375,1],"texture":"#0"}}},{"from":[7.85,1.78897,8.49655],"to":[9.15,2.78897,9.99655],"rotation":{"angle":-45,"axis":"x","origin":[8.5,0.83,9.43467]},"faces":{"north":{"uv":[4.625,2.825,4.375,2.5],"rotation":90,"texture":"#0"},"east":{"uv":[2.375,2.375,2.125,2],"rotation":90,"texture":"#0"},"south":{"uv":[4.625,2.825,4.375,2.5],"rotation":90,"texture":"#0"},"west":{"uv":[2.125,2.375,2.375,2],"rotation":270,"texture":"#0"},"up":{"uv":[4.7,2.5,4.375,2.125],"rotation":180,"texture":"#0"},"down":{"uv":[5.075,2.5,4.75,2.125],"texture":"#0"}}},{"from":[8.15,1.14644,9.72608],"to":[8.85,2.14644,10.22608],"rotation":{"angle":-22.5,"axis":"x","origin":[8.5,0.83,9.43467]},"faces":{"north":{"uv":[5.625,2.3,5.375,2.125],"rotation":90,"texture":"#0"},"east":{"uv":[5.625,2.125,5.375,2],"rotation":90,"texture":"#0"},"south":{"uv":[5.625,2.3,5.375,2.125],"rotation":90,"texture":"#0"},"west":{"uv":[5.625,2.125,5.375,2],"rotation":90,"texture":"#0"},"up":{"uv":[5.3,2.25,5.125,2.125],"rotation":180,"texture":"#0"},"down":{"uv":[5.3,2.25,5.125,2.125],"texture":"#0"}}},{"from":[8.05,1.79503,8.45704],"to":[8.95,2.49503,9.65704],"rotation":{"angle":0,"axis":"y","origin":[8.5,0.83,9.43467]},"faces":{"north":{"uv":[5.55,1.975,5.375,1.75],"rotation":90,"texture":"#0"},"east":{"uv":[5.55,1.675,5.375,1.375],"rotation":90,"texture":"#0"},"south":{"uv":[5.55,1.975,5.375,1.75],"rotation":90,"texture":"#0"},"west":{"uv":[5.55,1.375,5.375,1.675],"rotation":90,"texture":"#0"},"up":{"uv":[5.85,1.675,5.625,1.375],"rotation":180,"texture":"#0"},"down":{"uv":[5.85,2.05,5.625,1.75],"texture":"#0"}}},{"from":[7.85,2.49188,6.47569],"to":[9.15,3.99188,7.47569],"rotation":{"angle":0,"axis":"y","origin":[8.5,3.43,8.43467]},"faces":{"north":{"uv":[4.7,2.5,4.375,2.125],"texture":"#0"},"east":{"uv":[2.375,2.375,2.125,2],"rotation":180,"texture":"#0"},"south":{"uv":[5.075,2.5,4.75,2.125],"texture":"#0"},"west":{"uv":[2.125,2.375,2.375,2],"rotation":180,"texture":"#0"},"up":{"uv":[4.625,2.825,4.375,2.5],"rotation":90,"texture":"#0"},"down":{"uv":[4.625,2.825,4.375,2.5],"rotation":270,"texture":"#0"}}},{"from":[8.05,4.39503,7.45704],"to":[8.95,5.09503,8.65704],"rotation":{"angle":-45,"axis":"x","origin":[8.5,3.43,8.43467]},"faces":{"north":{"uv":[5.55,1.975,5.375,1.75],"rotation":90,"texture":"#0"},"east":{"uv":[5.55,1.675,5.375,1.375],"rotation":90,"texture":"#0"},"south":{"uv":[5.55,1.975,5.375,1.75],"rotation":90,"texture":"#0"},"west":{"uv":[5.55,1.375,5.375,1.675],"rotation":90,"texture":"#0"},"up":{"uv":[5.85,1.675,5.625,1.375],"rotation":180,"texture":"#0"},"down":{"uv":[5.85,2.05,5.625,1.75],"texture":"#0"}}},{"from":[8.15,3.72141,7.11823],"to":[8.85,4.22141,8.11823],"rotation":{"angle":22.5,"axis":"x","origin":[8.5,3.43,8.43467]},"faces":{"north":{"uv":[5.3,2.25,5.125,2.125],"texture":"#0"},"east":{"uv":[5.625,2.125,5.375,2],"rotation":180,"texture":"#0"},"south":{"uv":[5.3,2.25,5.125,2.125],"texture":"#0"},"west":{"uv":[5.625,2.125,5.375,2],"texture":"#0"},"up":{"uv":[5.625,2.3,5.375,2.125],"rotation":90,"texture":"#0"},"down":{"uv":[5.625,2.3,5.375,2.125],"rotation":270,"texture":"#0"}}},{"from":[8.2,-5.2652,10.06467],"to":[8.8,-4.2652,10.56467],"rotation":{"angle":0,"axis":"y","origin":[8.5,13.81499,8]},"faces":{"north":{"uv":[5.25,3.75,5.5,3.9],"rotation":90,"texture":"#0"},"east":{"uv":[5.5,4,5.25,4.125],"rotation":270,"texture":"#0"},"south":{"uv":[5.25,3.75,5.5,3.9],"rotation":90,"texture":"#0"},"west":{"uv":[5.25,4,5.5,4.125],"rotation":90,"texture":"#0"},"up":{"uv":[5.25,4.125,5.4,4.25],"rotation":180,"texture":"#0"},"down":{"uv":[5.25,4.125,5.4,4.25],"texture":"#0"}}},{"from":[8.1,2.3929,21.11528],"to":[8.9,3.3929,22.61528],"rotation":{"angle":45,"axis":"x","origin":[8.5,13.81499,8]},"faces":{"north":{"uv":[5,4,5.2,4.25],"texture":"#0"},"east":{"uv":[4.625,4.25,5,4],"rotation":180,"texture":"#0"},"south":{"uv":[5,4,5.2,4.25],"texture":"#0"},"west":{"uv":[4.625,4,5,4.25],"texture":"#0"},"up":{"uv":[4.875,3.75,5.25,3.95],"rotation":90,"texture":"#0"},"down":{"uv":[4.875,3.75,5.25,3.95],"rotation":270,"texture":"#0"}}},{"from":[8,-3.9652,7.96467],"to":[9,-2.4652,9.96467],"rotation":{"angle":0,"axis":"y","origin":[8.5,13.81499,8]},"faces":{"north":{"uv":[4.625,3.625,4.875,4],"texture":"#0"},"east":{"uv":[4.125,4,4.625,3.625],"rotation":180,"texture":"#0"},"south":{"uv":[4.625,3.625,4.875,4],"texture":"#0"},"west":{"uv":[4.125,3.625,4.625,4],"texture":"#0"},"up":{"uv":[4.125,4,4.625,4.25],"rotation":90,"texture":"#0"},"down":{"uv":[4.125,4,4.625,4.25],"rotation":270,"texture":"#0"}}},{"from":[8.2,-5.2652,5.43533],"to":[8.8,-4.2652,5.93533],"rotation":{"angle":0,"axis":"y","origin":[8.5,13.81499,8]},"faces":{"north":{"uv":[5.25,3.9,5.5,3.75],"rotation":90,"texture":"#0"},"east":{"uv":[5.5,4.125,5.25,4],"rotation":270,"texture":"#0"},"south":{"uv":[5.25,3.9,5.5,3.75],"rotation":90,"texture":"#0"},"west":{"uv":[5.25,4.125,5.5,4],"rotation":90,"texture":"#0"},"up":{"uv":[5.25,4.25,5.4,4.125],"rotation":180,"texture":"#0"},"down":{"uv":[5.25,4.25,5.4,4.125],"texture":"#0"}}},{"from":[8.1,2.3929,-6.61528],"to":[8.9,3.3929,-5.11528],"rotation":{"angle":-45,"axis":"x","origin":[8.5,13.81499,8]},"faces":{"north":{"uv":[5.2,4,5,4.25],"texture":"#0"},"east":{"uv":[5,4.25,4.625,4],"rotation":180,"texture":"#0"},"south":{"uv":[5.2,4,5,4.25],"texture":"#0"},"west":{"uv":[5,4,4.625,4.25],"texture":"#0"},"up":{"uv":[5.25,3.75,4.875,3.95],"rotation":90,"texture":"#0"},"down":{"uv":[5.25,3.75,4.875,3.95],"rotation":270,"texture":"#0"}}},{"from":[8,-3.9652,6.03533],"to":[9,-2.4652,8.03533],"rotation":{"angle":0,"axis":"y","origin":[8.5,13.81499,8]},"faces":{"north":{"uv":[4.875,3.625,4.625,4],"texture":"#0"},"east":{"uv":[4.625,4,4.125,3.625],"rotation":180,"texture":"#0"},"south":{"uv":[4.875,3.625,4.625,4],"texture":"#0"},"west":{"uv":[4.625,3.625,4.125,4],"texture":"#0"},"up":{"uv":[4.625,4,4.125,4.25],"rotation":90,"texture":"#0"},"down":{"uv":[4.625,4,4.125,4.25],"rotation":270,"texture":"#0"}}}],"gui_light":"front","display":{"thirdperson_righthand":{"rotation":[-17.5,0,0],"translation":[0,8,-2],"scale":[0.7,0.7,0.7]},"thirdperson_lefthand":{"rotation":[-17.5,0,0],"translation":[0,8,-2],"scale":[0.7,0.7,0.7]},"firstperson_righthand":{"rotation":[-90,0,0],"translation":[1.25,3.75,-4.25],"scale":[0.65859,0.65859,0.65859]},"firstperson_lefthand":{"rotation":[-90,0,0],"translation":[1.25,3.75,-4.25],"scale":[0.65859,0.65859,0.65859]},"ground":{"rotation":[180,0,0],"scale":[0.93203,0.93203,0.93203]},"gui":{"rotation":[0,90,180],"translation":[0.25,-12,-1.5],"scale":[1.4125,1.4125,1.4125]},"head":{"rotation":[-180,0,0],"translation":[0,11,1.75],"scale":[0,0,0]},"fixed":{"rotation":[0,90,-180],"translation":[0.25,-21,-3],"scale":[2.5043,2.5043,2.5043]}}}