{"credit":"MadewithBlockbench","texture_size":[64,64],"textures":{"0":"elitecreatures/darkflame_animated_weapon_set/darkflame_01_texture","1":"elitecreatures/darkflame_animated_weapon_set/darkflame_animation_01texture","2":"elitecreatures/darkflame_animated_weapon_set/drakflame_animation_02texture","particle":"elitecreatures/darkflame_animated_weapon_set/darkflame_01_texture"},"elements":[{"from":[6.5,4,7.25],"to":[8.5,6,8.75],"rotation":{"angle":0,"axis":"y","origin":[-0.5,-6,0]},"faces":{"north":{"uv":[0,2.25,0.5,2.75],"texture":"#0"},"east":{"uv":[0,2.25,0.5,2.75],"texture":"#0"},"south":{"uv":[0,2.25,0.5,2.75],"texture":"#0"},"west":{"uv":[0,2.25,0.5,2.75],"texture":"#0"},"up":{"uv":[0,2.75,0.5,3.125],"texture":"#0"},"down":{"uv":[0,2.75,0.5,3.125],"texture":"#0"}}},{"from":[6,3,6.75],"to":[9,5,9.25],"rotation":{"angle":0,"axis":"y","origin":[-0.5,-6,0]},"faces":{"north":{"uv":[0.5,2.25,1.25,2.75],"texture":"#0"},"east":{"uv":[0.5,2.25,1.25,2.75],"texture":"#0"},"south":{"uv":[0.5,2.25,1.25,2.75],"texture":"#0"},"west":{"uv":[0.5,2.25,1.25,2.75],"texture":"#0"},"up":{"uv":[0.5,2.75,1.25,3.375],"texture":"#0"},"down":{"uv":[0.5,2.75,1.25,3.375],"texture":"#0"}}},{"from":[6.5,7,7.25],"to":[8.5,9,8.75],"rotation":{"angle":0,"axis":"y","origin":[-0.5,-6,0]},"faces":{"north":{"uv":[0,2.25,0.5,2.75],"texture":"#0"},"east":{"uv":[0,2.25,0.5,2.75],"texture":"#0"},"south":{"uv":[0,2.25,0.5,2.75],"texture":"#0"},"west":{"uv":[0,2.25,0.5,2.75],"texture":"#0"},"up":{"uv":[0,2.75,0.5,3.125],"texture":"#0"},"down":{"uv":[0,2.75,0.5,3.125],"texture":"#0"}}},{"from":[6,6,6.75],"to":[9,8,9.25],"rotation":{"angle":0,"axis":"y","origin":[-0.5,-6,0]},"faces":{"north":{"uv":[0.5,2.25,1.25,2.75],"texture":"#0"},"east":{"uv":[0.5,2.25,1.25,2.75],"texture":"#0"},"south":{"uv":[0.5,2.25,1.25,2.75],"texture":"#0"},"west":{"uv":[0.5,2.25,1.25,2.75],"texture":"#0"},"up":{"uv":[0.5,2.75,1.25,3.375],"texture":"#0"},"down":{"uv":[0.5,2.75,1.25,3.375],"texture":"#0"}}},{"from":[6.5,-9,7],"to":[8.5,-7,9],"rotation":{"angle":0,"axis":"y","origin":[-0.5,-6,0]},"faces":{"north":{"uv":[1.5,1.75,2,2.25],"texture":"#0"},"east":{"uv":[1.5,1.75,2,2.25],"texture":"#0"},"south":{"uv":[1.5,1.75,2,2.25],"texture":"#0"},"west":{"uv":[1.5,1.75,2,2.25],"texture":"#0"},"up":{"uv":[0,3.5,0.5,4],"texture":"#0"},"down":{"uv":[0,3.5,0.5,4],"texture":"#0"}}},{"from":[6.5,-12,7],"to":[8.5,-10,9],"rotation":{"angle":0,"axis":"y","origin":[-0.5,-6,0]},"faces":{"north":{"uv":[1.5,1.75,2,2.25],"texture":"#0"},"east":{"uv":[1.5,1.75,2,2.25],"texture":"#0"},"south":{"uv":[1.5,1.75,2,2.25],"texture":"#0"},"west":{"uv":[1.5,1.75,2,2.25],"texture":"#0"},"up":{"uv":[0,3.5,0.5,4],"texture":"#0"},"down":{"uv":[0,3.5,0.5,4],"texture":"#0"}}},{"from":[7,-13.5,6.75],"to":[9,-11.5,9.25],"rotation":{"angle":45,"axis":"z","origin":[7.5,-13,8]},"faces":{"north":{"uv":[1.625,2.25,2.125,2.75],"texture":"#0"},"east":{"uv":[2,1,2.625,1.5],"texture":"#0"},"south":{"uv":[2.125,2.25,1.625,2.75],"texture":"#0"},"west":{"uv":[2,1.5,2.625,1],"texture":"#0"},"up":{"uv":[1.625,2.75,2.125,3.375],"texture":"#0"},"down":{"uv":[2.125,2.75,1.625,3.375],"texture":"#0"}}},{"from":[6.5,-6,7],"to":[8.5,-4,9],"rotation":{"angle":0,"axis":"y","origin":[-0.5,-6,0]},"faces":{"north":{"uv":[1.5,1.75,2,2.25],"texture":"#0"},"east":{"uv":[1.5,1.75,2,2.25],"texture":"#0"},"south":{"uv":[1.5,1.75,2,2.25],"texture":"#0"},"west":{"uv":[1.5,1.75,2,2.25],"texture":"#0"},"up":{"uv":[0,3.5,0.5,4],"texture":"#0"},"down":{"uv":[0,3.5,0.5,4],"texture":"#0"}}},{"from":[6.5,-3,7],"to":[8.5,-1,9],"rotation":{"angle":0,"axis":"y","origin":[-0.5,-6,0]},"faces":{"north":{"uv":[1.5,1.75,2,2.25],"texture":"#0"},"east":{"uv":[1.5,1.75,2,2.25],"texture":"#0"},"south":{"uv":[1.5,1.75,2,2.25],"texture":"#0"},"west":{"uv":[1.5,1.75,2,2.25],"texture":"#0"},"up":{"uv":[0,3.5,0.5,4],"texture":"#0"},"down":{"uv":[0,3.5,0.5,4],"texture":"#0"}}},{"from":[6.5,0,7],"to":[8.5,2,9],"rotation":{"angle":0,"axis":"y","origin":[-0.5,-6,0]},"faces":{"north":{"uv":[1.5,1.75,2,2.25],"texture":"#0"},"east":{"uv":[1.5,1.75,2,2.25],"texture":"#0"},"south":{"uv":[1.5,1.75,2,2.25],"texture":"#0"},"west":{"uv":[1.5,1.75,2,2.25],"texture":"#0"},"up":{"uv":[0,3.5,0.5,4],"texture":"#0"},"down":{"uv":[0,3.5,0.5,4],"texture":"#0"}}},{"from":[5.33553,9.46447,7.5],"to":[7.33553,10.96447,8.5],"rotation":{"angle":22.5,"axis":"z","origin":[7.8,6.5,8]},"faces":{"north":{"uv":[5,3.125,5.5,3.5],"texture":"#0"},"east":{"uv":[5.75,3.125,5.5,3.5],"texture":"#0"},"south":{"uv":[5.5,3.125,5,3.5],"texture":"#0"},"west":{"uv":[5.75,3.125,5.5,3.5],"texture":"#0"},"up":{"uv":[5.5,3.5,5,3.75],"texture":"#0"},"down":{"uv":[5.5,3.5,5,3.75],"texture":"#0"}}},{"from":[3.2,6.2,7.6],"to":[4.2,7.7,8.4],"rotation":{"angle":-22.5,"axis":"z","origin":[7.8,6.5,8]},"faces":{"north":{"uv":[5.875,0.625,6.25,0.875],"rotation":90,"texture":"#0"},"east":{"uv":[5.875,1.075,6.25,0.875],"rotation":90,"texture":"#0"},"south":{"uv":[5.875,0.875,6.25,0.625],"rotation":90,"texture":"#0"},"west":{"uv":[5.875,1.075,6.25,0.875],"rotation":90,"texture":"#0"},"up":{"uv":[5.75,1.375,5.95,1.125],"rotation":90,"texture":"#0"},"down":{"uv":[5.75,1.375,5.95,1.125],"rotation":90,"texture":"#0"}}},{"from":[4.73553,8.16447,7.7],"to":[5.23553,9.16447,8.3],"rotation":{"angle":22.5,"axis":"z","origin":[7.8,6.5,8]},"faces":{"north":{"uv":[5.875,1.5,6.125,1.375],"rotation":90,"texture":"#0"},"east":{"uv":[5.875,1.65,6.125,1.5],"rotation":90,"texture":"#0"},"south":{"uv":[5.875,1.5,6.125,1.375],"rotation":90,"texture":"#0"},"west":{"uv":[5.875,1.65,6.125,1.5],"rotation":90,"texture":"#0"},"up":{"uv":[5.875,1.875,6.025,1.75],"rotation":90,"texture":"#0"},"down":{"uv":[5.875,1.875,6.025,1.75],"rotation":90,"texture":"#0"}}},{"from":[7.86447,9.46447,7.5],"to":[9.86447,10.96447,8.5],"rotation":{"angle":-22.5,"axis":"z","origin":[7.4,6.5,8]},"faces":{"north":{"uv":[5.5,3.125,5,3.5],"texture":"#0"},"east":{"uv":[5.5,3.125,5.75,3.5],"texture":"#0"},"south":{"uv":[5,3.125,5.5,3.5],"texture":"#0"},"west":{"uv":[5.5,3.125,5.75,3.5],"texture":"#0"},"up":{"uv":[5,3.5,5.5,3.75],"texture":"#0"},"down":{"uv":[5,3.5,5.5,3.75],"texture":"#0"}}},{"from":[13.94102,7.89262,7.7],"to":[14.44102,8.89262,8.3],"rotation":{"angle":22.5,"axis":"z","origin":[8,12.5,1.5]},"faces":{"north":{"uv":[5.5,4,5.25,4.125],"rotation":270,"texture":"#0"},"east":{"uv":[5.25,3.75,5.5,3.9],"rotation":90,"texture":"#0"},"south":{"uv":[5.25,4,5.5,4.125],"rotation":90,"texture":"#0"},"west":{"uv":[5.25,3.75,5.5,3.9],"rotation":90,"texture":"#0"},"up":{"uv":[5.25,4.125,5.4,4.25],"rotation":90,"texture":"#0"},"down":{"uv":[5.25,4.125,5.4,4.25],"rotation":90,"texture":"#0"}}},{"from":[13.62245,14.05272,7.6],"to":[15.12245,15.05272,8.4],"rotation":{"angle":-22.5,"axis":"z","origin":[8,12.5,1.5]},"faces":{"north":{"uv":[5,4,4.625,4.25],"texture":"#0"},"east":{"uv":[5.2,4.25,5,4],"rotation":180,"texture":"#0"},"south":{"uv":[5,4.25,4.625,4],"rotation":180,"texture":"#0"},"west":{"uv":[5.2,4.25,5,4],"rotation":180,"texture":"#0"},"up":{"uv":[5.25,3.95,4.875,3.75],"rotation":180,"texture":"#0"},"down":{"uv":[5.25,3.95,4.875,3.75],"rotation":180,"texture":"#0"}}},{"from":[11.84102,9.19262,7.5],"to":[13.84102,10.69262,8.5],"rotation":{"angle":22.5,"axis":"z","origin":[8,12.5,1.5]},"faces":{"north":{"uv":[4.125,4,4.625,3.625],"rotation":180,"texture":"#0"},"east":{"uv":[4.625,3.625,4.875,4],"texture":"#0"},"south":{"uv":[4.125,3.625,4.625,4],"texture":"#0"},"west":{"uv":[4.625,3.625,4.875,4],"texture":"#0"},"up":{"uv":[4.125,4,4.625,4.25],"texture":"#0"},"down":{"uv":[4.125,4,4.625,4.25],"texture":"#0"}}},{"from":[14.47157,15.78482,7.65],"to":[15.47157,16.28482,8.35],"rotation":{"angle":0,"axis":"y","origin":[8,12.5,1.5]},"faces":{"north":{"uv":[5.625,2.125,5.375,2],"texture":"#0"},"east":{"uv":[5.3,2.25,5.125,2.125],"rotation":180,"texture":"#0"},"south":{"uv":[5.625,2.125,5.375,2],"rotation":180,"texture":"#0"},"west":{"uv":[5.3,2.25,5.125,2.125],"rotation":180,"texture":"#0"},"up":{"uv":[5.625,2.3,5.375,2.125],"rotation":180,"texture":"#0"},"down":{"uv":[5.625,2.3,5.375,2.125],"rotation":180,"texture":"#0"}}},{"from":[13.09173,18.39904,7.55],"to":[13.79173,19.59904,8.45],"rotation":{"angle":-22.5,"axis":"z","origin":[8,12.5,1.5]},"faces":{"north":{"uv":[5.55,1.675,5.375,1.375],"texture":"#0"},"east":{"uv":[5.85,1.675,5.625,1.375],"rotation":180,"texture":"#0"},"south":{"uv":[5.55,1.375,5.375,1.675],"rotation":180,"texture":"#0"},"west":{"uv":[5.85,2.05,5.625,1.75],"rotation":180,"texture":"#0"},"up":{"uv":[5.55,1.975,5.375,1.75],"rotation":180,"texture":"#0"},"down":{"uv":[5.55,1.975,5.375,1.75],"rotation":180,"texture":"#0"}}},{"from":[16.20549,13.3486,7.35],"to":[17.20549,14.8486,8.65],"rotation":{"angle":22.5,"axis":"z","origin":[8,12.5,1.5]},"faces":{"north":{"uv":[2.375,2.375,2.125,2],"texture":"#0"},"east":{"uv":[4.7,2.5,4.375,2.125],"rotation":180,"texture":"#0"},"south":{"uv":[2.125,2.375,2.375,2],"texture":"#0"},"west":{"uv":[5.075,2.5,4.75,2.125],"rotation":180,"texture":"#0"},"up":{"uv":[4.625,2.825,4.375,2.5],"rotation":180,"texture":"#0"},"down":{"uv":[4.625,2.825,4.375,2.5],"rotation":180,"texture":"#0"}}},{"from":[13.90549,14.4486,7.25],"to":[17.40549,15.9486,8.75],"rotation":{"angle":22.5,"axis":"z","origin":[8,12.5,1.5]},"faces":{"north":{"uv":[5.375,1.375,4.5,1],"texture":"#0"},"east":{"uv":[5.75,1.375,5.375,1],"rotation":180,"texture":"#0"},"south":{"uv":[4.5,1.375,5.375,1],"texture":"#0"},"west":{"uv":[5.75,1.375,5.375,1],"rotation":180,"texture":"#0"},"up":{"uv":[5.375,1.75,4.5,1.375],"rotation":180,"texture":"#0"},"down":{"uv":[5.375,2.125,4.5,1.75],"rotation":180,"texture":"#0"}}},{"from":[9.59438,16.21922,7.05],"to":[11.59438,19.21922,8.95],"rotation":{"angle":-22.5,"axis":"z","origin":[8,12.5,1.5]},"faces":{"north":{"uv":[5.875,0.5,5.125,0],"rotation":90,"texture":"#0"},"east":{"uv":[5.875,0.975,5.125,0.5],"rotation":90,"texture":"#0"},"south":{"uv":[5.125,0.5,5.875,0],"rotation":270,"texture":"#0"},"west":{"uv":[5.875,0.975,5.125,0.5],"rotation":90,"texture":"#0"},"up":{"uv":[2.475,2,2,1.5],"rotation":90,"texture":"#0"},"down":{"uv":[2.475,2,2,1.5],"rotation":90,"texture":"#0"}}},{"from":[11.6985,11.13645,6.95],"to":[14.1985,14.13645,9.05],"rotation":{"angle":22.5,"axis":"z","origin":[8,12.5,1.5]},"faces":{"north":{"uv":[3.625,1.375,4.375,2],"rotation":270,"texture":"#0"},"east":{"uv":[3.625,2.525,4.375,3.05],"rotation":270,"texture":"#0"},"south":{"uv":[3.625,2,4.375,1.375],"rotation":270,"texture":"#0"},"west":{"uv":[3.625,2,4.375,2.525],"rotation":270,"texture":"#0"},"up":{"uv":[2.75,2.5,3.275,3.125],"rotation":270,"texture":"#0"},"down":{"uv":[2.75,2.5,3.275,3.125],"rotation":270,"texture":"#0"}}},{"from":[10.3596,12.99576,6.85],"to":[13.3596,15.99576,9.15],"rotation":{"angle":-22.5,"axis":"z","origin":[8,12.5,1.5]},"faces":{"north":{"uv":[3.75,0,4.5,0.75],"rotation":90,"texture":"#0"},"east":{"uv":[5.875,0,6.625,0.575],"rotation":270,"texture":"#0"},"south":{"uv":[4.5,0,3.75,0.75],"rotation":270,"texture":"#0"},"west":{"uv":[3.75,0.75,4.5,1.325],"rotation":270,"texture":"#0"},"up":{"uv":[4.5,0,5.075,0.75],"rotation":270,"texture":"#0"},"down":{"uv":[4.5,0,5.075,0.75],"rotation":270,"texture":"#0"}}},{"from":[8.23733,8.79048,6.75],"to":[12.23733,12.29048,9.25],"rotation":{"angle":22.5,"axis":"z","origin":[8,12.5,1.5]},"faces":{"north":{"uv":[2.625,1.875,3.625,1],"texture":"#0"},"east":{"uv":[2.125,3.375,2.75,2.5],"texture":"#0"},"south":{"uv":[3.625,1.875,2.625,1],"texture":"#0"},"west":{"uv":[2.125,3.375,2.75,2.5],"texture":"#0"},"up":{"uv":[2.625,2.5,3.625,1.875],"texture":"#0"},"down":{"uv":[2.625,2.5,3.625,1.875],"texture":"#0"}}},{"from":[-0.47157,15.78482,7.65],"to":[0.52843,16.28482,8.35],"rotation":{"angle":0,"axis":"y","origin":[7,12.5,1.5]},"faces":{"north":{"uv":[5.375,2.125,5.625,2],"texture":"#0"},"east":{"uv":[5.125,2.25,5.3,2.125],"rotation":180,"texture":"#0"},"south":{"uv":[5.375,2.125,5.625,2],"rotation":180,"texture":"#0"},"west":{"uv":[5.125,2.25,5.3,2.125],"rotation":180,"texture":"#0"},"up":{"uv":[5.375,2.3,5.625,2.125],"rotation":180,"texture":"#0"},"down":{"uv":[5.375,2.3,5.625,2.125],"rotation":180,"texture":"#0"}}},{"from":[1.20827,18.39904,7.55],"to":[1.90827,19.59904,8.45],"rotation":{"angle":22.5,"axis":"z","origin":[7,12.5,1.5]},"faces":{"north":{"uv":[5.375,1.675,5.55,1.375],"texture":"#0"},"east":{"uv":[5.625,2.05,5.85,1.75],"rotation":180,"texture":"#0"},"south":{"uv":[5.375,1.375,5.55,1.675],"rotation":180,"texture":"#0"},"west":{"uv":[5.625,1.675,5.85,1.375],"rotation":180,"texture":"#0"},"up":{"uv":[5.375,1.975,5.55,1.75],"rotation":180,"texture":"#0"},"down":{"uv":[5.375,1.975,5.55,1.75],"rotation":180,"texture":"#0"}}},{"from":[-2.20549,13.3486,7.35],"to":[-1.20549,14.8486,8.65],"rotation":{"angle":-22.5,"axis":"z","origin":[7,12.5,1.5]},"faces":{"north":{"uv":[2.125,2.375,2.375,2],"texture":"#0"},"east":{"uv":[4.75,2.5,5.075,2.125],"rotation":180,"texture":"#0"},"south":{"uv":[2.375,2.375,2.125,2],"texture":"#0"},"west":{"uv":[4.375,2.5,4.7,2.125],"rotation":180,"texture":"#0"},"up":{"uv":[4.375,2.825,4.625,2.5],"rotation":180,"texture":"#0"},"down":{"uv":[4.375,2.825,4.625,2.5],"rotation":180,"texture":"#0"}}},{"from":[-2.40549,14.4486,7.25],"to":[1.09451,15.9486,8.75],"rotation":{"angle":-22.5,"axis":"z","origin":[7,12.5,1.5]},"faces":{"north":{"uv":[4.5,1.375,5.375,1],"texture":"#0"},"east":{"uv":[5.375,1.375,5.75,1],"rotation":180,"texture":"#0"},"south":{"uv":[5.375,1.375,4.5,1],"texture":"#0"},"west":{"uv":[5.375,1.375,5.75,1],"rotation":180,"texture":"#0"},"up":{"uv":[4.5,1.75,5.375,1.375],"rotation":180,"texture":"#0"},"down":{"uv":[4.5,2.125,5.375,1.75],"rotation":180,"texture":"#0"}}},{"from":[3.40562,16.21922,7.05],"to":[5.40562,19.21922,8.95],"rotation":{"angle":22.5,"axis":"z","origin":[7,12.5,1.5]},"faces":{"north":{"uv":[5.875,0,5.125,0.5],"rotation":90,"texture":"#0"},"east":{"uv":[5.875,0.5,5.125,0.975],"rotation":90,"texture":"#0"},"south":{"uv":[5.125,0,5.875,0.5],"rotation":270,"texture":"#0"},"west":{"uv":[5.875,0.5,5.125,0.975],"rotation":90,"texture":"#0"},"up":{"uv":[2.475,1.5,2,2],"rotation":90,"texture":"#0"},"down":{"uv":[2.475,1.5,2,2],"rotation":90,"texture":"#0"}}},{"from":[0.8015,11.13645,6.95],"to":[3.3015,14.13645,9.05],"rotation":{"angle":-22.5,"axis":"z","origin":[7,12.5,1.5]},"faces":{"north":{"uv":[3.625,2,4.375,1.375],"rotation":270,"texture":"#0"},"east":{"uv":[3.625,2.525,4.375,2],"rotation":270,"texture":"#0"},"south":{"uv":[3.625,1.375,4.375,2],"rotation":270,"texture":"#0"},"west":{"uv":[3.625,3.05,4.375,2.525],"rotation":270,"texture":"#0"},"up":{"uv":[2.75,3.125,3.275,2.5],"rotation":270,"texture":"#0"},"down":{"uv":[2.75,3.125,3.275,2.5],"rotation":270,"texture":"#0"}}},{"from":[1.6404,12.99576,6.85],"to":[4.6404,15.99576,9.15],"rotation":{"angle":22.5,"axis":"z","origin":[7,12.5,1.5]},"faces":{"north":{"uv":[3.75,0.75,4.5,0],"rotation":90,"texture":"#0"},"east":{"uv":[3.75,1.325,4.5,0.75],"rotation":270,"texture":"#0"},"south":{"uv":[4.5,0.75,3.75,0],"rotation":270,"texture":"#0"},"west":{"uv":[5.875,0.575,6.625,0],"rotation":270,"texture":"#0"},"up":{"uv":[4.5,0.75,5.075,0],"rotation":270,"texture":"#0"},"down":{"uv":[4.5,0.75,5.075,0],"rotation":270,"texture":"#0"}}},{"from":[2.76267,8.79048,6.75],"to":[6.76267,12.29048,9.25],"rotation":{"angle":-22.5,"axis":"z","origin":[7,12.5,1.5]},"faces":{"north":{"uv":[3.625,1.875,2.625,1],"texture":"#0"},"east":{"uv":[2.75,3.375,2.125,2.5],"texture":"#0"},"south":{"uv":[2.625,1.875,3.625,1],"texture":"#0"},"west":{"uv":[2.75,3.375,2.125,2.5],"texture":"#0"},"up":{"uv":[3.625,2.5,2.625,1.875],"texture":"#0"},"down":{"uv":[3.625,2.5,2.625,1.875],"texture":"#0"}}},{"from":[1.15898,9.19262,7.5],"to":[3.15898,10.69262,8.5],"rotation":{"angle":-22.5,"axis":"z","origin":[7,12.5,1.5]},"faces":{"north":{"uv":[4.625,4,4.125,3.625],"rotation":180,"texture":"#0"},"east":{"uv":[4.875,3.625,4.625,4],"texture":"#0"},"south":{"uv":[4.625,3.625,4.125,4],"texture":"#0"},"west":{"uv":[4.875,3.625,4.625,4],"texture":"#0"},"up":{"uv":[4.625,4,4.125,4.25],"texture":"#0"},"down":{"uv":[4.625,4,4.125,4.25],"texture":"#0"}}},{"from":[-0.12245,14.05272,7.6],"to":[1.37755,15.05272,8.4],"rotation":{"angle":22.5,"axis":"z","origin":[7,12.5,1.5]},"faces":{"north":{"uv":[4.625,4,5,4.25],"texture":"#0"},"east":{"uv":[5,4.25,5.2,4],"rotation":180,"texture":"#0"},"south":{"uv":[4.625,4.25,5,4],"rotation":180,"texture":"#0"},"west":{"uv":[5,4.25,5.2,4],"rotation":180,"texture":"#0"},"up":{"uv":[4.875,3.95,5.25,3.75],"rotation":180,"texture":"#0"},"down":{"uv":[4.875,3.95,5.25,3.75],"rotation":180,"texture":"#0"}}},{"from":[0.55898,7.89262,7.7],"to":[1.05898,8.89262,8.3],"rotation":{"angle":-22.5,"axis":"z","origin":[7,12.5,1.5]},"faces":{"north":{"uv":[5.5,4.125,5.25,4],"rotation":270,"texture":"#0"},"east":{"uv":[5.25,3.9,5.5,3.75],"rotation":90,"texture":"#0"},"south":{"uv":[5.25,4.125,5.5,4],"rotation":90,"texture":"#0"},"west":{"uv":[5.25,3.9,5.5,3.75],"rotation":90,"texture":"#0"},"up":{"uv":[5.25,4.25,5.4,4.125],"rotation":90,"texture":"#0"},"down":{"uv":[5.25,4.25,5.4,4.125],"rotation":90,"texture":"#0"}}},{"from":[7.15,15.78482,0.02843],"to":[7.85,16.28482,1.02843],"rotation":{"angle":0,"axis":"y","origin":[14,12.5,7.5]},"faces":{"north":{"uv":[5.125,2.25,5.3,2.125],"rotation":180,"texture":"#0"},"east":{"uv":[5.375,2.125,5.625,2],"texture":"#0"},"south":{"uv":[5.125,2.25,5.3,2.125],"rotation":180,"texture":"#0"},"west":{"uv":[5.375,2.125,5.625,2],"rotation":180,"texture":"#0"},"up":{"uv":[5.375,2.3,5.625,2.125],"rotation":270,"texture":"#0"},"down":{"uv":[5.375,2.3,5.625,2.125],"rotation":90,"texture":"#0"}}},{"from":[7.05,18.39904,1.70827],"to":[7.95,19.59904,2.40827],"rotation":{"angle":-22.5,"axis":"x","origin":[14,12.5,7.5]},"faces":{"north":{"uv":[5.625,1.675,5.85,1.375],"rotation":180,"texture":"#0"},"east":{"uv":[5.375,1.675,5.55,1.375],"texture":"#0"},"south":{"uv":[5.625,2.05,5.85,1.75],"rotation":180,"texture":"#0"},"west":{"uv":[5.375,1.375,5.55,1.675],"rotation":180,"texture":"#0"},"up":{"uv":[5.375,1.975,5.55,1.75],"rotation":270,"texture":"#0"},"down":{"uv":[5.375,1.975,5.55,1.75],"rotation":90,"texture":"#0"}}},{"from":[6.85,13.3486,-1.70549],"to":[8.15,14.8486,-0.70549],"rotation":{"angle":22.5,"axis":"x","origin":[14,12.5,7.5]},"faces":{"north":{"uv":[4.375,2.5,4.7,2.125],"rotation":180,"texture":"#0"},"east":{"uv":[2.125,2.375,2.375,2],"texture":"#0"},"south":{"uv":[4.75,2.5,5.075,2.125],"rotation":180,"texture":"#0"},"west":{"uv":[2.375,2.375,2.125,2],"texture":"#0"},"up":{"uv":[4.375,2.825,4.625,2.5],"rotation":270,"texture":"#0"},"down":{"uv":[4.375,2.825,4.625,2.5],"rotation":90,"texture":"#0"}}},{"from":[6.75,14.4486,-1.90549],"to":[8.25,15.9486,1.59451],"rotation":{"angle":22.5,"axis":"x","origin":[14,12.5,7.5]},"faces":{"north":{"uv":[5.375,1.375,5.75,1],"rotation":180,"texture":"#0"},"east":{"uv":[4.5,1.375,5.375,1],"texture":"#0"},"south":{"uv":[5.375,1.375,5.75,1],"rotation":180,"texture":"#0"},"west":{"uv":[5.375,1.375,4.5,1],"texture":"#0"},"up":{"uv":[4.5,1.75,5.375,1.375],"rotation":270,"texture":"#0"},"down":{"uv":[4.5,2.125,5.375,1.75],"rotation":90,"texture":"#0"}}},{"from":[6.55,16.21922,3.90562],"to":[8.45,19.21922,5.90562],"rotation":{"angle":-22.5,"axis":"x","origin":[14,12.5,7.5]},"faces":{"north":{"uv":[5.875,0.5,5.125,0.975],"rotation":90,"texture":"#0"},"east":{"uv":[5.875,0,5.125,0.5],"rotation":90,"texture":"#0"},"south":{"uv":[5.875,0.5,5.125,0.975],"rotation":90,"texture":"#0"},"west":{"uv":[5.125,0,5.875,0.5],"rotation":270,"texture":"#0"},"up":{"uv":[2.475,1.5,2,2],"rotation":180,"texture":"#0"},"down":{"uv":[2.475,1.5,2,2],"texture":"#0"}}},{"from":[6.45,11.13645,1.3015],"to":[8.55,14.13645,3.8015],"rotation":{"angle":22.5,"axis":"x","origin":[14,12.5,7.5]},"faces":{"north":{"uv":[3.625,3.05,4.375,2.525],"rotation":270,"texture":"#0"},"east":{"uv":[3.625,2,4.375,1.375],"rotation":270,"texture":"#0"},"south":{"uv":[3.625,2.525,4.375,2],"rotation":270,"texture":"#0"},"west":{"uv":[3.625,1.375,4.375,2],"rotation":270,"texture":"#0"},"up":{"uv":[2.75,3.125,3.275,2.5],"texture":"#0"},"down":{"uv":[2.75,3.125,3.275,2.5],"rotation":180,"texture":"#0"}}},{"from":[6.25,8.79048,3.26267],"to":[8.75,12.29048,7.26267],"rotation":{"angle":22.5,"axis":"x","origin":[14,12.5,7.5]},"faces":{"north":{"uv":[2.75,3.375,2.125,2.5],"texture":"#0"},"east":{"uv":[3.625,1.875,2.625,1],"texture":"#0"},"south":{"uv":[2.75,3.375,2.125,2.5],"texture":"#0"},"west":{"uv":[2.625,1.875,3.625,1],"texture":"#0"},"up":{"uv":[3.625,2.5,2.625,1.875],"rotation":90,"texture":"#0"},"down":{"uv":[3.625,2.5,2.625,1.875],"rotation":270,"texture":"#0"}}},{"from":[6.35,12.99576,2.1404],"to":[8.65,15.99576,5.1404],"rotation":{"angle":-22.5,"axis":"x","origin":[14,12.5,7.5]},"faces":{"north":{"uv":[5.875,0.575,6.625,0],"rotation":270,"texture":"#0"},"east":{"uv":[3.75,0.75,4.5,0],"rotation":90,"texture":"#0"},"south":{"uv":[3.75,1.325,4.5,0.75],"rotation":270,"texture":"#0"},"west":{"uv":[4.5,0.75,3.75,0],"rotation":270,"texture":"#0"},"up":{"uv":[4.5,0.75,5.075,0],"texture":"#0"},"down":{"uv":[4.5,0.75,5.075,0],"rotation":180,"texture":"#0"}}},{"from":[7,9.19262,1.65898],"to":[8,10.69262,3.65898],"rotation":{"angle":22.5,"axis":"x","origin":[14,12.5,7.5]},"faces":{"north":{"uv":[4.875,3.625,4.625,4],"texture":"#0"},"east":{"uv":[4.625,4,4.125,3.625],"rotation":180,"texture":"#0"},"south":{"uv":[4.875,3.625,4.625,4],"texture":"#0"},"west":{"uv":[4.625,3.625,4.125,4],"texture":"#0"},"up":{"uv":[4.625,4,4.125,4.25],"rotation":90,"texture":"#0"},"down":{"uv":[4.625,4,4.125,4.25],"rotation":270,"texture":"#0"}}},{"from":[7.1,14.05272,0.37755],"to":[7.9,15.05272,1.87755],"rotation":{"angle":-22.5,"axis":"x","origin":[14,12.5,7.5]},"faces":{"north":{"uv":[5,4.25,5.2,4],"rotation":180,"texture":"#0"},"east":{"uv":[4.625,4,5,4.25],"texture":"#0"},"south":{"uv":[5,4.25,5.2,4],"rotation":180,"texture":"#0"},"west":{"uv":[4.625,4.25,5,4],"rotation":180,"texture":"#0"},"up":{"uv":[4.875,3.95,5.25,3.75],"rotation":270,"texture":"#0"},"down":{"uv":[4.875,3.95,5.25,3.75],"rotation":90,"texture":"#0"}}},{"from":[7.2,7.89262,1.05898],"to":[7.8,8.89262,1.55898],"rotation":{"angle":22.5,"axis":"x","origin":[14,12.5,7.5]},"faces":{"north":{"uv":[5.25,3.9,5.5,3.75],"rotation":90,"texture":"#0"},"east":{"uv":[5.5,4.125,5.25,4],"rotation":270,"texture":"#0"},"south":{"uv":[5.25,3.9,5.5,3.75],"rotation":90,"texture":"#0"},"west":{"uv":[5.25,4.125,5.5,4],"rotation":90,"texture":"#0"},"up":{"uv":[5.25,4.25,5.4,4.125],"rotation":180,"texture":"#0"},"down":{"uv":[5.25,4.25,5.4,4.125],"texture":"#0"}}},{"from":[7.15,15.78482,14.97157],"to":[7.85,16.28482,15.97157],"rotation":{"angle":0,"axis":"y","origin":[14,12.5,8.5]},"faces":{"north":{"uv":[5.3,2.25,5.125,2.125],"rotation":180,"texture":"#0"},"east":{"uv":[5.625,2.125,5.375,2],"texture":"#0"},"south":{"uv":[5.3,2.25,5.125,2.125],"rotation":180,"texture":"#0"},"west":{"uv":[5.625,2.125,5.375,2],"rotation":180,"texture":"#0"},"up":{"uv":[5.625,2.3,5.375,2.125],"rotation":270,"texture":"#0"},"down":{"uv":[5.625,2.3,5.375,2.125],"rotation":90,"texture":"#0"}}},{"from":[7.05,18.39904,13.59173],"to":[7.95,19.59904,14.29173],"rotation":{"angle":22.5,"axis":"x","origin":[14,12.5,8.5]},"faces":{"north":{"uv":[5.85,2.05,5.625,1.75],"rotation":180,"texture":"#0"},"east":{"uv":[5.55,1.675,5.375,1.375],"texture":"#0"},"south":{"uv":[5.85,1.675,5.625,1.375],"rotation":180,"texture":"#0"},"west":{"uv":[5.55,1.375,5.375,1.675],"rotation":180,"texture":"#0"},"up":{"uv":[5.55,1.975,5.375,1.75],"rotation":270,"texture":"#0"},"down":{"uv":[5.55,1.975,5.375,1.75],"rotation":90,"texture":"#0"}}},{"from":[6.85,13.3486,16.70549],"to":[8.15,14.8486,17.70549],"rotation":{"angle":-22.5,"axis":"x","origin":[14,12.5,8.5]},"faces":{"north":{"uv":[5.075,2.5,4.75,2.125],"rotation":180,"texture":"#0"},"east":{"uv":[2.375,2.375,2.125,2],"texture":"#0"},"south":{"uv":[4.7,2.5,4.375,2.125],"rotation":180,"texture":"#0"},"west":{"uv":[2.125,2.375,2.375,2],"texture":"#0"},"up":{"uv":[4.625,2.825,4.375,2.5],"rotation":270,"texture":"#0"},"down":{"uv":[4.625,2.825,4.375,2.5],"rotation":90,"texture":"#0"}}},{"from":[6.75,14.4486,14.40549],"to":[8.25,15.9486,17.90549],"rotation":{"angle":-22.5,"axis":"x","origin":[14,12.5,8.5]},"faces":{"north":{"uv":[5.75,1.375,5.375,1],"rotation":180,"texture":"#0"},"east":{"uv":[5.375,1.375,4.5,1],"texture":"#0"},"south":{"uv":[5.75,1.375,5.375,1],"rotation":180,"texture":"#0"},"west":{"uv":[4.5,1.375,5.375,1],"texture":"#0"},"up":{"uv":[5.375,1.75,4.5,1.375],"rotation":270,"texture":"#0"},"down":{"uv":[5.375,2.125,4.5,1.75],"rotation":90,"texture":"#0"}}},{"from":[6.55,16.21922,10.09438],"to":[8.45,19.21922,12.09438],"rotation":{"angle":22.5,"axis":"x","origin":[14,12.5,8.5]},"faces":{"north":{"uv":[5.875,0.975,5.125,0.5],"rotation":90,"texture":"#0"},"east":{"uv":[5.875,0.5,5.125,0],"rotation":90,"texture":"#0"},"south":{"uv":[5.875,0.975,5.125,0.5],"rotation":90,"texture":"#0"},"west":{"uv":[5.125,0.5,5.875,0],"rotation":270,"texture":"#0"},"up":{"uv":[2.475,2,2,1.5],"rotation":180,"texture":"#0"},"down":{"uv":[2.475,2,2,1.5],"texture":"#0"}}},{"from":[6.45,11.13645,12.1985],"to":[8.55,14.13645,14.6985],"rotation":{"angle":-22.5,"axis":"x","origin":[14,12.5,8.5]},"faces":{"north":{"uv":[3.625,2,4.375,2.525],"rotation":270,"texture":"#0"},"east":{"uv":[3.625,1.375,4.375,2],"rotation":270,"texture":"#0"},"south":{"uv":[3.625,2.525,4.375,3.05],"rotation":270,"texture":"#0"},"west":{"uv":[3.625,2,4.375,1.375],"rotation":270,"texture":"#0"},"up":{"uv":[2.75,2.5,3.275,3.125],"texture":"#0"},"down":{"uv":[2.75,2.5,3.275,3.125],"rotation":180,"texture":"#0"}}},{"from":[6.25,8.79048,8.73733],"to":[8.75,12.29048,12.73733],"rotation":{"angle":-22.5,"axis":"x","origin":[14,12.5,8.5]},"faces":{"north":{"uv":[2.125,3.375,2.75,2.5],"texture":"#0"},"east":{"uv":[2.625,1.875,3.625,1],"texture":"#0"},"south":{"uv":[2.125,3.375,2.75,2.5],"texture":"#0"},"west":{"uv":[3.625,1.875,2.625,1],"texture":"#0"},"up":{"uv":[2.625,2.5,3.625,1.875],"rotation":90,"texture":"#0"},"down":{"uv":[2.625,2.5,3.625,1.875],"rotation":270,"texture":"#0"}}},{"from":[6.35,12.99576,10.8596],"to":[8.65,15.99576,13.8596],"rotation":{"angle":22.5,"axis":"x","origin":[14,12.5,8.5]},"faces":{"north":{"uv":[3.75,0.75,4.5,1.325],"rotation":270,"texture":"#0"},"east":{"uv":[3.75,0,4.5,0.75],"rotation":90,"texture":"#0"},"south":{"uv":[5.875,0,6.625,0.575],"rotation":270,"texture":"#0"},"west":{"uv":[4.5,0,3.75,0.75],"rotation":270,"texture":"#0"},"up":{"uv":[4.5,0,5.075,0.75],"texture":"#0"},"down":{"uv":[4.5,0,5.075,0.75],"rotation":180,"texture":"#0"}}},{"from":[7,9.19262,12.34102],"to":[8,10.69262,14.34102],"rotation":{"angle":-22.5,"axis":"x","origin":[14,12.5,8.5]},"faces":{"north":{"uv":[4.625,3.625,4.875,4],"texture":"#0"},"east":{"uv":[4.125,4,4.625,3.625],"rotation":180,"texture":"#0"},"south":{"uv":[4.625,3.625,4.875,4],"texture":"#0"},"west":{"uv":[4.125,3.625,4.625,4],"texture":"#0"},"up":{"uv":[4.125,4,4.625,4.25],"rotation":90,"texture":"#0"},"down":{"uv":[4.125,4,4.625,4.25],"rotation":270,"texture":"#0"}}},{"from":[7.1,14.05272,14.12245],"to":[7.9,15.05272,15.62245],"rotation":{"angle":22.5,"axis":"x","origin":[14,12.5,8.5]},"faces":{"north":{"uv":[5.2,4.25,5,4],"rotation":180,"texture":"#0"},"east":{"uv":[5,4,4.625,4.25],"texture":"#0"},"south":{"uv":[5.2,4.25,5,4],"rotation":180,"texture":"#0"},"west":{"uv":[5,4.25,4.625,4],"rotation":180,"texture":"#0"},"up":{"uv":[5.25,3.95,4.875,3.75],"rotation":270,"texture":"#0"},"down":{"uv":[5.25,3.95,4.875,3.75],"rotation":90,"texture":"#0"}}},{"from":[7.2,7.89262,14.44102],"to":[7.8,8.89262,14.94102],"rotation":{"angle":-22.5,"axis":"x","origin":[14,12.5,8.5]},"faces":{"north":{"uv":[5.25,3.75,5.5,3.9],"rotation":90,"texture":"#0"},"east":{"uv":[5.5,4,5.25,4.125],"rotation":270,"texture":"#0"},"south":{"uv":[5.25,3.75,5.5,3.9],"rotation":90,"texture":"#0"},"west":{"uv":[5.25,4,5.5,4.125],"rotation":90,"texture":"#0"},"up":{"uv":[5.25,4.125,5.4,4.25],"rotation":180,"texture":"#0"},"down":{"uv":[5.25,4.125,5.4,4.25],"texture":"#0"}}},{"from":[11,6.2,7.6],"to":[12,7.7,8.4],"rotation":{"angle":22.5,"axis":"z","origin":[7.4,6.5,8]},"faces":{"north":{"uv":[5.875,0.875,6.25,0.625],"rotation":90,"texture":"#0"},"east":{"uv":[5.875,0.875,6.25,1.075],"rotation":90,"texture":"#0"},"south":{"uv":[5.875,0.625,6.25,0.875],"rotation":90,"texture":"#0"},"west":{"uv":[5.875,0.875,6.25,1.075],"rotation":90,"texture":"#0"},"up":{"uv":[5.75,1.125,5.95,1.375],"rotation":90,"texture":"#0"},"down":{"uv":[5.75,1.125,5.95,1.375],"rotation":90,"texture":"#0"}}},{"from":[9.96447,8.16447,7.7],"to":[10.46447,9.16447,8.3],"rotation":{"angle":-22.5,"axis":"z","origin":[7.4,6.5,8]},"faces":{"north":{"uv":[5.875,1.375,6.125,1.5],"rotation":90,"texture":"#0"},"east":{"uv":[5.875,1.5,6.125,1.65],"rotation":90,"texture":"#0"},"south":{"uv":[5.875,1.375,6.125,1.5],"rotation":90,"texture":"#0"},"west":{"uv":[5.875,1.5,6.125,1.65],"rotation":90,"texture":"#0"},"up":{"uv":[5.875,1.75,6.025,1.875],"rotation":90,"texture":"#0"},"down":{"uv":[5.875,1.75,6.025,1.875],"rotation":90,"texture":"#0"}}},{"from":[6.9,9.46447,8.46447],"to":[7.9,10.96447,10.46447],"rotation":{"angle":22.5,"axis":"x","origin":[7.4,6.5,8]},"faces":{"north":{"uv":[5.5,3.125,5.75,3.5],"texture":"#0"},"east":{"uv":[5.5,3.125,5,3.5],"texture":"#0"},"south":{"uv":[5.5,3.125,5.75,3.5],"texture":"#0"},"west":{"uv":[5,3.125,5.5,3.5],"texture":"#0"},"up":{"uv":[5,3.5,5.5,3.75],"rotation":90,"texture":"#0"},"down":{"uv":[5,3.5,5.5,3.75],"rotation":270,"texture":"#0"}}},{"from":[7,6.2,11.6],"to":[7.8,7.7,12.6],"rotation":{"angle":-22.5,"axis":"x","origin":[7.4,6.5,8]},"faces":{"north":{"uv":[5.875,0.875,6.25,1.075],"rotation":90,"texture":"#0"},"east":{"uv":[5.875,0.875,6.25,0.625],"rotation":90,"texture":"#0"},"south":{"uv":[5.875,0.875,6.25,1.075],"rotation":90,"texture":"#0"},"west":{"uv":[5.875,0.625,6.25,0.875],"rotation":90,"texture":"#0"},"up":{"uv":[5.75,1.125,5.95,1.375],"rotation":180,"texture":"#0"},"down":{"uv":[5.75,1.125,5.95,1.375],"texture":"#0"}}},{"from":[7.1,8.16447,10.56447],"to":[7.7,9.16447,11.06447],"rotation":{"angle":22.5,"axis":"x","origin":[7.4,6.5,8]},"faces":{"north":{"uv":[5.875,1.5,6.125,1.65],"rotation":90,"texture":"#0"},"east":{"uv":[5.875,1.375,6.125,1.5],"rotation":90,"texture":"#0"},"south":{"uv":[5.875,1.5,6.125,1.65],"rotation":90,"texture":"#0"},"west":{"uv":[5.875,1.375,6.125,1.5],"rotation":90,"texture":"#0"},"up":{"uv":[5.875,1.75,6.025,1.875],"rotation":180,"texture":"#0"},"down":{"uv":[5.875,1.75,6.025,1.875],"texture":"#0"}}},{"from":[6.9,9.46447,5.93553],"to":[7.9,10.96447,7.93553],"rotation":{"angle":-22.5,"axis":"x","origin":[7.4,6.5,8.4]},"faces":{"north":{"uv":[5.75,3.125,5.5,3.5],"texture":"#0"},"east":{"uv":[5,3.125,5.5,3.5],"texture":"#0"},"south":{"uv":[5.75,3.125,5.5,3.5],"texture":"#0"},"west":{"uv":[5.5,3.125,5,3.5],"texture":"#0"},"up":{"uv":[5.5,3.5,5,3.75],"rotation":90,"texture":"#0"},"down":{"uv":[5.5,3.5,5,3.75],"rotation":270,"texture":"#0"}}},{"from":[7,6.2,3.8],"to":[7.8,7.7,4.8],"rotation":{"angle":22.5,"axis":"x","origin":[7.4,6.5,8.4]},"faces":{"north":{"uv":[5.875,1.075,6.25,0.875],"rotation":90,"texture":"#0"},"east":{"uv":[5.875,0.625,6.25,0.875],"rotation":90,"texture":"#0"},"south":{"uv":[5.875,1.075,6.25,0.875],"rotation":90,"texture":"#0"},"west":{"uv":[5.875,0.875,6.25,0.625],"rotation":90,"texture":"#0"},"up":{"uv":[5.75,1.375,5.95,1.125],"rotation":180,"texture":"#0"},"down":{"uv":[5.75,1.375,5.95,1.125],"texture":"#0"}}},{"from":[7.1,8.16447,5.33553],"to":[7.7,9.16447,5.83553],"rotation":{"angle":-22.5,"axis":"x","origin":[7.4,6.5,8.4]},"faces":{"north":{"uv":[5.875,1.65,6.125,1.5],"rotation":90,"texture":"#0"},"east":{"uv":[5.875,1.5,6.125,1.375],"rotation":90,"texture":"#0"},"south":{"uv":[5.875,1.65,6.125,1.5],"rotation":90,"texture":"#0"},"west":{"uv":[5.875,1.5,6.125,1.375],"rotation":90,"texture":"#0"},"up":{"uv":[5.875,1.875,6.025,1.75],"rotation":180,"texture":"#0"},"down":{"uv":[5.875,1.875,6.025,1.75],"texture":"#0"}}},{"from":[13,14,1.9],"to":[18,15,3.9],"rotation":{"angle":-45,"axis":"y","origin":[8,12.5,-3.125]},"faces":{"north":{"uv":[2.9375,3.3875,1.6875,3.6375],"texture":"#0"},"east":{"uv":[3.25,3.125,2.75,3.375],"texture":"#0"},"south":{"uv":[2.9375,3.3875,1.6875,3.6375],"texture":"#0"},"west":{"uv":[3.25,3.125,2.75,3.375],"texture":"#0"},"up":{"uv":[2.875,4.125,1.625,3.625],"texture":"#0"},"down":{"uv":[2.875,4.125,1.625,3.625],"texture":"#0"}}},{"from":[15.25,11.5,0.5],"to":[15.75,13,1],"rotation":{"angle":-45,"axis":"y","origin":[8,12.5,-3.125]},"faces":{"north":{"uv":[1.625,3.875,1.5,3.5],"texture":"#0"},"east":{"uv":[1.5,3.875,1.375,3.5],"texture":"#0"},"south":{"uv":[1.375,3.875,1.25,3.5],"texture":"#0"},"west":{"uv":[1.5,3.875,1.375,3.5],"texture":"#0"},"up":{"uv":[1.25,4,1.375,3.875],"texture":"#0"},"down":{"uv":[1.25,4,1.375,3.875],"texture":"#0"}}},{"from":[14,14,1.4],"to":[17,16,4.4],"rotation":{"angle":-45,"axis":"y","origin":[8,12.5,-3.125]},"faces":{"north":{"uv":[0.8125,1.0125,0.0625,1.5125],"texture":"#0"},"east":{"uv":[0.75,1.75,0,2.25],"texture":"#0"},"south":{"uv":[0.8125,1.0125,0.0625,1.5125],"texture":"#0"},"west":{"uv":[0.75,1.75,0,2.25],"texture":"#0"},"up":{"uv":[2.4375,4.875,1.6875,4.125],"texture":"#0"},"down":{"uv":[1.25,4.125,0.5,3.375],"texture":"#0"}}},{"from":[12.75,10,1],"to":[18.25,14,5],"rotation":{"angle":-45,"axis":"y","origin":[8,12.5,-3.125]},"faces":{"north":{"uv":[0,1,1.375,0],"texture":"#0"},"east":{"uv":[1.375,1,2.375,0],"texture":"#0"},"south":{"uv":[0,1,1.375,0],"texture":"#0"},"west":{"uv":[1.375,1,2.375,0],"texture":"#0"},"up":{"uv":[3.75,1,2.375,0],"texture":"#0"},"down":{"uv":[3.75,1,2.375,0],"texture":"#0"}}},{"from":[14,9,1.65],"to":[17,11,4.35],"rotation":{"angle":-45,"axis":"y","origin":[8,12.5,-3.125]},"faces":{"north":{"uv":[0.75,1.75,1.5,2.25],"texture":"#0"},"east":{"uv":[0.75,1.75,1.5,2.25],"texture":"#0"},"south":{"uv":[0.75,1.75,1.5,2.25],"texture":"#0"},"west":{"uv":[0.75,1.75,1.5,2.25],"texture":"#0"},"up":{"uv":[1.25,1.0375,2,1.7125],"texture":"#0"},"down":{"uv":[1.25,1.0375,2,1.7125],"texture":"#0"}}},{"from":[12.75,10,0.9],"to":[18.25,14,0.9],"rotation":{"angle":-45,"axis":"y","origin":[8,12.5,-3.125]},"faces":{"north":{"uv":[11,0,0,8],"texture":"#1"},"south":{"uv":[11,0,0,8],"texture":"#1"}}},{"from":[14,14,11.6],"to":[17,16,14.6],"rotation":{"angle":45,"axis":"y","origin":[8,12.5,19.125]},"faces":{"north":{"uv":[0.0625,1.0125,0.8125,1.5125],"texture":"#0"},"east":{"uv":[0,1.75,0.75,2.25],"texture":"#0"},"south":{"uv":[0.0625,1.0125,0.8125,1.5125],"texture":"#0"},"west":{"uv":[0,1.75,0.75,2.25],"texture":"#0"},"up":{"uv":[2.4375,4.125,1.6875,4.875],"texture":"#0"},"down":{"uv":[1.25,3.375,0.5,4.125],"texture":"#0"}}},{"from":[14,9,11.65],"to":[17,11,14.35],"rotation":{"angle":45,"axis":"y","origin":[8,12.5,19.125]},"faces":{"north":{"uv":[1.5,1.75,0.75,2.25],"texture":"#0"},"east":{"uv":[1.5,1.75,0.75,2.25],"texture":"#0"},"south":{"uv":[1.5,1.75,0.75,2.25],"texture":"#0"},"west":{"uv":[1.5,1.75,0.75,2.25],"texture":"#0"},"up":{"uv":[1.25,1.7125,2,1.0375],"texture":"#0"},"down":{"uv":[1.25,1.7125,2,1.0375],"texture":"#0"}}},{"from":[13,14,12.1],"to":[18,15,14.1],"rotation":{"angle":45,"axis":"y","origin":[8,12.5,19.125]},"faces":{"north":{"uv":[1.6875,3.3875,2.9375,3.6375],"texture":"#0"},"east":{"uv":[2.75,3.125,3.25,3.375],"texture":"#0"},"south":{"uv":[1.6875,3.3875,2.9375,3.6375],"texture":"#0"},"west":{"uv":[2.75,3.125,3.25,3.375],"texture":"#0"},"up":{"uv":[2.875,3.625,1.625,4.125],"texture":"#0"},"down":{"uv":[2.875,3.625,1.625,4.125],"texture":"#0"}}},{"from":[12.75,10,15.1],"to":[18.25,14,15.1],"rotation":{"angle":45,"axis":"y","origin":[8,12.5,19.125]},"faces":{"north":{"uv":[0,0,11,8],"texture":"#1"},"south":{"uv":[0,0,11,8],"texture":"#1"}}},{"from":[12.75,10,11],"to":[18.25,14,15],"rotation":{"angle":45,"axis":"y","origin":[8,12.5,19.125]},"faces":{"north":{"uv":[1.375,1,0,0],"texture":"#0"},"east":{"uv":[2.375,1,1.375,0],"texture":"#0"},"south":{"uv":[1.375,1,0,0],"texture":"#0"},"west":{"uv":[2.375,1,1.375,0],"texture":"#0"},"up":{"uv":[3.75,0,2.375,1],"texture":"#0"},"down":{"uv":[3.75,0,2.375,1],"texture":"#0"}}},{"from":[-3.25,10,11],"to":[2.25,14,15],"rotation":{"angle":-45,"axis":"y","origin":[7,12.5,19.125]},"faces":{"north":{"uv":[0,1,1.375,0],"texture":"#0"},"east":{"uv":[1.375,1,2.375,0],"texture":"#0"},"south":{"uv":[0,1,1.375,0],"texture":"#0"},"west":{"uv":[1.375,1,2.375,0],"texture":"#0"},"up":{"uv":[2.375,0,3.75,1],"texture":"#0"},"down":{"uv":[2.375,0,3.75,1],"texture":"#0"}}},{"from":[-3.25,10,15.1],"to":[2.25,14,15.1],"rotation":{"angle":-45,"axis":"y","origin":[7,12.5,19.125]},"faces":{"north":{"uv":[11,0,0,8],"texture":"#1"},"south":{"uv":[11,0,0,8],"texture":"#1"}}},{"from":[-3,14,12.1],"to":[2,15,14.1],"rotation":{"angle":-45,"axis":"y","origin":[7,12.5,19.125]},"faces":{"north":{"uv":[2.9375,3.3875,1.6875,3.6375],"texture":"#0"},"east":{"uv":[3.25,3.125,2.75,3.375],"texture":"#0"},"south":{"uv":[2.9375,3.3875,1.6875,3.6375],"texture":"#0"},"west":{"uv":[3.25,3.125,2.75,3.375],"texture":"#0"},"up":{"uv":[1.625,3.625,2.875,4.125],"texture":"#0"},"down":{"uv":[1.625,3.625,2.875,4.125],"texture":"#0"}}},{"from":[-2,9,11.65],"to":[1,11,14.35],"rotation":{"angle":-45,"axis":"y","origin":[7,12.5,19.125]},"faces":{"north":{"uv":[0.75,1.75,1.5,2.25],"texture":"#0"},"east":{"uv":[0.75,1.75,1.5,2.25],"texture":"#0"},"south":{"uv":[0.75,1.75,1.5,2.25],"texture":"#0"},"west":{"uv":[0.75,1.75,1.5,2.25],"texture":"#0"},"up":{"uv":[2,1.7125,1.25,1.0375],"texture":"#0"},"down":{"uv":[2,1.7125,1.25,1.0375],"texture":"#0"}}},{"from":[-2,14,11.6],"to":[1,16,14.6],"rotation":{"angle":-45,"axis":"y","origin":[7,12.5,19.125]},"faces":{"north":{"uv":[0.8125,1.0125,0.0625,1.5125],"texture":"#0"},"east":{"uv":[0.75,1.75,0,2.25],"texture":"#0"},"south":{"uv":[0.8125,1.0125,0.0625,1.5125],"texture":"#0"},"west":{"uv":[0.75,1.75,0,2.25],"texture":"#0"},"up":{"uv":[1.6875,4.125,2.4375,4.875],"texture":"#0"},"down":{"uv":[0.5,3.375,1.25,4.125],"texture":"#0"}}},{"from":[-2,14,1.4],"to":[1,16,4.4],"rotation":{"angle":45,"axis":"y","origin":[7,12.5,-3.125]},"faces":{"north":{"uv":[0.0625,1.0125,0.8125,1.5125],"texture":"#0"},"east":{"uv":[0,1.75,0.75,2.25],"texture":"#0"},"south":{"uv":[0.0625,1.0125,0.8125,1.5125],"texture":"#0"},"west":{"uv":[0,1.75,0.75,2.25],"texture":"#0"},"up":{"uv":[1.6875,4.875,2.4375,4.125],"texture":"#0"},"down":{"uv":[0.5,4.125,1.25,3.375],"texture":"#0"}}},{"from":[-3.25,10,1],"to":[2.25,14,5],"rotation":{"angle":45,"axis":"y","origin":[7,12.5,-3.125]},"faces":{"north":{"uv":[1.375,1,0,0],"texture":"#0"},"east":{"uv":[2.375,1,1.375,0],"texture":"#0"},"south":{"uv":[1.375,1,0,0],"texture":"#0"},"west":{"uv":[2.375,1,1.375,0],"texture":"#0"},"up":{"uv":[2.375,1,3.75,0],"texture":"#0"},"down":{"uv":[2.375,1,3.75,0],"texture":"#0"}}},{"from":[-2,9,1.65],"to":[1,11,4.35],"rotation":{"angle":45,"axis":"y","origin":[7,12.5,-3.125]},"faces":{"north":{"uv":[1.5,1.75,0.75,2.25],"texture":"#0"},"east":{"uv":[1.5,1.75,0.75,2.25],"texture":"#0"},"south":{"uv":[1.5,1.75,0.75,2.25],"texture":"#0"},"west":{"uv":[1.5,1.75,0.75,2.25],"texture":"#0"},"up":{"uv":[2,1.0375,1.25,1.7125],"texture":"#0"},"down":{"uv":[2,1.0375,1.25,1.7125],"texture":"#0"}}},{"from":[-3.25,10,0.9],"to":[2.25,14,0.9],"rotation":{"angle":45,"axis":"y","origin":[7,12.5,-3.125]},"faces":{"north":{"uv":[0,0,11,8],"texture":"#1"},"south":{"uv":[0,0,11,8],"texture":"#1"}}},{"from":[7.46467,-11.9652,7.5],"to":[9.46467,-10.4652,8.5],"rotation":{"angle":0,"axis":"y","origin":[9.48586,-9.78176,8]},"faces":{"north":{"uv":[4.125,4,4.625,3.625],"rotation":180,"texture":"#0"},"east":{"uv":[4.625,3.625,4.875,4],"texture":"#0"},"south":{"uv":[4.125,3.625,4.625,4],"texture":"#0"},"west":{"uv":[4.625,3.625,4.875,4],"texture":"#0"},"up":{"uv":[4.125,4,4.625,4.25],"texture":"#0"},"down":{"uv":[4.125,4,4.625,4.25],"texture":"#0"}}},{"from":[10.16836,-11.5795,7.6],"to":[11.66836,-10.5795,8.4],"rotation":{"angle":-45,"axis":"z","origin":[9.48586,-9.78176,8]},"faces":{"north":{"uv":[4.625,4.25,5,4],"rotation":180,"texture":"#0"},"east":{"uv":[5,4,5.2,4.25],"texture":"#0"},"south":{"uv":[4.625,4,5,4.25],"texture":"#0"},"west":{"uv":[5,4,5.2,4.25],"texture":"#0"},"up":{"uv":[4.875,3.75,5.25,3.95],"texture":"#0"},"down":{"uv":[4.875,3.75,5.25,3.95],"texture":"#0"}}},{"from":[9.56467,-13.2652,7.7],"to":[10.06467,-12.2652,8.3],"rotation":{"angle":0,"axis":"y","origin":[9.48586,-9.78176,8]},"faces":{"north":{"uv":[5.5,4,5.25,4.125],"rotation":270,"texture":"#0"},"east":{"uv":[5.25,3.75,5.5,3.9],"rotation":90,"texture":"#0"},"south":{"uv":[5.25,4,5.5,4.125],"rotation":90,"texture":"#0"},"west":{"uv":[5.25,3.75,5.5,3.9],"rotation":90,"texture":"#0"},"up":{"uv":[5.25,4.125,5.4,4.25],"rotation":90,"texture":"#0"},"down":{"uv":[5.25,4.125,5.4,4.25],"rotation":90,"texture":"#0"}}},{"from":[5.53533,-11.9652,7.5],"to":[7.53533,-10.4652,8.5],"rotation":{"angle":0,"axis":"y","origin":[5.51414,-9.78176,8]},"faces":{"north":{"uv":[4.625,4,4.125,3.625],"rotation":180,"texture":"#0"},"east":{"uv":[4.875,3.625,4.625,4],"texture":"#0"},"south":{"uv":[4.625,3.625,4.125,4],"texture":"#0"},"west":{"uv":[4.875,3.625,4.625,4],"texture":"#0"},"up":{"uv":[4.625,4,4.125,4.25],"texture":"#0"},"down":{"uv":[4.625,4,4.125,4.25],"texture":"#0"}}},{"from":[3.33164,-11.5795,7.6],"to":[4.83164,-10.5795,8.4],"rotation":{"angle":45,"axis":"z","origin":[5.51414,-9.78176,8]},"faces":{"north":{"uv":[5,4.25,4.625,4],"rotation":180,"texture":"#0"},"east":{"uv":[5.2,4,5,4.25],"texture":"#0"},"south":{"uv":[5,4,4.625,4.25],"texture":"#0"},"west":{"uv":[5.2,4,5,4.25],"texture":"#0"},"up":{"uv":[5.25,3.75,4.875,3.95],"texture":"#0"},"down":{"uv":[5.25,3.75,4.875,3.95],"texture":"#0"}}},{"from":[4.93533,-13.2652,7.7],"to":[5.43533,-12.2652,8.3],"rotation":{"angle":0,"axis":"y","origin":[5.51414,-9.78176,8]},"faces":{"north":{"uv":[5.5,4.125,5.25,4],"rotation":270,"texture":"#0"},"east":{"uv":[5.25,3.9,5.5,3.75],"rotation":90,"texture":"#0"},"south":{"uv":[5.25,4.125,5.5,4],"rotation":90,"texture":"#0"},"west":{"uv":[5.25,3.9,5.5,3.75],"rotation":90,"texture":"#0"},"up":{"uv":[5.25,4.25,5.4,4.125],"rotation":90,"texture":"#0"},"down":{"uv":[5.25,4.25,5.4,4.125],"rotation":90,"texture":"#0"}}},{"from":[6.75,-8,7.25],"to":[8.25,-3,8.75],"rotation":{"angle":0,"axis":"y","origin":[-0.5,-6,0]},"faces":{"north":{"uv":[1.25,2.25,1.625,3.5],"texture":"#0"},"east":{"uv":[1.25,2.25,1.625,3.5],"texture":"#0"},"south":{"uv":[1.25,2.25,1.625,3.5],"texture":"#0"},"west":{"uv":[1.25,2.25,1.625,3.5],"texture":"#0"},"up":{"uv":[0,3.125,0.375,3.5],"texture":"#0"},"down":{"uv":[0,3.125,0.375,3.5],"texture":"#0"}}},{"from":[6.75,-2,7.25],"to":[8.25,3,8.75],"rotation":{"angle":0,"axis":"y","origin":[-0.5,-6,0]},"faces":{"north":{"uv":[1.25,2.25,1.625,3.5],"texture":"#0"},"east":{"uv":[1.25,2.25,1.625,3.5],"texture":"#0"},"south":{"uv":[1.25,2.25,1.625,3.5],"texture":"#0"},"west":{"uv":[1.25,2.25,1.625,3.5],"texture":"#0"},"up":{"uv":[0,3.125,0.375,3.5],"texture":"#0"},"down":{"uv":[0,3.125,0.375,3.5],"texture":"#0"}}},{"from":[6.75,-12,7.25],"to":[8.25,-7,8.75],"rotation":{"angle":0,"axis":"y","origin":[-0.5,-6,0]},"faces":{"north":{"uv":[1.25,2.25,1.625,3.5],"texture":"#0"},"east":{"uv":[1.25,2.25,1.625,3.5],"texture":"#0"},"south":{"uv":[1.25,2.25,1.625,3.5],"texture":"#0"},"west":{"uv":[1.25,2.25,1.625,3.5],"texture":"#0"},"up":{"uv":[0,3.125,0.375,3.5],"texture":"#0"},"down":{"uv":[0,3.125,0.375,3.5],"texture":"#0"}}},{"from":[-3.4,15,8],"to":[2.6,16.5,14],"rotation":{"angle":45,"axis":"y","origin":[0,0,0]},"faces":{"north":{"uv":[6.125,1.5,7.625,1.875],"texture":"#0"},"east":{"uv":[6.125,3.375,7.625,3.75],"texture":"#0"},"south":{"uv":[6.125,1.5,7.625,1.875],"texture":"#0"},"west":{"uv":[6.125,3.375,7.625,3.75],"texture":"#0"},"up":{"uv":[6.125,1.875,7.625,3.375],"texture":"#0"},"down":{"uv":[6.125,1.875,7.625,3.375],"texture":"#0"}}},{"from":[7,16,6.75],"to":[9,18,9.25],"rotation":{"angle":45,"axis":"z","origin":[7.5,16.5,8]},"faces":{"north":{"uv":[1.625,2.25,2.125,2.75],"texture":"#0"},"east":{"uv":[2,1,2.625,1.5],"texture":"#0"},"south":{"uv":[2.125,2.25,1.625,2.75],"texture":"#0"},"west":{"uv":[2,1.5,2.625,1],"texture":"#0"},"up":{"uv":[1.625,2.75,2.125,3.375],"texture":"#0"},"down":{"uv":[2.125,2.75,1.625,3.375],"texture":"#0"}}},{"from":[2.5,16,8],"to":[12.5,24,8],"rotation":{"angle":0,"axis":"y","origin":[15,0,15.9]},"faces":{"north":{"uv":[0,10,8,0],"rotation":270,"texture":"#2"},"south":{"uv":[8,10,0,0],"rotation":90,"texture":"#2"}}},{"from":[7.5,16,3.4],"to":[7.5,24,13.4],"rotation":{"angle":0,"axis":"y","origin":[15,0,15.9]},"faces":{"east":{"uv":[0,10,8,0],"rotation":270,"texture":"#2"},"west":{"uv":[8,10,0,0],"rotation":90,"texture":"#2"}}}],"gui_light":"front","display":{"thirdperson_righthand":{"translation":[0.4,8.75,1.5],"scale":[0.8,0.8,0.8]},"thirdperson_lefthand":{"translation":[0.4,8.75,1.5],"scale":[0.8,0.8,0.8]},"firstperson_righthand":{"translation":[3,8.25,0],"scale":[0.45938,0.45938,0.45938]},"firstperson_lefthand":{"translation":[3,8.25,0],"scale":[0.45938,0.45938,0.45938]},"ground":{"rotation":[-45,0,0],"translation":[0,11,0],"scale":[0.6,0.6,0.6]},"gui":{"rotation":[-90,-45,-90],"translation":[0.75,0.75,-0.25],"scale":[0.51367,0.51367,0.51367]},"head":{"rotation":[-180,0,0],"translation":[0,11,1.75],"scale":[0,0,0]},"fixed":{"rotation":[0,-90,0],"translation":[0,10,-1.25],"scale":[1.6,1.6,1.6]}},"groups":[0,1,2,3,4,5,6,7,8,9,10,11,12,13,14,15,16,17,18,19,20,21,22,23,24,25,26,27,28,29,30,31,32,33,34,35,36,37,38,39,40,41,42,43,44,45,46,47,48,49,50,51,52,53,54,55,56,57,58,59,60,61,62,63,64,65,{"name":"group","origin":[-0.5,-6,0],"color":0,"nbt":"{}","children":[]},{"name":"group","origin":[8,6,10.5],"color":0,"nbt":"{}","children":[66,67,68,69,70,71,72,73,74,75,76,77,78,79,80,81,82,83,84,85]},{"name":"group","origin":[0.1,-3.9,1.5],"color":0,"nbt":"{}","children":[86,87,88,89,90,91]},{"name":"group","origin":[9.4,-7.5,0],"color":0,"nbt":"{}","children":[]},{"name":"group","origin":[0.1,-3.9,1.5],"color":0,"nbt":"{}","children":[]},92,93,94,95,96,97,98]}