{"credit":"MadewithBlockbench","texture_size":[64,64],"textures":{"0":"elitecreatures/darkflame_animated_weapon_set/darkflame_01_texture","1":"elitecreatures/darkflame_animated_weapon_set/darkflame_animation_01texture","2":"elitecreatures/darkflame_animated_weapon_set/drakflame_animation_02texture","particle":"elitecreatures/darkflame_animated_weapon_set/darkflame_01_texture"},"elements":[{"from":[8.46767,-7,9.46767],"to":[10.46767,-5,11.46767],"rotation":{"angle":0,"axis":"y","origin":[8,2.35,10.46767]},"faces":{"north":{"uv":[1.5,1.75,2,2.25],"texture":"#0"},"east":{"uv":[1.5,1.75,2,2.25],"texture":"#0"},"south":{"uv":[1.5,1.75,2,2.25],"texture":"#0"},"west":{"uv":[1.5,1.75,2,2.25],"texture":"#0"},"up":{"uv":[0,3.5,0.5,4],"rotation":90,"texture":"#0"},"down":{"uv":[0,3.5,0.5,4],"rotation":270,"texture":"#0"}}},{"from":[8.21767,-3.34723,4.77043],"to":[10.71767,0.65277,8.77043],"rotation":{"angle":-45,"axis":"x","origin":[8,2.35,10.46767]},"faces":{"north":{"uv":[8.625,3.625,9.25,4.625],"texture":"#0"},"east":{"uv":[7.625,3.625,8.625,4.625],"texture":"#0"},"south":{"uv":[8.625,3.625,9.25,4.625],"texture":"#0"},"west":{"uv":[7.625,3.625,8.625,4.625],"texture":"#0"},"up":{"uv":[7.625,4.625,8.625,5.25],"rotation":90,"texture":"#0"},"down":{"uv":[7.625,4.625,8.625,5.25],"rotation":270,"texture":"#0"}}},{"from":[6.71767,-3.34723,4.77043],"to":[8.21767,0.65277,8.77043],"rotation":{"angle":-45,"axis":"x","origin":[8,2.35,10.46767]},"faces":{"north":{"uv":[9,3.625,8.625,4.625],"texture":"#0"},"east":{"uv":[8.625,3.625,7.625,4.625],"texture":"#0"},"south":{"uv":[9,3.625,8.625,4.625],"texture":"#0"},"west":{"uv":[8.625,3.625,7.625,4.625],"texture":"#0"},"up":{"uv":[7.625,5,8.625,4.625],"rotation":90,"texture":"#0"},"down":{"uv":[7.625,5,8.625,4.625],"rotation":270,"texture":"#0"}}},{"from":[8.21767,-5.46856,2.64911],"to":[10.71767,-3.46856,4.64911],"rotation":{"angle":-45,"axis":"x","origin":[8,2.35,10.46767]},"faces":{"north":{"uv":[2,1.5,2.625,1],"texture":"#0"},"east":{"uv":[1.625,2.25,2.125,2.75],"texture":"#0"},"south":{"uv":[2,1,2.625,1.5],"texture":"#0"},"west":{"uv":[2.125,2.25,1.625,2.75],"texture":"#0"},"up":{"uv":[1.625,2.75,2.125,3.375],"rotation":90,"texture":"#0"},"down":{"uv":[2.125,2.75,1.625,3.375],"rotation":270,"texture":"#0"}}},{"from":[7.71767,-6.82987,8.62756],"to":[10.21767,-3.32987,12.62756],"rotation":{"angle":22.5,"axis":"x","origin":[8,2.35,10.46767]},"faces":{"north":{"uv":[2.75,3.375,2.125,2.5],"texture":"#0"},"east":{"uv":[3.625,1.875,2.625,1],"texture":"#0"},"south":{"uv":[2.75,3.375,2.125,2.5],"texture":"#0"},"west":{"uv":[2.625,1.875,3.625,1],"texture":"#0"},"up":{"uv":[3.625,2.5,2.625,1.875],"rotation":90,"texture":"#0"},"down":{"uv":[3.625,2.5,2.625,1.875],"rotation":270,"texture":"#0"}}},{"from":[7.81767,-2.71745,2.93503],"to":[10.11767,0.28255,5.93503],"rotation":{"angle":-22.5,"axis":"x","origin":[8,2.35,10.46767]},"faces":{"north":{"uv":[6.625,0,5.875,0.575],"rotation":90,"texture":"#0"},"east":{"uv":[4.5,0,3.75,0.75],"rotation":270,"texture":"#0"},"south":{"uv":[4.5,0.75,3.75,1.325],"rotation":90,"texture":"#0"},"west":{"uv":[3.75,0,4.5,0.75],"rotation":90,"texture":"#0"},"up":{"uv":[5.075,0,4.5,0.75],"rotation":180,"texture":"#0"},"down":{"uv":[5.075,0,4.5,0.75],"texture":"#0"}}},{"from":[7.91767,-4.4839,6.66638],"to":[10.01767,-1.4839,9.16638],"rotation":{"angle":22.5,"axis":"x","origin":[8,2.35,10.46767]},"faces":{"north":{"uv":[3.625,3.05,4.375,2.525],"rotation":270,"texture":"#0"},"east":{"uv":[3.625,2,4.375,1.375],"rotation":270,"texture":"#0"},"south":{"uv":[3.625,2.525,4.375,2],"rotation":270,"texture":"#0"},"west":{"uv":[3.625,1.375,4.375,2],"rotation":270,"texture":"#0"},"up":{"uv":[2.75,3.125,3.275,2.5],"texture":"#0"},"down":{"uv":[2.75,3.125,3.275,2.5],"rotation":180,"texture":"#0"}}},{"from":[8.01767,0.50601,4.70025],"to":[9.91767,3.50601,6.70025],"rotation":{"angle":-22.5,"axis":"x","origin":[8,2.35,10.46767]},"faces":{"north":{"uv":[5.125,0.975,5.875,0.5],"rotation":270,"texture":"#0"},"east":{"uv":[5.125,0.5,5.875,0],"rotation":270,"texture":"#0"},"south":{"uv":[5.125,0.975,5.875,0.5],"rotation":270,"texture":"#0"},"west":{"uv":[5.875,0.5,5.125,0],"rotation":90,"texture":"#0"},"up":{"uv":[2,2,2.475,1.5],"texture":"#0"},"down":{"uv":[2,2,2.475,1.5],"rotation":180,"texture":"#0"}}},{"from":[8.21767,-1.17175,3.45939],"to":[9.71767,0.32825,6.95939],"rotation":{"angle":22.5,"axis":"x","origin":[8,2.35,10.46767]},"faces":{"north":{"uv":[5.375,1.375,5.75,1],"rotation":180,"texture":"#0"},"east":{"uv":[4.5,1.375,5.375,1],"texture":"#0"},"south":{"uv":[5.375,1.375,5.75,1],"rotation":180,"texture":"#0"},"west":{"uv":[5.375,1.375,4.5,1],"texture":"#0"},"up":{"uv":[4.5,1.75,5.375,1.375],"rotation":270,"texture":"#0"},"down":{"uv":[4.5,2.125,5.375,1.75],"rotation":90,"texture":"#0"}}},{"from":[8.31767,4.67525,2.38625],"to":[9.61767,5.67525,3.88625],"rotation":{"angle":-22.5,"axis":"x","origin":[8,2.35,10.46767]},"faces":{"north":{"uv":[4.375,2.825,4.625,2.5],"rotation":270,"texture":"#0"},"east":{"uv":[2.125,2.375,2.375,2],"rotation":270,"texture":"#0"},"south":{"uv":[4.375,2.825,4.625,2.5],"rotation":270,"texture":"#0"},"west":{"uv":[2.375,2.375,2.125,2],"rotation":90,"texture":"#0"},"up":{"uv":[4.375,2.5,4.7,2.125],"texture":"#0"},"down":{"uv":[4.75,2.5,5.075,2.125],"rotation":180,"texture":"#0"}}},{"from":[8.61767,-4.86572,5.01135],"to":[9.31767,-4.36572,6.01135],"rotation":{"angle":45,"axis":"x","origin":[8,2.35,10.46767]},"faces":{"north":{"uv":[5.3,2.125,5.125,2.25],"texture":"#0"},"east":{"uv":[5.625,2,5.375,2.125],"rotation":180,"texture":"#0"},"south":{"uv":[5.3,2.125,5.125,2.25],"texture":"#0"},"west":{"uv":[5.625,2,5.375,2.125],"texture":"#0"},"up":{"uv":[5.625,2.125,5.375,2.3],"rotation":90,"texture":"#0"},"down":{"uv":[5.625,2.125,5.375,2.3],"rotation":270,"texture":"#0"}}},{"from":[8.51767,-2.22339,2.51942],"to":[9.41767,-1.02339,3.21942],"rotation":{"angle":22.5,"axis":"x","origin":[8,2.35,10.46767]},"faces":{"north":{"uv":[5.85,1.375,5.625,1.675],"texture":"#0"},"east":{"uv":[5.55,1.375,5.375,1.675],"rotation":180,"texture":"#0"},"south":{"uv":[5.85,1.75,5.625,2.05],"texture":"#0"},"west":{"uv":[5.55,1.675,5.375,1.375],"texture":"#0"},"up":{"uv":[5.55,1.75,5.375,1.975],"rotation":90,"texture":"#0"},"down":{"uv":[5.55,1.75,5.375,1.975],"rotation":270,"texture":"#0"}}},{"from":[6.71767,-4.20628,2.70787],"to":[9.21767,-0.70628,6.70787],"rotation":{"angle":22.5,"axis":"x","origin":[8,2.35,10.46767]},"faces":{"north":{"uv":[2.75,3.375,2.125,2.5],"texture":"#0"},"east":{"uv":[3.625,1.875,2.625,1],"texture":"#0"},"south":{"uv":[2.75,3.375,2.125,2.5],"texture":"#0"},"west":{"uv":[2.625,1.875,3.625,1],"texture":"#0"},"up":{"uv":[3.625,2.5,2.625,1.875],"rotation":90,"texture":"#0"},"down":{"uv":[3.625,2.5,2.625,1.875],"rotation":270,"texture":"#0"}}},{"from":[6.81767,-0.27588,1.25612],"to":[9.11767,2.72412,4.25612],"rotation":{"angle":0,"axis":"y","origin":[8,2.35,10.46767]},"faces":{"north":{"uv":[6.625,0,5.875,0.575],"rotation":90,"texture":"#0"},"east":{"uv":[4.5,0,3.75,0.75],"rotation":270,"texture":"#0"},"south":{"uv":[4.5,0.75,3.75,1.325],"rotation":90,"texture":"#0"},"west":{"uv":[3.75,0,4.5,0.75],"rotation":90,"texture":"#0"},"up":{"uv":[5.075,0,4.5,0.75],"rotation":180,"texture":"#0"},"down":{"uv":[5.075,0,4.5,0.75],"texture":"#0"}}},{"from":[6.91767,-3.94462,3.75276],"to":[9.01767,-0.94462,6.25276],"rotation":{"angle":45,"axis":"x","origin":[8,2.35,10.46767]},"faces":{"north":{"uv":[3.625,3.05,4.375,2.525],"rotation":270,"texture":"#0"},"east":{"uv":[3.625,2,4.375,1.375],"rotation":270,"texture":"#0"},"south":{"uv":[3.625,2.525,4.375,2],"rotation":270,"texture":"#0"},"west":{"uv":[3.625,1.375,4.375,2],"rotation":270,"texture":"#0"},"up":{"uv":[2.75,3.125,3.275,2.5],"texture":"#0"},"down":{"uv":[2.75,3.125,3.275,2.5],"rotation":180,"texture":"#0"}}},{"from":[7.01767,2.94758,3.02134],"to":[8.91767,5.94758,5.02134],"rotation":{"angle":0,"axis":"y","origin":[8,2.35,10.46767]},"faces":{"north":{"uv":[5.125,0.975,5.875,0.5],"rotation":270,"texture":"#0"},"east":{"uv":[5.125,0.5,5.875,0],"rotation":270,"texture":"#0"},"south":{"uv":[5.125,0.975,5.875,0.5],"rotation":270,"texture":"#0"},"west":{"uv":[5.875,0.5,5.125,0],"rotation":90,"texture":"#0"},"up":{"uv":[2,2,2.475,1.5],"texture":"#0"},"down":{"uv":[2,2,2.475,1.5],"rotation":180,"texture":"#0"}}},{"from":[7.21767,-0.63247,0.54578],"to":[8.71767,0.86753,4.04578],"rotation":{"angle":45,"axis":"x","origin":[8,2.35,10.46767]},"faces":{"north":{"uv":[5.375,1.375,5.75,1],"rotation":180,"texture":"#0"},"east":{"uv":[4.5,1.375,5.375,1],"texture":"#0"},"south":{"uv":[5.375,1.375,5.75,1],"rotation":180,"texture":"#0"},"west":{"uv":[5.375,1.375,4.5,1],"texture":"#0"},"up":{"uv":[4.5,1.75,5.375,1.375],"rotation":270,"texture":"#0"},"down":{"uv":[4.5,2.125,5.375,1.75],"rotation":90,"texture":"#0"}}},{"from":[7.31767,3.5347,-0.65055],"to":[8.61767,4.5347,0.84945],"rotation":{"angle":22.5,"axis":"x","origin":[8,2.35,10.46767]},"faces":{"north":{"uv":[4.375,2.825,4.625,2.5],"rotation":270,"texture":"#0"},"east":{"uv":[2.125,2.375,2.375,2],"rotation":270,"texture":"#0"},"south":{"uv":[4.375,2.825,4.625,2.5],"rotation":270,"texture":"#0"},"west":{"uv":[2.375,2.375,2.125,2],"rotation":90,"texture":"#0"},"up":{"uv":[4.375,2.5,4.7,2.125],"texture":"#0"},"down":{"uv":[4.75,2.5,5.075,2.125],"rotation":180,"texture":"#0"}}},{"from":[7.51767,7.85164,-0.07686],"to":[8.41767,8.55164,1.12314],"rotation":{"angle":0,"axis":"y","origin":[8,2.35,10.46767]},"faces":{"north":{"uv":[5.55,1.75,5.375,1.975],"rotation":90,"texture":"#0"},"east":{"uv":[5.55,1.375,5.375,1.675],"rotation":90,"texture":"#0"},"south":{"uv":[5.55,1.75,5.375,1.975],"rotation":90,"texture":"#0"},"west":{"uv":[5.55,1.675,5.375,1.375],"rotation":90,"texture":"#0"},"up":{"uv":[5.85,1.375,5.625,1.675],"rotation":180,"texture":"#0"},"down":{"uv":[5.85,1.75,5.625,2.05],"texture":"#0"}}},{"from":[7.61767,2.90761,-1.59626],"to":[8.31767,3.90761,-1.09626],"rotation":{"angle":22.5,"axis":"x","origin":[8,2.35,10.46767]},"faces":{"north":{"uv":[5.625,2.125,5.375,2.3],"rotation":90,"texture":"#0"},"east":{"uv":[5.625,2,5.375,2.125],"rotation":90,"texture":"#0"},"south":{"uv":[5.625,2.125,5.375,2.3],"rotation":90,"texture":"#0"},"west":{"uv":[5.625,2,5.375,2.125],"rotation":90,"texture":"#0"},"up":{"uv":[5.3,2.125,5.125,2.25],"rotation":180,"texture":"#0"},"down":{"uv":[5.3,2.125,5.125,2.25],"texture":"#0"}}},{"from":[7.71767,-6.82987,8.30778],"to":[10.21767,-3.32987,12.30778],"rotation":{"angle":-22.5,"axis":"x","origin":[8,2.35,10.46767]},"faces":{"north":{"uv":[2.125,3.375,2.75,2.5],"texture":"#0"},"east":{"uv":[2.625,1.875,3.625,1],"texture":"#0"},"south":{"uv":[2.125,3.375,2.75,2.5],"texture":"#0"},"west":{"uv":[3.625,1.875,2.625,1],"texture":"#0"},"up":{"uv":[2.625,2.5,3.625,1.875],"rotation":90,"texture":"#0"},"down":{"uv":[2.625,2.5,3.625,1.875],"rotation":270,"texture":"#0"}}},{"from":[7.81767,-2.71745,15.00031],"to":[10.11767,0.28255,18.00031],"rotation":{"angle":22.5,"axis":"x","origin":[8,2.35,10.46767]},"faces":{"north":{"uv":[4.5,1.325,3.75,0.75],"rotation":90,"texture":"#0"},"east":{"uv":[4.5,0.75,3.75,0],"rotation":270,"texture":"#0"},"south":{"uv":[6.625,0.575,5.875,0],"rotation":90,"texture":"#0"},"west":{"uv":[3.75,0.75,4.5,0],"rotation":90,"texture":"#0"},"up":{"uv":[5.075,0.75,4.5,0],"rotation":180,"texture":"#0"},"down":{"uv":[5.075,0.75,4.5,0],"texture":"#0"}}},{"from":[7.91767,-4.4839,11.76896],"to":[10.01767,-1.4839,14.26896],"rotation":{"angle":-22.5,"axis":"x","origin":[8,2.35,10.46767]},"faces":{"north":{"uv":[3.625,2,4.375,2.525],"rotation":270,"texture":"#0"},"east":{"uv":[3.625,1.375,4.375,2],"rotation":270,"texture":"#0"},"south":{"uv":[3.625,2.525,4.375,3.05],"rotation":270,"texture":"#0"},"west":{"uv":[3.625,2,4.375,1.375],"rotation":270,"texture":"#0"},"up":{"uv":[2.75,2.5,3.275,3.125],"texture":"#0"},"down":{"uv":[2.75,2.5,3.275,3.125],"rotation":180,"texture":"#0"}}},{"from":[8.01767,0.50601,14.23509],"to":[9.91767,3.50601,16.23509],"rotation":{"angle":22.5,"axis":"x","origin":[8,2.35,10.46767]},"faces":{"north":{"uv":[5.125,0.5,5.875,0.975],"rotation":270,"texture":"#0"},"east":{"uv":[5.125,0,5.875,0.5],"rotation":270,"texture":"#0"},"south":{"uv":[5.125,0.5,5.875,0.975],"rotation":270,"texture":"#0"},"west":{"uv":[5.875,0,5.125,0.5],"rotation":90,"texture":"#0"},"up":{"uv":[2,1.5,2.475,2],"texture":"#0"},"down":{"uv":[2,1.5,2.475,2],"rotation":180,"texture":"#0"}}},{"from":[8.21767,-1.17175,13.97595],"to":[9.71767,0.32825,17.47595],"rotation":{"angle":-22.5,"axis":"x","origin":[8,2.35,10.46767]},"faces":{"north":{"uv":[5.75,1.375,5.375,1],"rotation":180,"texture":"#0"},"east":{"uv":[5.375,1.375,4.5,1],"texture":"#0"},"south":{"uv":[5.75,1.375,5.375,1],"rotation":180,"texture":"#0"},"west":{"uv":[4.5,1.375,5.375,1],"texture":"#0"},"up":{"uv":[5.375,1.75,4.5,1.375],"rotation":270,"texture":"#0"},"down":{"uv":[5.375,2.125,4.5,1.75],"rotation":90,"texture":"#0"}}},{"from":[8.31767,4.67525,17.04909],"to":[9.61767,5.67525,18.54909],"rotation":{"angle":22.5,"axis":"x","origin":[8,2.35,10.46767]},"faces":{"north":{"uv":[4.375,2.5,4.625,2.825],"rotation":270,"texture":"#0"},"east":{"uv":[2.125,2,2.375,2.375],"rotation":270,"texture":"#0"},"south":{"uv":[4.375,2.5,4.625,2.825],"rotation":270,"texture":"#0"},"west":{"uv":[2.375,2,2.125,2.375],"rotation":90,"texture":"#0"},"up":{"uv":[4.375,2.125,4.7,2.5],"texture":"#0"},"down":{"uv":[4.75,2.125,5.075,2.5],"rotation":180,"texture":"#0"}}},{"from":[8.51767,-2.22339,17.71592],"to":[9.41767,-1.02339,18.41592],"rotation":{"angle":-22.5,"axis":"x","origin":[8,2.35,10.46767]},"faces":{"north":{"uv":[5.625,1.75,5.85,2.05],"texture":"#0"},"east":{"uv":[5.375,1.375,5.55,1.675],"rotation":180,"texture":"#0"},"south":{"uv":[5.625,1.375,5.85,1.675],"texture":"#0"},"west":{"uv":[5.375,1.675,5.55,1.375],"texture":"#0"},"up":{"uv":[5.375,1.75,5.55,1.975],"rotation":90,"texture":"#0"},"down":{"uv":[5.375,1.75,5.55,1.975],"rotation":270,"texture":"#0"}}},{"from":[8.61767,-4.86572,14.92399],"to":[9.31767,-4.36572,15.92399],"rotation":{"angle":-45,"axis":"x","origin":[8,2.35,10.46767]},"faces":{"north":{"uv":[5.125,2.125,5.3,2.25],"texture":"#0"},"east":{"uv":[5.375,2,5.625,2.125],"rotation":180,"texture":"#0"},"south":{"uv":[5.125,2.125,5.3,2.25],"texture":"#0"},"west":{"uv":[5.375,2,5.625,2.125],"texture":"#0"},"up":{"uv":[5.375,2.125,5.625,2.3],"rotation":90,"texture":"#0"},"down":{"uv":[5.375,2.125,5.625,2.3],"rotation":270,"texture":"#0"}}},{"from":[6.71767,-4.20628,14.22747],"to":[9.21767,-0.70628,18.22747],"rotation":{"angle":-22.5,"axis":"x","origin":[8,2.35,10.46767]},"faces":{"north":{"uv":[2.125,3.375,2.75,2.5],"texture":"#0"},"east":{"uv":[2.625,1.875,3.625,1],"texture":"#0"},"south":{"uv":[2.125,3.375,2.75,2.5],"texture":"#0"},"west":{"uv":[3.625,1.875,2.625,1],"texture":"#0"},"up":{"uv":[2.625,2.5,3.625,1.875],"rotation":90,"texture":"#0"},"down":{"uv":[2.625,2.5,3.625,1.875],"rotation":270,"texture":"#0"}}},{"from":[6.91767,-3.94462,14.68258],"to":[9.01767,-0.94462,17.18258],"rotation":{"angle":-45,"axis":"x","origin":[8,2.35,10.46767]},"faces":{"north":{"uv":[3.625,2,4.375,2.525],"rotation":270,"texture":"#0"},"east":{"uv":[3.625,1.375,4.375,2],"rotation":270,"texture":"#0"},"south":{"uv":[3.625,2.525,4.375,3.05],"rotation":270,"texture":"#0"},"west":{"uv":[3.625,2,4.375,1.375],"rotation":270,"texture":"#0"},"up":{"uv":[2.75,2.5,3.275,3.125],"texture":"#0"},"down":{"uv":[2.75,2.5,3.275,3.125],"rotation":180,"texture":"#0"}}},{"from":[7.01767,2.94758,15.914],"to":[8.91767,5.94758,17.914],"rotation":{"angle":0,"axis":"y","origin":[8,2.35,10.46767]},"faces":{"north":{"uv":[5.125,0.5,5.875,0.975],"rotation":270,"texture":"#0"},"east":{"uv":[5.125,0,5.875,0.5],"rotation":270,"texture":"#0"},"south":{"uv":[5.125,0.5,5.875,0.975],"rotation":270,"texture":"#0"},"west":{"uv":[5.875,0,5.125,0.5],"rotation":90,"texture":"#0"},"up":{"uv":[2,1.5,2.475,2],"texture":"#0"},"down":{"uv":[2,1.5,2.475,2],"rotation":180,"texture":"#0"}}},{"from":[6.81767,-0.27588,16.67922],"to":[9.11767,2.72412,19.67922],"rotation":{"angle":0,"axis":"y","origin":[8,2.35,10.46767]},"faces":{"north":{"uv":[4.5,1.325,3.75,0.75],"rotation":90,"texture":"#0"},"east":{"uv":[4.5,0.75,3.75,0],"rotation":270,"texture":"#0"},"south":{"uv":[6.625,0.575,5.875,0],"rotation":90,"texture":"#0"},"west":{"uv":[3.75,0.75,4.5,0],"rotation":90,"texture":"#0"},"up":{"uv":[5.075,0.75,4.5,0],"rotation":180,"texture":"#0"},"down":{"uv":[5.075,0.75,4.5,0],"texture":"#0"}}},{"from":[7.21767,-0.63247,16.88956],"to":[8.71767,0.86753,20.38956],"rotation":{"angle":-45,"axis":"x","origin":[8,2.35,10.46767]},"faces":{"north":{"uv":[5.75,1.375,5.375,1],"rotation":180,"texture":"#0"},"east":{"uv":[5.375,1.375,4.5,1],"texture":"#0"},"south":{"uv":[5.75,1.375,5.375,1],"rotation":180,"texture":"#0"},"west":{"uv":[4.5,1.375,5.375,1],"texture":"#0"},"up":{"uv":[5.375,1.75,4.5,1.375],"rotation":270,"texture":"#0"},"down":{"uv":[5.375,2.125,4.5,1.75],"rotation":90,"texture":"#0"}}},{"from":[7.31767,3.5347,20.08589],"to":[8.61767,4.5347,21.58589],"rotation":{"angle":-22.5,"axis":"x","origin":[8,2.35,10.46767]},"faces":{"north":{"uv":[4.375,2.5,4.625,2.825],"rotation":270,"texture":"#0"},"east":{"uv":[2.125,2,2.375,2.375],"rotation":270,"texture":"#0"},"south":{"uv":[4.375,2.5,4.625,2.825],"rotation":270,"texture":"#0"},"west":{"uv":[2.375,2,2.125,2.375],"rotation":90,"texture":"#0"},"up":{"uv":[4.375,2.125,4.7,2.5],"texture":"#0"},"down":{"uv":[4.75,2.125,5.075,2.5],"rotation":180,"texture":"#0"}}},{"from":[7.51767,7.85164,19.8122],"to":[8.41767,8.55164,21.0122],"rotation":{"angle":0,"axis":"y","origin":[8,2.35,10.46767]},"faces":{"north":{"uv":[5.55,1.975,5.375,1.75],"rotation":90,"texture":"#0"},"east":{"uv":[5.55,1.675,5.375,1.375],"rotation":90,"texture":"#0"},"south":{"uv":[5.55,1.975,5.375,1.75],"rotation":90,"texture":"#0"},"west":{"uv":[5.55,1.375,5.375,1.675],"rotation":90,"texture":"#0"},"up":{"uv":[5.85,1.675,5.625,1.375],"rotation":180,"texture":"#0"},"down":{"uv":[5.85,2.05,5.625,1.75],"texture":"#0"}}},{"from":[7.61767,2.90761,22.0316],"to":[8.31767,3.90761,22.5316],"rotation":{"angle":-22.5,"axis":"x","origin":[8,2.35,10.46767]},"faces":{"north":{"uv":[5.625,2.3,5.375,2.125],"rotation":90,"texture":"#0"},"east":{"uv":[5.625,2.125,5.375,2],"rotation":90,"texture":"#0"},"south":{"uv":[5.625,2.3,5.375,2.125],"rotation":90,"texture":"#0"},"west":{"uv":[5.625,2.125,5.375,2],"rotation":90,"texture":"#0"},"up":{"uv":[5.3,2.25,5.125,2.125],"rotation":180,"texture":"#0"},"down":{"uv":[5.3,2.25,5.125,2.125],"texture":"#0"}}},{"from":[9.16767,-7.50356,4.01839],"to":[9.76767,-6.50356,4.51839],"rotation":{"angle":-22.5,"axis":"x","origin":[8,2.35,10.46767]},"faces":{"north":{"uv":[5.25,3.9,5.5,3.75],"rotation":90,"texture":"#0"},"east":{"uv":[5.5,4.125,5.25,4],"rotation":270,"texture":"#0"},"south":{"uv":[5.25,3.9,5.5,3.75],"rotation":90,"texture":"#0"},"west":{"uv":[5.25,4.125,5.5,4],"rotation":90,"texture":"#0"},"up":{"uv":[5.25,4.25,5.4,4.125],"rotation":180,"texture":"#0"},"down":{"uv":[5.25,4.25,5.4,4.125],"texture":"#0"}}},{"from":[9.06767,-8.4879,11.61872],"to":[9.86767,-6.9879,12.61872],"rotation":{"angle":22.5,"axis":"x","origin":[8,2.35,10.46767]},"faces":{"north":{"uv":[5.25,3.75,4.875,3.95],"rotation":270,"texture":"#0"},"east":{"uv":[5,4.25,4.625,4],"rotation":270,"texture":"#0"},"south":{"uv":[5.25,3.75,4.875,3.95],"rotation":270,"texture":"#0"},"west":{"uv":[5,4,4.625,4.25],"rotation":270,"texture":"#0"},"up":{"uv":[5.2,4,5,4.25],"texture":"#0"},"down":{"uv":[5.2,4,5,4.25],"rotation":180,"texture":"#0"}}},{"from":[8.96767,-6.20356,4.61839],"to":[9.96767,-4.70356,6.61839],"rotation":{"angle":-22.5,"axis":"x","origin":[8,2.35,10.46767]},"faces":{"north":{"uv":[4.875,3.625,4.625,4],"texture":"#0"},"east":{"uv":[4.625,4,4.125,3.625],"rotation":180,"texture":"#0"},"south":{"uv":[4.875,3.625,4.625,4],"texture":"#0"},"west":{"uv":[4.625,3.625,4.125,4],"texture":"#0"},"up":{"uv":[4.625,4,4.125,4.25],"rotation":90,"texture":"#0"},"down":{"uv":[4.625,4,4.125,4.25],"rotation":270,"texture":"#0"}}},{"from":[7.46767,3.32506,-0.09386],"to":[8.46767,4.82506,1.90614],"rotation":{"angle":-22.5,"axis":"x","origin":[8,2.35,10.46767]},"faces":{"north":{"uv":[4.875,3.625,4.625,4],"texture":"#0"},"east":{"uv":[4.625,4,4.125,3.625],"rotation":180,"texture":"#0"},"south":{"uv":[4.875,3.625,4.625,4],"texture":"#0"},"west":{"uv":[4.625,3.625,4.125,4],"texture":"#0"},"up":{"uv":[4.625,4,4.125,4.25],"rotation":90,"texture":"#0"},"down":{"uv":[4.625,4,4.125,4.25],"rotation":270,"texture":"#0"}}},{"from":[7.56767,-5.08221,1.5489],"to":[8.36767,-3.58221,2.5489],"rotation":{"angle":22.5,"axis":"x","origin":[8,2.35,10.46767]},"faces":{"north":{"uv":[5.25,3.75,4.875,3.95],"rotation":270,"texture":"#0"},"east":{"uv":[5,4.25,4.625,4],"rotation":270,"texture":"#0"},"south":{"uv":[5.25,3.75,4.875,3.95],"rotation":270,"texture":"#0"},"west":{"uv":[5,4,4.625,4.25],"rotation":270,"texture":"#0"},"up":{"uv":[5.2,4,5,4.25],"texture":"#0"},"down":{"uv":[5.2,4,5,4.25],"rotation":180,"texture":"#0"}}},{"from":[7.66767,2.02506,-0.69386],"to":[8.26767,3.02506,-0.19386],"rotation":{"angle":-22.5,"axis":"x","origin":[8,2.35,10.46767]},"faces":{"north":{"uv":[5.25,3.9,5.5,3.75],"rotation":90,"texture":"#0"},"east":{"uv":[5.5,4.125,5.25,4],"rotation":270,"texture":"#0"},"south":{"uv":[5.25,3.9,5.5,3.75],"rotation":90,"texture":"#0"},"west":{"uv":[5.25,4.125,5.5,4],"rotation":90,"texture":"#0"},"up":{"uv":[5.25,4.25,5.4,4.125],"rotation":180,"texture":"#0"},"down":{"uv":[5.25,4.25,5.4,4.125],"texture":"#0"}}},{"from":[7.46767,3.32506,19.0292],"to":[8.46767,4.82506,21.0292],"rotation":{"angle":22.5,"axis":"x","origin":[8,2.35,10.46767]},"faces":{"north":{"uv":[4.625,3.625,4.875,4],"texture":"#0"},"east":{"uv":[4.125,4,4.625,3.625],"rotation":180,"texture":"#0"},"south":{"uv":[4.625,3.625,4.875,4],"texture":"#0"},"west":{"uv":[4.125,3.625,4.625,4],"texture":"#0"},"up":{"uv":[4.125,4,4.625,4.25],"rotation":90,"texture":"#0"},"down":{"uv":[4.125,4,4.625,4.25],"rotation":270,"texture":"#0"}}},{"from":[7.56767,-5.08221,18.38644],"to":[8.36767,-3.58221,19.38644],"rotation":{"angle":-22.5,"axis":"x","origin":[8,2.35,10.46767]},"faces":{"north":{"uv":[5.25,3.95,4.875,3.75],"rotation":270,"texture":"#0"},"east":{"uv":[5,4,4.625,4.25],"rotation":270,"texture":"#0"},"south":{"uv":[5.25,3.95,4.875,3.75],"rotation":270,"texture":"#0"},"west":{"uv":[5,4.25,4.625,4],"rotation":270,"texture":"#0"},"up":{"uv":[5.2,4.25,5,4],"texture":"#0"},"down":{"uv":[5.2,4.25,5,4],"rotation":180,"texture":"#0"}}},{"from":[7.66767,2.02506,21.1292],"to":[8.26767,3.02506,21.6292],"rotation":{"angle":22.5,"axis":"x","origin":[8,2.35,10.46767]},"faces":{"north":{"uv":[5.25,3.75,5.5,3.9],"rotation":90,"texture":"#0"},"east":{"uv":[5.5,4,5.25,4.125],"rotation":270,"texture":"#0"},"south":{"uv":[5.25,3.75,5.5,3.9],"rotation":90,"texture":"#0"},"west":{"uv":[5.25,4,5.5,4.125],"rotation":90,"texture":"#0"},"up":{"uv":[5.25,4.125,5.4,4.25],"rotation":180,"texture":"#0"},"down":{"uv":[5.25,4.125,5.4,4.25],"texture":"#0"}}},{"from":[7.46767,7.87283,18.01246],"to":[8.46767,9.37283,20.01246],"rotation":{"angle":-22.5,"axis":"x","origin":[8,2.35,10.46767]},"faces":{"north":{"uv":[4.625,4,4.875,3.625],"texture":"#0"},"east":{"uv":[4.125,3.625,4.625,4],"rotation":180,"texture":"#0"},"south":{"uv":[4.625,4,4.875,3.625],"texture":"#0"},"west":{"uv":[4.125,4,4.625,3.625],"texture":"#0"},"up":{"uv":[4.125,4.25,4.625,4],"rotation":90,"texture":"#0"},"down":{"uv":[4.125,4.25,4.625,4],"rotation":270,"texture":"#0"}}},{"from":[7.56767,13.21863,12.01213],"to":[8.36767,14.71863,13.01213],"rotation":{"angle":22.5,"axis":"x","origin":[8,2.35,10.46767]},"faces":{"north":{"uv":[4.875,3.95,5.25,3.75],"rotation":270,"texture":"#0"},"east":{"uv":[4.625,4,5,4.25],"rotation":270,"texture":"#0"},"south":{"uv":[4.875,3.95,5.25,3.75],"rotation":270,"texture":"#0"},"west":{"uv":[4.625,4.25,5,4],"rotation":270,"texture":"#0"},"up":{"uv":[5,4.25,5.2,4],"texture":"#0"},"down":{"uv":[5,4.25,5.2,4],"rotation":180,"texture":"#0"}}},{"from":[7.66767,9.67283,20.11246],"to":[8.26767,10.67283,20.61246],"rotation":{"angle":-22.5,"axis":"x","origin":[8,2.35,10.46767]},"faces":{"north":{"uv":[5.5,3.75,5.25,3.9],"rotation":90,"texture":"#0"},"east":{"uv":[5.25,4,5.5,4.125],"rotation":270,"texture":"#0"},"south":{"uv":[5.5,3.75,5.25,3.9],"rotation":90,"texture":"#0"},"west":{"uv":[5.5,4,5.25,4.125],"rotation":90,"texture":"#0"},"up":{"uv":[5.4,4.125,5.25,4.25],"rotation":180,"texture":"#0"},"down":{"uv":[5.4,4.125,5.25,4.25],"texture":"#0"}}},{"from":[7.46767,7.87283,0.92288],"to":[8.46767,9.37283,2.92288],"rotation":{"angle":22.5,"axis":"x","origin":[8,2.35,10.46767]},"faces":{"north":{"uv":[4.875,4,4.625,3.625],"texture":"#0"},"east":{"uv":[4.625,3.625,4.125,4],"rotation":180,"texture":"#0"},"south":{"uv":[4.875,4,4.625,3.625],"texture":"#0"},"west":{"uv":[4.625,4,4.125,3.625],"texture":"#0"},"up":{"uv":[4.625,4.25,4.125,4],"rotation":90,"texture":"#0"},"down":{"uv":[4.625,4.25,4.125,4],"rotation":270,"texture":"#0"}}},{"from":[7.56767,13.21863,7.92321],"to":[8.36767,14.71863,8.92321],"rotation":{"angle":-22.5,"axis":"x","origin":[8,2.35,10.46767]},"faces":{"north":{"uv":[4.875,3.75,5.25,3.95],"rotation":270,"texture":"#0"},"east":{"uv":[4.625,4.25,5,4],"rotation":270,"texture":"#0"},"south":{"uv":[4.875,3.75,5.25,3.95],"rotation":270,"texture":"#0"},"west":{"uv":[4.625,4,5,4.25],"rotation":270,"texture":"#0"},"up":{"uv":[5,4,5.2,4.25],"texture":"#0"},"down":{"uv":[5,4,5.2,4.25],"rotation":180,"texture":"#0"}}},{"from":[7.66767,9.67283,0.32288],"to":[8.26767,10.67283,0.82288],"rotation":{"angle":22.5,"axis":"x","origin":[8,2.35,10.46767]},"faces":{"north":{"uv":[5.5,3.9,5.25,3.75],"rotation":90,"texture":"#0"},"east":{"uv":[5.25,4.125,5.5,4],"rotation":270,"texture":"#0"},"south":{"uv":[5.5,3.9,5.25,3.75],"rotation":90,"texture":"#0"},"west":{"uv":[5.5,4.125,5.25,4],"rotation":90,"texture":"#0"},"up":{"uv":[5.4,4.25,5.25,4.125],"rotation":180,"texture":"#0"},"down":{"uv":[5.4,4.25,5.25,4.125],"texture":"#0"}}},{"from":[8.96767,-6.20356,14.31695],"to":[9.96767,-4.70356,16.31695],"rotation":{"angle":22.5,"axis":"x","origin":[8,2.35,10.46767]},"faces":{"north":{"uv":[4.625,3.625,4.875,4],"texture":"#0"},"east":{"uv":[4.125,4,4.625,3.625],"rotation":180,"texture":"#0"},"south":{"uv":[4.625,3.625,4.875,4],"texture":"#0"},"west":{"uv":[4.125,3.625,4.625,4],"texture":"#0"},"up":{"uv":[4.125,4,4.625,4.25],"rotation":90,"texture":"#0"},"down":{"uv":[4.125,4,4.625,4.25],"rotation":270,"texture":"#0"}}},{"from":[9.06767,-8.4879,8.31661],"to":[9.86767,-6.9879,9.31661],"rotation":{"angle":-22.5,"axis":"x","origin":[8,2.35,10.46767]},"faces":{"north":{"uv":[5.25,3.95,4.875,3.75],"rotation":270,"texture":"#0"},"east":{"uv":[5,4,4.625,4.25],"rotation":270,"texture":"#0"},"south":{"uv":[5.25,3.95,4.875,3.75],"rotation":270,"texture":"#0"},"west":{"uv":[5,4.25,4.625,4],"rotation":270,"texture":"#0"},"up":{"uv":[5.2,4.25,5,4],"texture":"#0"},"down":{"uv":[5.2,4.25,5,4],"rotation":180,"texture":"#0"}}},{"from":[9.16767,-7.50356,16.41695],"to":[9.76767,-6.50356,16.91695],"rotation":{"angle":22.5,"axis":"x","origin":[8,2.35,10.46767]},"faces":{"north":{"uv":[5.25,3.75,5.5,3.9],"rotation":90,"texture":"#0"},"east":{"uv":[5.5,4,5.25,4.125],"rotation":270,"texture":"#0"},"south":{"uv":[5.25,3.75,5.5,3.9],"rotation":90,"texture":"#0"},"west":{"uv":[5.25,4,5.5,4.125],"rotation":90,"texture":"#0"},"up":{"uv":[5.25,4.125,5.4,4.25],"rotation":180,"texture":"#0"},"down":{"uv":[5.25,4.125,5.4,4.25],"texture":"#0"}}},{"from":[10.96767,6,7.71767],"to":[11.46767,7,13.21767],"rotation":{"angle":0,"axis":"y","origin":[8,2.35,10.46767]},"faces":{"north":{"uv":[1.375,4.125,1.5,4.375],"texture":"#0"},"east":{"uv":[0,4.125,1.375,4.375],"texture":"#0"},"south":{"uv":[1.375,4.125,1.5,4.375],"texture":"#0"},"west":{"uv":[0,4.125,1.375,4.375],"texture":"#0"},"up":{"uv":[1.375,4.375,0,4.5],"rotation":90,"texture":"#0"},"down":{"uv":[1.375,4.375,0,4.5],"rotation":270,"texture":"#0"}}},{"from":[7.61767,6,8.96767],"to":[10.31767,8,11.96767],"rotation":{"angle":0,"axis":"y","origin":[8,2.35,10.46767]},"faces":{"north":{"uv":[0.75,2.25,1.5,1.75],"texture":"#0"},"east":{"uv":[0.75,2.25,1.5,1.75],"texture":"#0"},"south":{"uv":[0.75,2.25,1.5,1.75],"texture":"#0"},"west":{"uv":[0.75,2.25,1.5,1.75],"texture":"#0"},"up":{"uv":[1.25,1.7125,2,1.0375],"rotation":90,"texture":"#0"},"down":{"uv":[1.25,1.7125,2,1.0375],"rotation":270,"texture":"#0"}}},{"from":[11.06767,3,7.71767],"to":[11.06767,7,13.21767],"rotation":{"angle":0,"axis":"y","origin":[8,2.35,10.46767]},"faces":{"east":{"uv":[11,8,0,0],"texture":"#1"},"west":{"uv":[11,8,0,0],"texture":"#1"}}},{"from":[10.96767,4,10.21767],"to":[11.46767,5.5,10.71767],"rotation":{"angle":0,"axis":"y","origin":[8,2.35,10.46767]},"faces":{"north":{"uv":[1.5,3.5,1.375,3.875],"texture":"#0"},"east":{"uv":[1.625,3.5,1.5,3.875],"texture":"#0"},"south":{"uv":[1.5,3.5,1.375,3.875],"texture":"#0"},"west":{"uv":[1.375,3.5,1.25,3.875],"texture":"#0"},"up":{"uv":[1.25,3.875,1.375,4],"rotation":90,"texture":"#0"},"down":{"uv":[1.25,3.875,1.375,4],"rotation":270,"texture":"#0"}}},{"from":[10.96767,4.5,7.71767],"to":[11.46767,6,8.21767],"rotation":{"angle":0,"axis":"y","origin":[8,2.35,10.46767]},"faces":{"north":{"uv":[1.5,3.5,1.375,3.875],"texture":"#0"},"east":{"uv":[1.375,3.5,1.25,3.875],"texture":"#0"},"south":{"uv":[1.5,3.5,1.375,3.875],"texture":"#0"},"west":{"uv":[1.375,3.5,1.25,3.875],"texture":"#0"},"up":{"uv":[1.25,3.875,1.375,4],"rotation":90,"texture":"#0"},"down":{"uv":[1.25,3.875,1.375,4],"rotation":270,"texture":"#0"}}},{"from":[10.96767,5.5,9.71767],"to":[11.46767,6,11.21767],"rotation":{"angle":0,"axis":"y","origin":[8,2.35,10.46767]},"faces":{"north":{"uv":[1.375,4,1.25,3.875],"rotation":90,"texture":"#0"},"east":{"uv":[1.25,3.875,1.375,3.5],"rotation":270,"texture":"#0"},"south":{"uv":[1.375,4,1.25,3.875],"rotation":90,"texture":"#0"},"west":{"uv":[1.25,3.875,1.375,3.5],"rotation":90,"texture":"#0"},"up":{"uv":[1.375,3.875,1.5,3.5],"rotation":180,"texture":"#0"},"down":{"uv":[1.375,3.875,1.5,3.5],"texture":"#0"}}},{"from":[10.96767,4.5,12.71767],"to":[11.46767,6,13.21767],"rotation":{"angle":0,"axis":"y","origin":[8,2.35,10.46767]},"faces":{"north":{"uv":[1.375,3.5,1.5,3.875],"texture":"#0"},"east":{"uv":[1.25,3.5,1.375,3.875],"texture":"#0"},"south":{"uv":[1.375,3.5,1.5,3.875],"texture":"#0"},"west":{"uv":[1.25,3.5,1.375,3.875],"texture":"#0"},"up":{"uv":[1.375,3.875,1.25,4],"rotation":90,"texture":"#0"},"down":{"uv":[1.375,3.875,1.25,4],"rotation":270,"texture":"#0"}}},{"from":[6.96767,3,7.71767],"to":[10.96767,7,13.21767],"rotation":{"angle":0,"axis":"y","origin":[8,2.35,10.46767]},"faces":{"north":{"uv":[1.375,0,2.375,1],"texture":"#0"},"east":{"uv":[0,0,1.375,1],"texture":"#0"},"south":{"uv":[1.375,0,2.375,1],"texture":"#0"},"west":{"uv":[0,0,1.375,1],"texture":"#0"},"up":{"uv":[3.75,0,2.375,1],"rotation":90,"texture":"#0"},"down":{"uv":[3.75,0,2.375,1],"rotation":270,"texture":"#0"}}},{"from":[8.06767,2,7.96767],"to":[10.06767,3,12.96767],"rotation":{"angle":0,"axis":"y","origin":[8,2.35,10.46767]},"faces":{"north":{"uv":[3.25,3.375,2.75,3.125],"texture":"#0"},"east":{"uv":[2.9375,3.6375,1.6875,3.3875],"texture":"#0"},"south":{"uv":[3.25,3.375,2.75,3.125],"texture":"#0"},"west":{"uv":[2.9375,3.6375,1.6875,3.3875],"texture":"#0"},"up":{"uv":[2.875,3.625,1.625,4.125],"rotation":90,"texture":"#0"},"down":{"uv":[2.875,3.625,1.625,4.125],"rotation":270,"texture":"#0"}}},{"from":[7.56767,1,8.96767],"to":[10.56767,3,11.96767],"rotation":{"angle":0,"axis":"y","origin":[8,2.35,10.46767]},"faces":{"north":{"uv":[0.75,2.25,0,1.75],"texture":"#0"},"east":{"uv":[0.8125,1.5125,0.0625,1.0125],"texture":"#0"},"south":{"uv":[0.75,2.25,0,1.75],"texture":"#0"},"west":{"uv":[0.8125,1.5125,0.0625,1.0125],"texture":"#0"},"up":{"uv":[1.25,3.375,0.5,4.125],"rotation":90,"texture":"#0"},"down":{"uv":[2.4375,4.125,1.6875,4.875],"rotation":270,"texture":"#0"}}},{"from":[6.86767,3,7.71767],"to":[6.86767,7,13.21767],"rotation":{"angle":0,"axis":"y","origin":[8,2.35,10.46767]},"faces":{"east":{"uv":[0,8,11,0],"texture":"#1"},"west":{"uv":[0,8,11,0],"texture":"#1"}}},{"from":[7.96767,2.11742,17.47594],"to":[7.96767,12.11742,25.47594],"rotation":{"angle":22.5,"axis":"x","origin":[8,2.35,10.46767]},"faces":{"east":{"uv":[8,0,0,10],"texture":"#2"},"west":{"uv":[0,0,8,10],"texture":"#2"}}},{"from":[7.96767,2.11742,-4.5406],"to":[7.96767,12.11742,3.4594],"rotation":{"angle":-22.5,"axis":"x","origin":[8,2.35,10.46767]},"faces":{"east":{"uv":[0,0,8,10],"texture":"#2"},"west":{"uv":[8,0,0,10],"texture":"#2"}}},{"from":[7.41767,10.55912,8.17964],"to":[8.51767,12.05912,12.17964],"rotation":{"angle":45,"axis":"x","origin":[8,2.35,10.46767]},"faces":{"north":{"uv":[9.625,3.25,9.9,3.625],"texture":"#0"},"east":{"uv":[7.625,3.25,8.625,3.625],"texture":"#0"},"south":{"uv":[9.625,3.25,10,3.625],"texture":"#0"},"west":{"uv":[7.625,3.25,8.625,3.625],"texture":"#0"},"up":{"uv":[9.625,3.525,8.625,3.25],"rotation":90,"texture":"#0"},"down":{"uv":[9.625,3.525,8.625,3.25],"rotation":270,"texture":"#0"}}},{"from":[7.41767,4.63119,16.16994],"to":[8.51767,6.13119,20.16994],"rotation":{"angle":-45,"axis":"x","origin":[8,2.35,10.46767]},"faces":{"north":{"uv":[9.625,3.625,9.9,3.25],"texture":"#0"},"east":{"uv":[7.625,3.625,8.625,3.25],"texture":"#0"},"south":{"uv":[9.625,3.625,10,3.25],"texture":"#0"},"west":{"uv":[7.625,3.625,8.625,3.25],"texture":"#0"},"up":{"uv":[9.625,3.25,8.625,3.525],"rotation":90,"texture":"#0"},"down":{"uv":[9.625,3.25,8.625,3.525],"rotation":270,"texture":"#0"}}},{"from":[7.51767,5.10727,9.18005],"to":[8.41767,9.10727,10.68005],"rotation":{"angle":22.5,"axis":"x","origin":[8,2.35,10.46767]},"faces":{"north":{"uv":[9.625,3.25,8.625,3.475],"rotation":270,"texture":"#0"},"east":{"uv":[8.625,3.625,7.625,3.25],"rotation":90,"texture":"#0"},"south":{"uv":[9.625,3.25,8.625,3.475],"rotation":270,"texture":"#0"},"west":{"uv":[7.625,3.625,8.625,3.25],"rotation":270,"texture":"#0"},"up":{"uv":[9.625,3.625,10,3.25],"texture":"#0"},"down":{"uv":[9.625,3.625,9.9,3.25],"rotation":180,"texture":"#0"}}},{"from":[7.51767,5.10727,10.25529],"to":[8.41767,9.10727,11.75529],"rotation":{"angle":-22.5,"axis":"x","origin":[8,2.35,10.46767]},"faces":{"north":{"uv":[9.625,3.475,8.625,3.25],"rotation":270,"texture":"#0"},"east":{"uv":[8.625,3.25,7.625,3.625],"rotation":90,"texture":"#0"},"south":{"uv":[9.625,3.475,8.625,3.25],"rotation":270,"texture":"#0"},"west":{"uv":[7.625,3.25,8.625,3.625],"rotation":270,"texture":"#0"},"up":{"uv":[9.625,3.25,10,3.625],"texture":"#0"},"down":{"uv":[9.625,3.25,9.9,3.625],"rotation":180,"texture":"#0"}}},{"from":[8.01767,-3.51851,7.06462],"to":[9.21767,0.48149,8.56462],"rotation":{"angle":0,"axis":"y","origin":[8,2.35,10.46767]},"faces":{"north":{"uv":[9.625,3.475,8.625,3.25],"rotation":270,"texture":"#0"},"east":{"uv":[8.625,3.25,7.625,3.625],"rotation":90,"texture":"#0"},"south":{"uv":[9.625,3.475,8.625,3.25],"rotation":270,"texture":"#0"},"west":{"uv":[7.625,3.25,8.625,3.625],"rotation":270,"texture":"#0"},"up":{"uv":[9.625,3.25,10,3.625],"texture":"#0"},"down":{"uv":[9.625,3.25,9.9,3.625],"rotation":180,"texture":"#0"}}},{"from":[8.11767,-1.09101,7.92317],"to":[9.01767,2.90899,9.42317],"rotation":{"angle":22.5,"axis":"x","origin":[8,2.35,10.46767]},"faces":{"north":{"uv":[9.625,3.475,8.625,3.25],"rotation":270,"texture":"#0"},"east":{"uv":[8.625,3.25,7.625,3.625],"rotation":90,"texture":"#0"},"south":{"uv":[9.625,3.475,8.625,3.25],"rotation":270,"texture":"#0"},"west":{"uv":[7.625,3.25,8.625,3.625],"rotation":270,"texture":"#0"},"up":{"uv":[9.625,3.25,10,3.625],"texture":"#0"},"down":{"uv":[9.625,3.25,9.9,3.625],"rotation":180,"texture":"#0"}}},{"from":[8.11767,-1.09101,11.51217],"to":[9.01767,2.90899,13.01217],"rotation":{"angle":-22.5,"axis":"x","origin":[8,2.35,10.46767]},"faces":{"north":{"uv":[9.625,3.25,8.625,3.475],"rotation":270,"texture":"#0"},"east":{"uv":[8.625,3.625,7.625,3.25],"rotation":90,"texture":"#0"},"south":{"uv":[9.625,3.25,8.625,3.475],"rotation":270,"texture":"#0"},"west":{"uv":[7.625,3.625,8.625,3.25],"rotation":270,"texture":"#0"},"up":{"uv":[9.625,3.625,10,3.25],"texture":"#0"},"down":{"uv":[9.625,3.625,9.9,3.25],"rotation":180,"texture":"#0"}}},{"from":[8.01767,-3.51851,12.37072],"to":[9.21767,0.48149,13.87072],"rotation":{"angle":0,"axis":"y","origin":[8,2.35,10.46767]},"faces":{"north":{"uv":[9.625,3.25,8.625,3.475],"rotation":270,"texture":"#0"},"east":{"uv":[8.625,3.625,7.625,3.25],"rotation":90,"texture":"#0"},"south":{"uv":[9.625,3.25,8.625,3.475],"rotation":270,"texture":"#0"},"west":{"uv":[7.625,3.625,8.625,3.25],"rotation":270,"texture":"#0"},"up":{"uv":[9.625,3.625,10,3.25],"texture":"#0"},"down":{"uv":[9.625,3.625,9.9,3.25],"rotation":180,"texture":"#0"}}},{"from":[7.41767,4.63119,0.7654],"to":[8.51767,6.13119,4.7654],"rotation":{"angle":45,"axis":"x","origin":[8,2.35,10.46767]},"faces":{"north":{"uv":[10,3.625,9.625,3.25],"texture":"#0"},"east":{"uv":[8.625,3.625,7.625,3.25],"texture":"#0"},"south":{"uv":[9.9,3.625,9.625,3.25],"texture":"#0"},"west":{"uv":[8.625,3.625,7.625,3.25],"texture":"#0"},"up":{"uv":[8.625,3.25,9.625,3.525],"rotation":90,"texture":"#0"},"down":{"uv":[8.625,3.25,9.625,3.525],"rotation":270,"texture":"#0"}}},{"from":[7.41767,10.55912,8.7557],"to":[8.51767,12.05912,12.7557],"rotation":{"angle":-45,"axis":"x","origin":[8,2.35,10.46767]},"faces":{"north":{"uv":[10,3.25,9.625,3.625],"texture":"#0"},"east":{"uv":[8.625,3.25,7.625,3.625],"texture":"#0"},"south":{"uv":[9.9,3.25,9.625,3.625],"texture":"#0"},"west":{"uv":[8.625,3.25,7.625,3.625],"texture":"#0"},"up":{"uv":[8.625,3.525,9.625,3.25],"rotation":90,"texture":"#0"},"down":{"uv":[8.625,3.525,9.625,3.25],"rotation":270,"texture":"#0"}}},{"from":[8.16767,-3,3.46767],"to":[8.16767,10,17.46767],"rotation":{"angle":0,"axis":"y","origin":[8,2.35,10.46767]},"faces":{"north":{"uv":[0,0,0,3.25],"texture":"#missing"},"east":{"uv":[12.5,12.75,16,16],"texture":"#0"},"south":{"uv":[0,0,0,3.25],"texture":"#missing"},"west":{"uv":[12.5,12.75,16,16],"texture":"#0"},"up":{"uv":[0,0,3,0],"rotation":90,"texture":"#missing"},"down":{"uv":[0,0,3,0],"rotation":270,"texture":"#missing"}}},{"from":[8.66767,8.69749,6.65206],"to":[9.26767,9.19749,7.65206],"rotation":{"angle":45,"axis":"x","origin":[8,2.35,10.46767]},"faces":{"north":{"uv":[5.875,1.875,6.025,1.75],"rotation":180,"texture":"#0"},"east":{"uv":[5.875,1.5,6.125,1.375],"texture":"#0"},"south":{"uv":[5.875,1.875,6.025,1.75],"rotation":180,"texture":"#0"},"west":{"uv":[5.875,1.5,6.125,1.375],"rotation":180,"texture":"#0"},"up":{"uv":[5.875,1.65,6.125,1.5],"rotation":270,"texture":"#0"},"down":{"uv":[5.875,1.65,6.125,1.5],"rotation":90,"texture":"#0"}}},{"from":[8.56767,7.7,12.86767],"to":[9.36767,9.2,13.86767],"rotation":{"angle":0,"axis":"y","origin":[8,2.35,10.46767]},"faces":{"north":{"uv":[5.875,1.075,6.25,0.875],"rotation":270,"texture":"#0"},"east":{"uv":[5.875,0.625,6.25,0.875],"rotation":270,"texture":"#0"},"south":{"uv":[5.875,1.075,6.25,0.875],"rotation":270,"texture":"#0"},"west":{"uv":[5.875,0.875,6.25,0.625],"rotation":270,"texture":"#0"},"up":{"uv":[5.75,1.375,5.95,1.125],"texture":"#0"},"down":{"uv":[5.75,1.375,5.95,1.125],"rotation":180,"texture":"#0"}}},{"from":[8.46767,6.59749,7.95206],"to":[9.46767,8.59749,9.45206],"rotation":{"angle":45,"axis":"x","origin":[8,2.35,10.46767]},"faces":{"north":{"uv":[5.5,3.5,5,3.75],"rotation":90,"texture":"#0"},"east":{"uv":[5,3.125,5.5,3.5],"rotation":270,"texture":"#0"},"south":{"uv":[5.5,3.5,5,3.75],"rotation":90,"texture":"#0"},"west":{"uv":[5.5,3.125,5,3.5],"rotation":90,"texture":"#0"},"up":{"uv":[5.75,3.125,5.5,3.5],"rotation":180,"texture":"#0"},"down":{"uv":[5.75,3.125,5.5,3.5],"texture":"#0"}}},{"from":[4.20471,3.6,10.11859],"to":[4.70471,4.2,11.11859],"rotation":{"angle":22.5,"axis":"y","origin":[8,2.35,10.46767]},"faces":{"north":{"uv":[5.875,1.875,6.025,1.75],"rotation":270,"texture":"#0"},"east":{"uv":[5.875,1.65,6.125,1.5],"texture":"#0"},"south":{"uv":[5.875,1.875,6.025,1.75],"rotation":90,"texture":"#0"},"west":{"uv":[5.875,1.65,6.125,1.5],"rotation":180,"texture":"#0"},"up":{"uv":[5.875,1.5,6.125,1.375],"rotation":270,"texture":"#0"},"down":{"uv":[5.875,1.5,6.125,1.375],"rotation":90,"texture":"#0"}}},{"from":[5.75943,3.5,13.16065],"to":[7.25943,4.3,14.16065],"rotation":{"angle":-22.5,"axis":"y","origin":[8,2.35,10.46767]},"faces":{"north":{"uv":[5.875,1.075,6.25,0.875],"texture":"#0"},"east":{"uv":[5.75,1.375,5.95,1.125],"rotation":90,"texture":"#0"},"south":{"uv":[5.875,1.075,6.25,0.875],"rotation":180,"texture":"#0"},"west":{"uv":[5.75,1.375,5.95,1.125],"rotation":270,"texture":"#0"},"up":{"uv":[5.875,0.625,6.25,0.875],"rotation":180,"texture":"#0"},"down":{"uv":[5.875,0.875,6.25,0.625],"rotation":180,"texture":"#0"}}},{"from":[4.80471,3.4,11.41859],"to":[6.80471,4.4,12.91859],"rotation":{"angle":22.5,"axis":"y","origin":[8,2.35,10.46767]},"faces":{"north":{"uv":[5.5,3.5,5,3.75],"rotation":180,"texture":"#0"},"east":{"uv":[5.75,3.125,5.5,3.5],"rotation":270,"texture":"#0"},"south":{"uv":[5.5,3.5,5,3.75],"texture":"#0"},"west":{"uv":[5.75,3.125,5.5,3.5],"rotation":90,"texture":"#0"},"up":{"uv":[5,3.125,5.5,3.5],"rotation":180,"texture":"#0"},"down":{"uv":[5.5,3.125,5,3.5],"texture":"#0"}}},{"from":[4.80471,3.4,8.01675],"to":[6.80471,4.4,9.51675],"rotation":{"angle":-22.5,"axis":"y","origin":[8,2.35,10.46767]},"faces":{"north":{"uv":[5,3.5,5.5,3.75],"texture":"#0"},"east":{"uv":[5.75,3.5,5.5,3.125],"rotation":270,"texture":"#0"},"south":{"uv":[5,3.5,5.5,3.75],"rotation":180,"texture":"#0"},"west":{"uv":[5.75,3.5,5.5,3.125],"rotation":90,"texture":"#0"},"up":{"uv":[5,3.5,5.5,3.125],"rotation":180,"texture":"#0"},"down":{"uv":[5.5,3.5,5,3.125],"texture":"#0"}}},{"from":[4.20471,3.6,9.81675],"to":[4.70471,4.2,10.81675],"rotation":{"angle":-22.5,"axis":"y","origin":[8,2.35,10.46767]},"faces":{"north":{"uv":[5.875,1.75,6.025,1.875],"rotation":90,"texture":"#0"},"east":{"uv":[6.125,1.65,5.875,1.5],"texture":"#0"},"south":{"uv":[5.875,1.75,6.025,1.875],"rotation":270,"texture":"#0"},"west":{"uv":[6.125,1.65,5.875,1.5],"rotation":180,"texture":"#0"},"up":{"uv":[6.125,1.5,5.875,1.375],"rotation":270,"texture":"#0"},"down":{"uv":[6.125,1.5,5.875,1.375],"rotation":90,"texture":"#0"}}},{"from":[5.75943,3.5,6.77469],"to":[7.25943,4.3,7.77469],"rotation":{"angle":22.5,"axis":"y","origin":[8,2.35,10.46767]},"faces":{"north":{"uv":[6.25,1.075,5.875,0.875],"rotation":180,"texture":"#0"},"east":{"uv":[5.75,1.125,5.95,1.375],"rotation":90,"texture":"#0"},"south":{"uv":[6.25,1.075,5.875,0.875],"texture":"#0"},"west":{"uv":[5.75,1.125,5.95,1.375],"rotation":270,"texture":"#0"},"up":{"uv":[5.875,0.875,6.25,0.625],"rotation":180,"texture":"#0"},"down":{"uv":[5.875,0.625,6.25,0.875],"rotation":180,"texture":"#0"}}},{"from":[8.66767,8.69749,13.28328],"to":[9.26767,9.19749,14.28328],"rotation":{"angle":-45,"axis":"x","origin":[8,2.35,10.46767]},"faces":{"north":{"uv":[6.025,1.875,5.875,1.75],"rotation":180,"texture":"#0"},"east":{"uv":[6.125,1.5,5.875,1.375],"texture":"#0"},"south":{"uv":[6.025,1.875,5.875,1.75],"rotation":180,"texture":"#0"},"west":{"uv":[6.125,1.5,5.875,1.375],"rotation":180,"texture":"#0"},"up":{"uv":[6.125,1.65,5.875,1.5],"rotation":270,"texture":"#0"},"down":{"uv":[6.125,1.65,5.875,1.5],"rotation":90,"texture":"#0"}}},{"from":[8.56767,7.7,7.06767],"to":[9.36767,9.2,8.06767],"rotation":{"angle":0,"axis":"y","origin":[8,2.35,10.46767]},"faces":{"north":{"uv":[5.875,0.875,6.25,1.075],"rotation":270,"texture":"#0"},"east":{"uv":[5.875,0.875,6.25,0.625],"rotation":270,"texture":"#0"},"south":{"uv":[5.875,0.875,6.25,1.075],"rotation":270,"texture":"#0"},"west":{"uv":[5.875,0.625,6.25,0.875],"rotation":270,"texture":"#0"},"up":{"uv":[5.75,1.125,5.95,1.375],"texture":"#0"},"down":{"uv":[5.75,1.125,5.95,1.375],"rotation":180,"texture":"#0"}}},{"from":[8.46767,6.59749,11.48328],"to":[9.46767,8.59749,12.98328],"rotation":{"angle":-45,"axis":"x","origin":[8,2.35,10.46767]},"faces":{"north":{"uv":[5.5,3.75,5,3.5],"rotation":90,"texture":"#0"},"east":{"uv":[5,3.5,5.5,3.125],"rotation":270,"texture":"#0"},"south":{"uv":[5.5,3.75,5,3.5],"rotation":90,"texture":"#0"},"west":{"uv":[5.5,3.5,5,3.125],"rotation":90,"texture":"#0"},"up":{"uv":[5.75,3.5,5.5,3.125],"rotation":180,"texture":"#0"},"down":{"uv":[5.75,3.5,5.5,3.125],"texture":"#0"}}}],"gui_light":"front","display":{"thirdperson_righthand":{"translation":[3,2.5,1.25]},"thirdperson_lefthand":{"rotation":[0,180,0],"translation":[3,2.5,6.5]},"firstperson_righthand":{"rotation":[0,90,0],"translation":[-3.25,8.5,2.25],"scale":[0.53555,0.53555,0.53555]},"firstperson_lefthand":{"rotation":[0,-90,0],"translation":[-0.75,8.5,2.25],"scale":[0.53555,0.53555,0.53555]},"ground":{"translation":[0,16.25,-2.75],"scale":[0.89102,0.89102,0.89102]},"gui":{"rotation":[0,90,0],"translation":[-1.5,3.5,-1.25],"scale":[0.63477,0.63477,0.63477]},"head":{"rotation":[-180,0,0],"translation":[0,11,1.75],"scale":[0,0,0]},"fixed":{"rotation":[-180,90,-180],"translation":[-4.75,13.25,-1.5],"scale":[1.9418,1.9418,1.9418]}},"groups":[0,1,2,3,4,5,6,7,8,9,10,11,12,13,14,15,16,17,18,19,20,21,22,23,24,25,26,27,28,29,30,31,32,33,34,35,36,37,38,39,40,41,42,43,44,45,46,47,48,49,50,51,52,53,{"name":"group","origin":[8,10,10.5],"color":0,"nbt":"{}","children":[54,55,56,57,58,59,60,61,62,63,64,65,66]},67,68,69,70,71,72,73,74,75,76,77,78,79,80,81,82,83,84,85,86,87,88,89]}