{"credit":"MadewithBlockbench","texture_size":[64,64],"textures":{"0":"elitecreatures/darkflame_animated_weapon_set/darkflame_01_texture","1":"elitecreatures/darkflame_animated_weapon_set/darkflame_animation_01texture","2":"elitecreatures/darkflame_animated_weapon_set/drakflame_animation_02texture","particle":"elitecreatures/darkflame_animated_weapon_set/darkflame_01_texture"},"elements":[{"from":[6.75,4,7],"to":[8.25,6,9],"rotation":{"angle":0,"axis":"y","origin":[7.5,2.44936,8]},"faces":{"north":{"uv":[0,2.25,0.5,2.75],"texture":"#0"},"east":{"uv":[0,2.25,0.5,2.75],"texture":"#0"},"south":{"uv":[0,2.25,0.5,2.75],"texture":"#0"},"west":{"uv":[0,2.25,0.5,2.75],"texture":"#0"},"up":{"uv":[0,2.75,0.5,3.125],"rotation":90,"texture":"#0"},"down":{"uv":[0,2.75,0.5,3.125],"rotation":270,"texture":"#0"}}},{"from":[6.25,3,6.5],"to":[8.75,5,9.5],"rotation":{"angle":0,"axis":"y","origin":[7.5,2.44936,8]},"faces":{"north":{"uv":[0.5,2.25,1.25,2.75],"texture":"#0"},"east":{"uv":[0.5,2.25,1.25,2.75],"texture":"#0"},"south":{"uv":[0.5,2.25,1.25,2.75],"texture":"#0"},"west":{"uv":[0.5,2.25,1.25,2.75],"texture":"#0"},"up":{"uv":[0.5,2.75,1.25,3.375],"rotation":90,"texture":"#0"},"down":{"uv":[0.5,2.75,1.25,3.375],"rotation":270,"texture":"#0"}}},{"from":[6.75,7,7],"to":[8.25,9,9],"rotation":{"angle":0,"axis":"y","origin":[7.5,2.44936,8]},"faces":{"north":{"uv":[0,2.25,0.5,2.75],"texture":"#0"},"east":{"uv":[0,2.25,0.5,2.75],"texture":"#0"},"south":{"uv":[0,2.25,0.5,2.75],"texture":"#0"},"west":{"uv":[0,2.25,0.5,2.75],"texture":"#0"},"up":{"uv":[0,2.75,0.5,3.125],"rotation":90,"texture":"#0"},"down":{"uv":[0,2.75,0.5,3.125],"rotation":270,"texture":"#0"}}},{"from":[6.25,6,6.5],"to":[8.75,8,9.5],"rotation":{"angle":0,"axis":"y","origin":[7.5,2.44936,8]},"faces":{"north":{"uv":[0.5,2.25,1.25,2.75],"texture":"#0"},"east":{"uv":[0.5,2.25,1.25,2.75],"texture":"#0"},"south":{"uv":[0.5,2.25,1.25,2.75],"texture":"#0"},"west":{"uv":[0.5,2.25,1.25,2.75],"texture":"#0"},"up":{"uv":[0.5,2.75,1.25,3.375],"rotation":90,"texture":"#0"},"down":{"uv":[0.5,2.75,1.25,3.375],"rotation":270,"texture":"#0"}}},{"from":[6.5,-9,7],"to":[8.5,-7,9],"rotation":{"angle":0,"axis":"y","origin":[7.5,2.44936,8]},"faces":{"north":{"uv":[1.5,1.75,2,2.25],"texture":"#0"},"east":{"uv":[1.5,1.75,2,2.25],"texture":"#0"},"south":{"uv":[1.5,1.75,2,2.25],"texture":"#0"},"west":{"uv":[1.5,1.75,2,2.25],"texture":"#0"},"up":{"uv":[0,3.5,0.5,4],"rotation":90,"texture":"#0"},"down":{"uv":[0,3.5,0.5,4],"rotation":270,"texture":"#0"}}},{"from":[6.5,-12,7],"to":[8.5,-10,9],"rotation":{"angle":0,"axis":"y","origin":[7.5,2.44936,8]},"faces":{"north":{"uv":[1.5,1.75,2,2.25],"texture":"#0"},"east":{"uv":[1.5,1.75,2,2.25],"texture":"#0"},"south":{"uv":[1.5,1.75,2,2.25],"texture":"#0"},"west":{"uv":[1.5,1.75,2,2.25],"texture":"#0"},"up":{"uv":[0,3.5,0.5,4],"rotation":90,"texture":"#0"},"down":{"uv":[0,3.5,0.5,4],"rotation":270,"texture":"#0"}}},{"from":[6.25,11.53111,17.08175],"to":[8.75,13.53111,19.08175],"rotation":{"angle":-45,"axis":"x","origin":[7.5,2.44936,8]},"faces":{"north":{"uv":[2,1.5,2.625,1],"texture":"#0"},"east":{"uv":[1.625,2.25,2.125,2.75],"texture":"#0"},"south":{"uv":[2,1,2.625,1.5],"texture":"#0"},"west":{"uv":[2.125,2.25,1.625,2.75],"texture":"#0"},"up":{"uv":[1.625,2.75,2.125,3.375],"rotation":90,"texture":"#0"},"down":{"uv":[2.125,2.75,1.625,3.375],"rotation":270,"texture":"#0"}}},{"from":[6.25,-8.97499,-3.42435],"to":[8.75,-6.97499,-1.42435],"rotation":{"angle":-45,"axis":"x","origin":[7.5,2.44936,8]},"faces":{"north":{"uv":[2,1.5,2.625,1],"texture":"#0"},"east":{"uv":[1.625,2.25,2.125,2.75],"texture":"#0"},"south":{"uv":[2,1,2.625,1.5],"texture":"#0"},"west":{"uv":[2.125,2.25,1.625,2.75],"texture":"#0"},"up":{"uv":[1.625,2.75,2.125,3.375],"rotation":90,"texture":"#0"},"down":{"uv":[2.125,2.75,1.625,3.375],"rotation":270,"texture":"#0"}}},{"from":[6.5,-6,7],"to":[8.5,-4,9],"rotation":{"angle":0,"axis":"y","origin":[7.5,2.44936,8]},"faces":{"north":{"uv":[1.5,1.75,2,2.25],"texture":"#0"},"east":{"uv":[1.5,1.75,2,2.25],"texture":"#0"},"south":{"uv":[1.5,1.75,2,2.25],"texture":"#0"},"west":{"uv":[1.5,1.75,2,2.25],"texture":"#0"},"up":{"uv":[0,3.5,0.5,4],"rotation":90,"texture":"#0"},"down":{"uv":[0,3.5,0.5,4],"rotation":270,"texture":"#0"}}},{"from":[6.5,-3,7],"to":[8.5,-1,9],"rotation":{"angle":0,"axis":"y","origin":[7.5,2.44936,8]},"faces":{"north":{"uv":[1.5,1.75,2,2.25],"texture":"#0"},"east":{"uv":[1.5,1.75,2,2.25],"texture":"#0"},"south":{"uv":[1.5,1.75,2,2.25],"texture":"#0"},"west":{"uv":[1.5,1.75,2,2.25],"texture":"#0"},"up":{"uv":[0,3.5,0.5,4],"rotation":90,"texture":"#0"},"down":{"uv":[0,3.5,0.5,4],"rotation":270,"texture":"#0"}}},{"from":[6.5,0,7],"to":[8.5,2,9],"rotation":{"angle":0,"axis":"y","origin":[7.5,2.44936,8]},"faces":{"north":{"uv":[1.5,1.75,2,2.25],"texture":"#0"},"east":{"uv":[1.5,1.75,2,2.25],"texture":"#0"},"south":{"uv":[1.5,1.75,2,2.25],"texture":"#0"},"west":{"uv":[1.5,1.75,2,2.25],"texture":"#0"},"up":{"uv":[0,3.5,0.5,4],"rotation":90,"texture":"#0"},"down":{"uv":[0,3.5,0.5,4],"rotation":270,"texture":"#0"}}},{"from":[7.2,8.25085,6.1446],"to":[7.8,9.25085,6.6446],"rotation":{"angle":45,"axis":"x","origin":[7.5,2.44936,8]},"faces":{"north":{"uv":[5.875,1.5,6.125,1.65],"rotation":90,"texture":"#0"},"east":{"uv":[5.875,1.375,6.125,1.5],"rotation":90,"texture":"#0"},"south":{"uv":[5.875,1.5,6.125,1.65],"rotation":90,"texture":"#0"},"west":{"uv":[5.875,1.375,6.125,1.5],"rotation":90,"texture":"#0"},"up":{"uv":[5.875,1.75,6.025,1.875],"rotation":180,"texture":"#0"},"down":{"uv":[5.875,1.75,6.025,1.875],"texture":"#0"}}},{"from":[7.1,8.2,11.4],"to":[7.9,9.7,12.4],"rotation":{"angle":0,"axis":"y","origin":[7.5,2.44936,8]},"faces":{"north":{"uv":[5.875,0.875,6.25,1.075],"rotation":90,"texture":"#0"},"east":{"uv":[5.875,0.875,6.25,0.625],"rotation":90,"texture":"#0"},"south":{"uv":[5.875,0.875,6.25,1.075],"rotation":90,"texture":"#0"},"west":{"uv":[5.875,0.625,6.25,0.875],"rotation":90,"texture":"#0"},"up":{"uv":[5.75,1.125,5.95,1.375],"rotation":180,"texture":"#0"},"down":{"uv":[5.75,1.125,5.95,1.375],"texture":"#0"}}},{"from":[7,9.55085,4.0446],"to":[8,11.05085,6.0446],"rotation":{"angle":45,"axis":"x","origin":[7.5,2.44936,8]},"faces":{"north":{"uv":[5.5,3.125,5.75,3.5],"texture":"#0"},"east":{"uv":[5.5,3.125,5,3.5],"texture":"#0"},"south":{"uv":[5.5,3.125,5.75,3.5],"texture":"#0"},"west":{"uv":[5,3.125,5.5,3.5],"texture":"#0"},"up":{"uv":[5,3.5,5.5,3.75],"rotation":90,"texture":"#0"},"down":{"uv":[5,3.5,5.5,3.75],"rotation":270,"texture":"#0"}}},{"from":[6.5,9.5,7.8],"to":[8.5,11.5,11.3],"rotation":{"angle":0,"axis":"y","origin":[7.5,2.44936,8]},"faces":{"north":{"uv":[3.0625,3.625,3.5625,4.125],"texture":"#0"},"east":{"uv":[4.125,3.125,3.25,3.625],"texture":"#0"},"south":{"uv":[3.625,3.625,4.125,4.125],"texture":"#0"},"west":{"uv":[3.25,3.125,4.125,3.625],"texture":"#0"},"up":{"uv":[4.125,3.125,5,3.625],"rotation":90,"texture":"#0"},"down":{"uv":[4.125,3.125,5,3.625],"rotation":270,"texture":"#0"}}},{"from":[6.5,9.5,4.7],"to":[8.5,11.5,8.2],"rotation":{"angle":0,"axis":"y","origin":[7.5,2.44936,8]},"faces":{"north":{"uv":[4.125,3.625,3.625,4.125],"texture":"#0"},"east":{"uv":[3.25,3.125,4.125,3.625],"texture":"#0"},"south":{"uv":[3.5625,3.625,3.0625,4.125],"texture":"#0"},"west":{"uv":[4.125,3.125,3.25,3.625],"texture":"#0"},"up":{"uv":[5,3.125,4.125,3.625],"rotation":90,"texture":"#0"},"down":{"uv":[5,3.125,4.125,3.625],"rotation":270,"texture":"#0"}}},{"from":[7,9.55085,9.9554],"to":[8,11.05085,11.9554],"rotation":{"angle":-45,"axis":"x","origin":[7.5,2.44936,8]},"faces":{"north":{"uv":[5.75,3.125,5.5,3.5],"texture":"#0"},"east":{"uv":[5,3.125,5.5,3.5],"texture":"#0"},"south":{"uv":[5.75,3.125,5.5,3.5],"texture":"#0"},"west":{"uv":[5.5,3.125,5,3.5],"texture":"#0"},"up":{"uv":[5.5,3.5,5,3.75],"rotation":90,"texture":"#0"},"down":{"uv":[5.5,3.5,5,3.75],"rotation":270,"texture":"#0"}}},{"from":[7.1,8.2,3.6],"to":[7.9,9.7,4.6],"rotation":{"angle":0,"axis":"y","origin":[7.5,2.44936,8]},"faces":{"north":{"uv":[5.875,1.075,6.25,0.875],"rotation":90,"texture":"#0"},"east":{"uv":[5.875,0.625,6.25,0.875],"rotation":90,"texture":"#0"},"south":{"uv":[5.875,1.075,6.25,0.875],"rotation":90,"texture":"#0"},"west":{"uv":[5.875,0.875,6.25,0.625],"rotation":90,"texture":"#0"},"up":{"uv":[5.75,1.375,5.95,1.125],"rotation":180,"texture":"#0"},"down":{"uv":[5.75,1.375,5.95,1.125],"texture":"#0"}}},{"from":[7.2,8.25085,9.3554],"to":[7.8,9.25085,9.8554],"rotation":{"angle":-45,"axis":"x","origin":[7.5,2.44936,8]},"faces":{"north":{"uv":[5.875,1.65,6.125,1.5],"rotation":90,"texture":"#0"},"east":{"uv":[5.875,1.5,6.125,1.375],"rotation":90,"texture":"#0"},"south":{"uv":[5.875,1.65,6.125,1.5],"rotation":90,"texture":"#0"},"west":{"uv":[5.875,1.5,6.125,1.375],"rotation":90,"texture":"#0"},"up":{"uv":[5.875,1.875,6.025,1.75],"rotation":180,"texture":"#0"},"down":{"uv":[5.875,1.875,6.025,1.75],"texture":"#0"}}},{"from":[6.6,14,5.5],"to":[8.6,15,10.5],"rotation":{"angle":0,"axis":"y","origin":[7.5,2.44936,8]},"faces":{"north":{"uv":[3.25,3.125,2.75,3.375],"texture":"#0"},"east":{"uv":[2.9375,3.3875,1.6875,3.6375],"texture":"#0"},"south":{"uv":[3.25,3.125,2.75,3.375],"texture":"#0"},"west":{"uv":[2.9375,3.3875,1.6875,3.6375],"texture":"#0"},"up":{"uv":[2.875,4.125,1.625,3.625],"rotation":90,"texture":"#0"},"down":{"uv":[2.875,4.125,1.625,3.625],"rotation":270,"texture":"#0"}}},{"from":[6.1,14,6.5],"to":[9.1,16,9.5],"rotation":{"angle":0,"axis":"y","origin":[7.5,2.44936,8]},"faces":{"north":{"uv":[0.75,1.75,0,2.25],"texture":"#0"},"east":{"uv":[0.8125,1.0125,0.0625,1.5125],"texture":"#0"},"south":{"uv":[0.75,1.75,0,2.25],"texture":"#0"},"west":{"uv":[0.8125,1.0125,0.0625,1.5125],"texture":"#0"},"up":{"uv":[2.4375,4.875,1.6875,4.125],"rotation":90,"texture":"#0"},"down":{"uv":[1.25,4.125,0.5,3.375],"rotation":270,"texture":"#0"}}},{"from":[5.4,10,5.25],"to":[5.4,14,10.75],"rotation":{"angle":0,"axis":"y","origin":[7.5,2.44936,8]},"faces":{"east":{"uv":[0,0,11,8],"texture":"#1"},"west":{"uv":[0,0,11,8],"texture":"#1"}}},{"from":[7.2,10.68645,17.44006],"to":[7.8,11.68645,17.94006],"rotation":{"angle":22.5,"axis":"x","origin":[7.5,18.51499,8]},"faces":{"north":{"uv":[5.25,3.75,5.5,3.9],"rotation":90,"texture":"#0"},"east":{"uv":[5.5,4,5.25,4.125],"rotation":270,"texture":"#0"},"south":{"uv":[5.25,3.75,5.5,3.9],"rotation":90,"texture":"#0"},"west":{"uv":[5.25,4,5.5,4.125],"rotation":90,"texture":"#0"},"up":{"uv":[5.25,4.125,5.4,4.25],"rotation":180,"texture":"#0"},"down":{"uv":[5.25,4.125,5.4,4.25],"texture":"#0"}}},{"from":[7.1,6.64064,9.7492],"to":[7.9,8.14064,10.7492],"rotation":{"angle":-22.5,"axis":"x","origin":[7.5,18.51499,8]},"faces":{"north":{"uv":[5.25,3.95,4.875,3.75],"rotation":270,"texture":"#0"},"east":{"uv":[5,4,4.625,4.25],"rotation":270,"texture":"#0"},"south":{"uv":[5.25,3.95,4.875,3.75],"rotation":270,"texture":"#0"},"west":{"uv":[5,4.25,4.625,4],"rotation":270,"texture":"#0"},"up":{"uv":[5.2,4.25,5,4],"texture":"#0"},"down":{"uv":[5.2,4.25,5,4],"rotation":180,"texture":"#0"}}},{"from":[7,11.98645,15.34006],"to":[8,13.48645,17.34006],"rotation":{"angle":22.5,"axis":"x","origin":[7.5,18.51499,8]},"faces":{"north":{"uv":[4.625,3.625,4.875,4],"texture":"#0"},"east":{"uv":[4.125,4,4.625,3.625],"rotation":180,"texture":"#0"},"south":{"uv":[4.625,3.625,4.875,4],"texture":"#0"},"west":{"uv":[4.125,3.625,4.625,4],"texture":"#0"},"up":{"uv":[4.125,4,4.625,4.25],"rotation":90,"texture":"#0"},"down":{"uv":[4.125,4,4.625,4.25],"rotation":270,"texture":"#0"}}},{"from":[7.15,6.57805,9.64787],"to":[7.85,7.57805,10.14787],"rotation":{"angle":-45,"axis":"x","origin":[7.5,18.51499,8]},"faces":{"north":{"uv":[5.625,2.3,5.375,2.125],"rotation":270,"texture":"#0"},"east":{"uv":[5.625,2.125,5.375,2],"rotation":270,"texture":"#0"},"south":{"uv":[5.625,2.3,5.375,2.125],"rotation":270,"texture":"#0"},"west":{"uv":[5.625,2.125,5.375,2],"rotation":270,"texture":"#0"},"up":{"uv":[5.3,2.25,5.125,2.125],"texture":"#0"},"down":{"uv":[5.3,2.25,5.125,2.125],"rotation":180,"texture":"#0"}}},{"from":[7.05,7.97137,14.09552],"to":[7.95,8.67137,15.29552],"rotation":{"angle":-22.5,"axis":"x","origin":[7.5,18.51499,8]},"faces":{"north":{"uv":[5.55,1.975,5.375,1.75],"rotation":270,"texture":"#0"},"east":{"uv":[5.55,1.675,5.375,1.375],"rotation":270,"texture":"#0"},"south":{"uv":[5.55,1.975,5.375,1.75],"rotation":270,"texture":"#0"},"west":{"uv":[5.55,1.375,5.375,1.675],"rotation":270,"texture":"#0"},"up":{"uv":[5.85,2.05,5.625,1.75],"texture":"#0"},"down":{"uv":[5.85,1.675,5.625,1.375],"rotation":180,"texture":"#0"}}},{"from":[6.85,16.14243,19.70452],"to":[8.15,17.64243,20.70452],"rotation":{"angle":22.5,"axis":"x","origin":[7.5,18.51499,8]},"faces":{"north":{"uv":[5.075,2.5,4.75,2.125],"rotation":180,"texture":"#0"},"east":{"uv":[2.375,2.375,2.125,2],"texture":"#0"},"south":{"uv":[4.7,2.5,4.375,2.125],"rotation":180,"texture":"#0"},"west":{"uv":[2.125,2.375,2.375,2],"texture":"#0"},"up":{"uv":[4.625,2.825,4.375,2.5],"rotation":270,"texture":"#0"},"down":{"uv":[4.625,2.825,4.375,2.5],"rotation":90,"texture":"#0"}}},{"from":[6.75,17.24243,17.40452],"to":[8.25,18.74243,20.90452],"rotation":{"angle":22.5,"axis":"x","origin":[7.5,18.51499,8]},"faces":{"north":{"uv":[5.75,1.375,5.375,1],"rotation":180,"texture":"#0"},"east":{"uv":[5.375,1.375,4.5,1],"texture":"#0"},"south":{"uv":[5.75,1.375,5.375,1],"rotation":180,"texture":"#0"},"west":{"uv":[4.5,1.375,5.375,1],"texture":"#0"},"up":{"uv":[5.375,1.75,4.5,1.375],"rotation":270,"texture":"#0"},"down":{"uv":[5.375,2.125,4.5,1.75],"rotation":90,"texture":"#0"}}},{"from":[6.55,10.16871,11.9157],"to":[8.45,12.16871,14.9157],"rotation":{"angle":-22.5,"axis":"x","origin":[7.5,18.51499,8]},"faces":{"north":{"uv":[2.475,2,2,1.5],"rotation":180,"texture":"#0"},"east":{"uv":[5.875,0.5,5.125,0],"texture":"#0"},"south":{"uv":[2.475,2,2,1.5],"rotation":180,"texture":"#0"},"west":{"uv":[5.125,0.5,5.875,0],"texture":"#0"},"up":{"uv":[5.875,0.975,5.125,0.5],"rotation":270,"texture":"#0"},"down":{"uv":[5.875,0.975,5.125,0.5],"rotation":90,"texture":"#0"}}},{"from":[6.45,13.93028,15.19754],"to":[8.55,16.93028,17.69754],"rotation":{"angle":22.5,"axis":"x","origin":[7.5,18.51499,8]},"faces":{"north":{"uv":[3.625,2,4.375,2.525],"rotation":270,"texture":"#0"},"east":{"uv":[3.625,1.375,4.375,2],"rotation":270,"texture":"#0"},"south":{"uv":[3.625,2.525,4.375,3.05],"rotation":270,"texture":"#0"},"west":{"uv":[3.625,2,4.375,1.375],"rotation":270,"texture":"#0"},"up":{"uv":[2.75,2.5,3.275,3.125],"texture":"#0"},"down":{"uv":[2.75,2.5,3.275,3.125],"rotation":180,"texture":"#0"}}},{"from":[6.35,8.40349,8.69224],"to":[8.65,11.40349,11.69224],"rotation":{"angle":-22.5,"axis":"x","origin":[7.5,18.51499,8]},"faces":{"north":{"uv":[4.5,0,5.075,0.75],"texture":"#0"},"east":{"uv":[3.75,0,4.5,0.75],"texture":"#0"},"south":{"uv":[4.5,0,5.075,0.75],"texture":"#0"},"west":{"uv":[4.5,0,3.75,0.75],"texture":"#0"},"up":{"uv":[3.75,0.75,4.5,1.325],"rotation":90,"texture":"#0"},"down":{"uv":[5.875,0,6.625,0.575],"rotation":270,"texture":"#0"}}},{"from":[6.25,11.58431,11.73636],"to":[8.75,15.08431,15.73636],"rotation":{"angle":22.5,"axis":"x","origin":[7.5,18.51499,8]},"faces":{"north":{"uv":[2.125,3.375,2.75,2.5],"texture":"#0"},"east":{"uv":[2.625,1.875,3.625,1],"texture":"#0"},"south":{"uv":[2.125,3.375,2.75,2.5],"texture":"#0"},"west":{"uv":[3.625,1.875,2.625,1],"texture":"#0"},"up":{"uv":[2.625,2.5,3.625,1.875],"rotation":90,"texture":"#0"},"down":{"uv":[2.625,2.5,3.625,1.875],"rotation":270,"texture":"#0"}}},{"from":[5,11.5,7.75],"to":[5.5,13,8.25],"rotation":{"angle":0,"axis":"y","origin":[7.5,2.44936,8]},"faces":{"north":{"uv":[1.375,3.875,1.5,3.5],"texture":"#0"},"east":{"uv":[1.25,3.875,1.375,3.5],"texture":"#0"},"south":{"uv":[1.375,3.875,1.5,3.5],"texture":"#0"},"west":{"uv":[1.5,3.875,1.625,3.5],"texture":"#0"},"up":{"uv":[1.25,3.875,1.375,4],"rotation":90,"texture":"#0"},"down":{"uv":[1.25,3.875,1.375,4],"rotation":270,"texture":"#0"}}},{"from":[5,11,7.25],"to":[5.5,11.5,8.75],"rotation":{"angle":0,"axis":"y","origin":[7.5,2.44936,8]},"faces":{"north":{"uv":[1.25,3.875,1.375,4],"rotation":90,"texture":"#0"},"east":{"uv":[1.375,3.5,1.25,3.875],"rotation":90,"texture":"#0"},"south":{"uv":[1.25,3.875,1.375,4],"rotation":90,"texture":"#0"},"west":{"uv":[1.375,3.5,1.25,3.875],"rotation":270,"texture":"#0"},"up":{"uv":[1.375,3.875,1.5,3.5],"rotation":180,"texture":"#0"},"down":{"uv":[1.375,3.875,1.5,3.5],"texture":"#0"}}},{"from":[5,10,5.25],"to":[5.5,11,10.75],"rotation":{"angle":0,"axis":"y","origin":[7.5,2.44936,8]},"faces":{"north":{"uv":[1.5,4.375,1.375,4.125],"texture":"#0"},"east":{"uv":[1.375,4.375,0,4.125],"texture":"#0"},"south":{"uv":[1.5,4.375,1.375,4.125],"texture":"#0"},"west":{"uv":[1.375,4.375,0,4.125],"texture":"#0"},"up":{"uv":[1.375,4.375,0,4.5],"rotation":90,"texture":"#0"},"down":{"uv":[1.375,4.375,0,4.5],"rotation":270,"texture":"#0"}}},{"from":[5,11,10.25],"to":[5.5,12.5,10.75],"rotation":{"angle":0,"axis":"y","origin":[7.5,2.44936,8]},"faces":{"north":{"uv":[1.5,3.875,1.375,3.5],"texture":"#0"},"east":{"uv":[1.375,3.875,1.25,3.5],"texture":"#0"},"south":{"uv":[1.5,3.875,1.375,3.5],"texture":"#0"},"west":{"uv":[1.375,3.875,1.25,3.5],"texture":"#0"},"up":{"uv":[1.375,3.875,1.25,4],"rotation":90,"texture":"#0"},"down":{"uv":[1.375,3.875,1.25,4],"rotation":270,"texture":"#0"}}},{"from":[5,11,5.25],"to":[5.5,12.5,5.75],"rotation":{"angle":0,"axis":"y","origin":[7.5,2.44936,8]},"faces":{"north":{"uv":[1.375,3.875,1.5,3.5],"texture":"#0"},"east":{"uv":[1.25,3.875,1.375,3.5],"texture":"#0"},"south":{"uv":[1.375,3.875,1.5,3.5],"texture":"#0"},"west":{"uv":[1.25,3.875,1.375,3.5],"texture":"#0"},"up":{"uv":[1.25,3.875,1.375,4],"rotation":90,"texture":"#0"},"down":{"uv":[1.25,3.875,1.375,4],"rotation":270,"texture":"#0"}}},{"from":[5.5,10,5.25],"to":[9.5,14,10.75],"rotation":{"angle":0,"axis":"y","origin":[7.5,2.44936,8]},"faces":{"north":{"uv":[1.375,1,2.375,0],"texture":"#0"},"east":{"uv":[0,1,1.375,0],"texture":"#0"},"south":{"uv":[1.375,1,2.375,0],"texture":"#0"},"west":{"uv":[0,1,1.375,0],"texture":"#0"},"up":{"uv":[3.75,1,2.375,0],"rotation":90,"texture":"#0"},"down":{"uv":[3.75,1,2.375,0],"rotation":270,"texture":"#0"}}},{"from":[9.5,11,10.25],"to":[10,12.5,10.75],"rotation":{"angle":0,"axis":"y","origin":[7.5,2.44936,8]},"faces":{"north":{"uv":[1.375,3.875,1.5,3.5],"texture":"#0"},"east":{"uv":[1.25,3.875,1.375,3.5],"texture":"#0"},"south":{"uv":[1.375,3.875,1.5,3.5],"texture":"#0"},"west":{"uv":[1.25,3.875,1.375,3.5],"texture":"#0"},"up":{"uv":[1.375,4,1.25,3.875],"rotation":90,"texture":"#0"},"down":{"uv":[1.375,4,1.25,3.875],"rotation":270,"texture":"#0"}}},{"from":[9.5,10,5.25],"to":[10,11,10.75],"rotation":{"angle":0,"axis":"y","origin":[7.5,2.44936,8]},"faces":{"north":{"uv":[1.375,4.375,1.5,4.125],"texture":"#0"},"east":{"uv":[0,4.375,1.375,4.125],"texture":"#0"},"south":{"uv":[1.375,4.375,1.5,4.125],"texture":"#0"},"west":{"uv":[0,4.375,1.375,4.125],"texture":"#0"},"up":{"uv":[1.375,4.5,0,4.375],"rotation":90,"texture":"#0"},"down":{"uv":[1.375,4.5,0,4.375],"rotation":270,"texture":"#0"}}},{"from":[9.5,11.5,7.75],"to":[10,13,8.25],"rotation":{"angle":0,"axis":"y","origin":[7.5,2.44936,8]},"faces":{"north":{"uv":[1.5,3.875,1.375,3.5],"texture":"#0"},"east":{"uv":[1.625,3.875,1.5,3.5],"texture":"#0"},"south":{"uv":[1.5,3.875,1.375,3.5],"texture":"#0"},"west":{"uv":[1.375,3.875,1.25,3.5],"texture":"#0"},"up":{"uv":[1.25,4,1.375,3.875],"rotation":90,"texture":"#0"},"down":{"uv":[1.25,4,1.375,3.875],"rotation":270,"texture":"#0"}}},{"from":[9.5,11,5.25],"to":[10,12.5,5.75],"rotation":{"angle":0,"axis":"y","origin":[7.5,2.44936,8]},"faces":{"north":{"uv":[1.5,3.875,1.375,3.5],"texture":"#0"},"east":{"uv":[1.375,3.875,1.25,3.5],"texture":"#0"},"south":{"uv":[1.5,3.875,1.375,3.5],"texture":"#0"},"west":{"uv":[1.375,3.875,1.25,3.5],"texture":"#0"},"up":{"uv":[1.25,4,1.375,3.875],"rotation":90,"texture":"#0"},"down":{"uv":[1.25,4,1.375,3.875],"rotation":270,"texture":"#0"}}},{"from":[9.5,11,7.25],"to":[10,11.5,8.75],"rotation":{"angle":0,"axis":"y","origin":[7.5,2.44936,8]},"faces":{"north":{"uv":[1.25,4,1.375,3.875],"rotation":90,"texture":"#0"},"east":{"uv":[1.375,3.875,1.25,3.5],"rotation":270,"texture":"#0"},"south":{"uv":[1.25,4,1.375,3.875],"rotation":90,"texture":"#0"},"west":{"uv":[1.375,3.875,1.25,3.5],"rotation":90,"texture":"#0"},"up":{"uv":[1.5,3.875,1.375,3.5],"rotation":180,"texture":"#0"},"down":{"uv":[1.5,3.875,1.375,3.5],"texture":"#0"}}},{"from":[6.15,9,6.5],"to":[8.85,11,9.5],"rotation":{"angle":0,"axis":"y","origin":[7.5,2.44936,8]},"faces":{"north":{"uv":[0.75,1.75,1.5,2.25],"texture":"#0"},"east":{"uv":[0.75,1.75,1.5,2.25],"texture":"#0"},"south":{"uv":[0.75,1.75,1.5,2.25],"texture":"#0"},"west":{"uv":[0.75,1.75,1.5,2.25],"texture":"#0"},"up":{"uv":[1.25,1.0375,2,1.7125],"rotation":90,"texture":"#0"},"down":{"uv":[1.25,1.0375,2,1.7125],"rotation":270,"texture":"#0"}}},{"from":[9.6,10,5.25],"to":[9.6,14,10.75],"rotation":{"angle":0,"axis":"y","origin":[7.5,2.44936,8]},"faces":{"east":{"uv":[11,0,0,8],"texture":"#1"},"west":{"uv":[11,0,0,8],"texture":"#1"}}},{"from":[6.25,10.63267,3.63902],"to":[8.75,14.13267,7.63902],"rotation":{"angle":0,"axis":"y","origin":[7.5,2.44936,8]},"faces":{"north":{"uv":[2.75,3.375,2.125,2.5],"texture":"#0"},"east":{"uv":[3.625,1.875,2.625,1],"texture":"#0"},"south":{"uv":[2.75,3.375,2.125,2.5],"texture":"#0"},"west":{"uv":[2.625,1.875,3.625,1],"texture":"#0"},"up":{"uv":[3.625,2.5,2.625,1.875],"rotation":90,"texture":"#0"},"down":{"uv":[3.625,2.5,2.625,1.875],"rotation":270,"texture":"#0"}}},{"from":[6.35,11.44205,10.96245],"to":[8.65,14.44205,13.96245],"rotation":{"angle":-45,"axis":"x","origin":[7.5,2.44936,8]},"faces":{"north":{"uv":[6.625,0,5.875,0.575],"rotation":90,"texture":"#0"},"east":{"uv":[4.5,0,3.75,0.75],"rotation":270,"texture":"#0"},"south":{"uv":[4.5,0.75,3.75,1.325],"rotation":90,"texture":"#0"},"west":{"uv":[3.75,0,4.5,0.75],"rotation":90,"texture":"#0"},"up":{"uv":[5.075,0,4.5,0.75],"rotation":180,"texture":"#0"},"down":{"uv":[5.075,0,4.5,0.75],"texture":"#0"}}},{"from":[7,11.0348,2.03533],"to":[8,12.5348,4.03533],"rotation":{"angle":0,"axis":"y","origin":[7.5,2.44936,8]},"faces":{"north":{"uv":[4.875,3.625,4.625,4],"texture":"#0"},"east":{"uv":[4.625,4,4.125,3.625],"rotation":180,"texture":"#0"},"south":{"uv":[4.875,3.625,4.625,4],"texture":"#0"},"west":{"uv":[4.625,3.625,4.125,4],"texture":"#0"},"up":{"uv":[4.625,4,4.125,4.25],"rotation":90,"texture":"#0"},"down":{"uv":[4.625,4,4.125,4.25],"rotation":270,"texture":"#0"}}},{"from":[7.1,12.49901,9.19961],"to":[7.9,13.49901,10.69961],"rotation":{"angle":-45,"axis":"x","origin":[7.5,2.44936,8]},"faces":{"north":{"uv":[5.2,4,5,4.25],"texture":"#0"},"east":{"uv":[5,4.25,4.625,4],"rotation":180,"texture":"#0"},"south":{"uv":[5.2,4,5,4.25],"texture":"#0"},"west":{"uv":[5,4,4.625,4.25],"texture":"#0"},"up":{"uv":[5.25,3.75,4.875,3.95],"rotation":90,"texture":"#0"},"down":{"uv":[5.25,3.75,4.875,3.95],"rotation":270,"texture":"#0"}}},{"from":[7.2,9.7348,1.43533],"to":[7.8,10.7348,1.93533],"rotation":{"angle":0,"axis":"y","origin":[7.5,2.44936,8]},"faces":{"north":{"uv":[5.25,3.9,5.5,3.75],"rotation":90,"texture":"#0"},"east":{"uv":[5.5,4.125,5.25,4],"rotation":270,"texture":"#0"},"south":{"uv":[5.25,3.9,5.5,3.75],"rotation":90,"texture":"#0"},"west":{"uv":[5.25,4.125,5.5,4],"rotation":90,"texture":"#0"},"up":{"uv":[5.25,4.25,5.4,4.125],"rotation":180,"texture":"#0"},"down":{"uv":[5.25,4.25,5.4,4.125],"texture":"#0"}}},{"from":[7,-11.9652,7.96467],"to":[8,-10.4652,9.96467],"rotation":{"angle":0,"axis":"y","origin":[7.5,2.44936,8]},"faces":{"north":{"uv":[4.625,3.625,4.875,4],"texture":"#0"},"east":{"uv":[4.125,4,4.625,3.625],"rotation":180,"texture":"#0"},"south":{"uv":[4.625,3.625,4.875,4],"texture":"#0"},"west":{"uv":[4.125,3.625,4.625,4],"texture":"#0"},"up":{"uv":[4.125,4,4.625,4.25],"rotation":90,"texture":"#0"},"down":{"uv":[4.125,4,4.625,4.25],"rotation":270,"texture":"#0"}}},{"from":[7.1,-6.59287,18.73542],"to":[7.9,-5.59287,20.23542],"rotation":{"angle":45,"axis":"x","origin":[7.5,2.44936,8]},"faces":{"north":{"uv":[5,4,5.2,4.25],"texture":"#0"},"east":{"uv":[4.625,4.25,5,4],"rotation":180,"texture":"#0"},"south":{"uv":[5,4,5.2,4.25],"texture":"#0"},"west":{"uv":[4.625,4,5,4.25],"texture":"#0"},"up":{"uv":[4.875,3.75,5.25,3.95],"rotation":90,"texture":"#0"},"down":{"uv":[4.875,3.75,5.25,3.95],"rotation":270,"texture":"#0"}}},{"from":[7.2,-13.2652,10.06467],"to":[7.8,-12.2652,10.56467],"rotation":{"angle":0,"axis":"y","origin":[7.5,2.44936,8]},"faces":{"north":{"uv":[5.25,3.75,5.5,3.9],"rotation":90,"texture":"#0"},"east":{"uv":[5.5,4,5.25,4.125],"rotation":270,"texture":"#0"},"south":{"uv":[5.25,3.75,5.5,3.9],"rotation":90,"texture":"#0"},"west":{"uv":[5.25,4,5.5,4.125],"rotation":90,"texture":"#0"},"up":{"uv":[5.25,4.125,5.4,4.25],"rotation":180,"texture":"#0"},"down":{"uv":[5.25,4.125,5.4,4.25],"texture":"#0"}}},{"from":[7,-11.9652,6.03533],"to":[8,-10.4652,8.03533],"rotation":{"angle":0,"axis":"y","origin":[7.5,2.44936,8]},"faces":{"north":{"uv":[4.875,3.625,4.625,4],"texture":"#0"},"east":{"uv":[4.625,4,4.125,3.625],"rotation":180,"texture":"#0"},"south":{"uv":[4.875,3.625,4.625,4],"texture":"#0"},"west":{"uv":[4.625,3.625,4.125,4],"texture":"#0"},"up":{"uv":[4.625,4,4.125,4.25],"rotation":90,"texture":"#0"},"down":{"uv":[4.625,4,4.125,4.25],"rotation":270,"texture":"#0"}}},{"from":[7.1,-6.59287,-4.23542],"to":[7.9,-5.59287,-2.73542],"rotation":{"angle":-45,"axis":"x","origin":[7.5,2.44936,8]},"faces":{"north":{"uv":[5.2,4,5,4.25],"texture":"#0"},"east":{"uv":[5,4.25,4.625,4],"rotation":180,"texture":"#0"},"south":{"uv":[5.2,4,5,4.25],"texture":"#0"},"west":{"uv":[5,4,4.625,4.25],"texture":"#0"},"up":{"uv":[5.25,3.75,4.875,3.95],"rotation":90,"texture":"#0"},"down":{"uv":[5.25,3.75,4.875,3.95],"rotation":270,"texture":"#0"}}},{"from":[7.2,-13.2652,5.43533],"to":[7.8,-12.2652,5.93533],"rotation":{"angle":0,"axis":"y","origin":[7.5,2.44936,8]},"faces":{"north":{"uv":[5.25,3.9,5.5,3.75],"rotation":90,"texture":"#0"},"east":{"uv":[5.5,4.125,5.25,4],"rotation":270,"texture":"#0"},"south":{"uv":[5.25,3.9,5.5,3.75],"rotation":90,"texture":"#0"},"west":{"uv":[5.25,4.125,5.5,4],"rotation":90,"texture":"#0"},"up":{"uv":[5.25,4.25,5.4,4.125],"rotation":180,"texture":"#0"},"down":{"uv":[5.25,4.25,5.4,4.125],"texture":"#0"}}},{"from":[7.2,18.2652,16.06467],"to":[7.8,19.2652,16.56467],"rotation":{"angle":-22.5,"axis":"x","origin":[7.5,3.55064,14]},"faces":{"north":{"uv":[5.5,3.75,5.25,3.9],"rotation":90,"texture":"#0"},"east":{"uv":[5.25,4,5.5,4.125],"rotation":270,"texture":"#0"},"south":{"uv":[5.5,3.75,5.25,3.9],"rotation":90,"texture":"#0"},"west":{"uv":[5.5,4,5.25,4.125],"rotation":90,"texture":"#0"},"up":{"uv":[5.25,4.25,5.4,4.125],"texture":"#0"},"down":{"uv":[5.25,4.25,5.4,4.125],"rotation":180,"texture":"#0"}}},{"from":[7.1,14.28606,4.95776],"to":[7.9,15.78606,5.95776],"rotation":{"angle":22.5,"axis":"x","origin":[7.5,3.55064,14]},"faces":{"north":{"uv":[5.25,3.75,4.875,3.95],"rotation":90,"texture":"#0"},"east":{"uv":[4.625,4,5,4.25],"rotation":270,"texture":"#0"},"south":{"uv":[5.25,3.75,4.875,3.95],"rotation":90,"texture":"#0"},"west":{"uv":[4.625,4.25,5,4],"rotation":270,"texture":"#0"},"up":{"uv":[5,4.25,5.2,4],"texture":"#0"},"down":{"uv":[5,4.25,5.2,4],"rotation":180,"texture":"#0"}}},{"from":[7,16.4652,13.96467],"to":[8,17.9652,15.96467],"rotation":{"angle":-22.5,"axis":"x","origin":[7.5,3.55064,14]},"faces":{"north":{"uv":[4.625,4,4.875,3.625],"texture":"#0"},"east":{"uv":[4.125,3.625,4.625,4],"rotation":180,"texture":"#0"},"south":{"uv":[4.625,4,4.875,3.625],"texture":"#0"},"west":{"uv":[4.125,4,4.625,3.625],"texture":"#0"},"up":{"uv":[4.625,4,4.125,4.25],"rotation":270,"texture":"#0"},"down":{"uv":[4.625,4,4.125,4.25],"rotation":90,"texture":"#0"}}},{"from":[7,16.4652,0.03533],"to":[8,17.9652,2.03533],"rotation":{"angle":22.5,"axis":"x","origin":[7.5,3.55064,2]},"faces":{"north":{"uv":[4.875,4,4.625,3.625],"texture":"#0"},"east":{"uv":[4.625,3.625,4.125,4],"rotation":180,"texture":"#0"},"south":{"uv":[4.875,4,4.625,3.625],"texture":"#0"},"west":{"uv":[4.625,4,4.125,3.625],"texture":"#0"},"up":{"uv":[4.125,4,4.625,4.25],"rotation":270,"texture":"#0"},"down":{"uv":[4.125,4,4.625,4.25],"rotation":90,"texture":"#0"}}},{"from":[7.1,14.28606,10.04224],"to":[7.9,15.78606,11.04224],"rotation":{"angle":-22.5,"axis":"x","origin":[7.5,3.55064,2]},"faces":{"north":{"uv":[5.25,3.95,4.875,3.75],"rotation":90,"texture":"#0"},"east":{"uv":[4.625,4.25,5,4],"rotation":270,"texture":"#0"},"south":{"uv":[5.25,3.95,4.875,3.75],"rotation":90,"texture":"#0"},"west":{"uv":[4.625,4,5,4.25],"rotation":270,"texture":"#0"},"up":{"uv":[5,4,5.2,4.25],"texture":"#0"},"down":{"uv":[5,4,5.2,4.25],"rotation":180,"texture":"#0"}}},{"from":[7.2,18.2652,-0.56467],"to":[7.8,19.2652,-0.06467],"rotation":{"angle":22.5,"axis":"x","origin":[7.5,3.55064,2]},"faces":{"north":{"uv":[5.5,3.9,5.25,3.75],"rotation":90,"texture":"#0"},"east":{"uv":[5.25,4.125,5.5,4],"rotation":270,"texture":"#0"},"south":{"uv":[5.5,3.9,5.25,3.75],"rotation":90,"texture":"#0"},"west":{"uv":[5.5,4.125,5.25,4],"rotation":90,"texture":"#0"},"up":{"uv":[5.25,4.125,5.4,4.25],"texture":"#0"},"down":{"uv":[5.25,4.125,5.4,4.25],"rotation":180,"texture":"#0"}}},{"from":[7,13.92815,2.90366],"to":[8,15.92815,4.40366],"rotation":{"angle":22.5,"axis":"x","origin":[7.5,15.68961,2.91447]},"faces":{"north":{"uv":[4.125,4.25,4.625,4],"rotation":270,"texture":"#0"},"east":{"uv":[4.125,3.625,4.625,4],"rotation":270,"texture":"#0"},"south":{"uv":[4.125,4.25,4.625,4],"rotation":270,"texture":"#0"},"west":{"uv":[4.125,4,4.625,3.625],"rotation":270,"texture":"#0"},"up":{"uv":[4.625,4,4.875,3.625],"texture":"#0"},"down":{"uv":[4.625,4,4.875,3.625],"rotation":180,"texture":"#0"}}},{"from":[7.1,15.01948,2.83667],"to":[7.9,16.51948,3.83667],"rotation":{"angle":-22.5,"axis":"x","origin":[7.5,15.68961,2.91447]},"faces":{"north":{"uv":[4.875,3.95,5.25,3.75],"rotation":270,"texture":"#0"},"east":{"uv":[4.625,4,5,4.25],"rotation":270,"texture":"#0"},"south":{"uv":[4.875,3.95,5.25,3.75],"rotation":270,"texture":"#0"},"west":{"uv":[4.625,4.25,5,4],"rotation":270,"texture":"#0"},"up":{"uv":[5,4.25,5.2,4],"texture":"#0"},"down":{"uv":[5,4.25,5.2,4],"rotation":180,"texture":"#0"}}},{"from":[7.2,16.02815,1.60366],"to":[7.8,16.52815,2.60366],"rotation":{"angle":22.5,"axis":"x","origin":[7.5,15.68961,2.91447]},"faces":{"north":{"uv":[5.4,4.125,5.25,4.25],"texture":"#0"},"east":{"uv":[5.25,4,5.5,4.125],"texture":"#0"},"south":{"uv":[5.4,4.125,5.25,4.25],"texture":"#0"},"west":{"uv":[5.5,4,5.25,4.125],"texture":"#0"},"up":{"uv":[5.5,3.75,5.25,3.9],"rotation":90,"texture":"#0"},"down":{"uv":[5.5,3.75,5.25,3.9],"rotation":270,"texture":"#0"}}},{"from":[6.5,12.41898,-0.39271],"to":[8.5,14.91898,3.60729],"rotation":{"angle":0,"axis":"y","origin":[7.5,2.14936,8.7]},"faces":{"north":{"uv":[1.625,4.875,2.25,5.375],"rotation":90,"texture":"#0"},"east":{"uv":[0.625,5.5,0,4.5],"rotation":90,"texture":"#0"},"south":{"uv":[1.625,4.875,2.25,5.375],"rotation":90,"texture":"#0"},"west":{"uv":[0.625,4.5,0,5.5],"rotation":90,"texture":"#0"},"up":{"uv":[1.125,4.5,0.625,5.5],"rotation":180,"texture":"#0"},"down":{"uv":[1.625,4.5,1.125,5.5],"texture":"#0"}}},{"from":[7.5,3.4433,-8.7537],"to":[7.5,9.4433,3.2463],"rotation":{"angle":-22.5,"axis":"x","origin":[8,10.3683,-13.925]},"faces":{"east":{"uv":[2.75,11.125,5.75,12.625],"texture":"#0"},"west":{"uv":[5.75,11.125,2.75,12.625],"texture":"#0"}}},{"from":[6.75,15.37096,1.1287],"to":[8.25,16.87096,5.1287],"rotation":{"angle":-22.5,"axis":"x","origin":[7.5,2.14936,8.7]},"faces":{"north":{"uv":[2.25,5.125,2.625,5.5],"rotation":90,"texture":"#0"},"east":{"uv":[2.5,4.125,2.875,5.125],"rotation":270,"texture":"#0"},"south":{"uv":[2.25,5.125,2.625,5.5],"rotation":90,"texture":"#0"},"west":{"uv":[2.875,4.125,2.5,5.125],"rotation":90,"texture":"#0"},"up":{"uv":[3.25,4.125,2.875,5.125],"rotation":180,"texture":"#0"},"down":{"uv":[3.625,4.125,3.25,5.125],"texture":"#0"}}},{"from":[6.75,-8,7.25],"to":[8.25,-3,8.75],"rotation":{"angle":0,"axis":"y","origin":[7.5,2.44936,8]},"faces":{"north":{"uv":[1.25,2.25,1.625,3.5],"texture":"#0"},"east":{"uv":[1.25,2.25,1.625,3.5],"texture":"#0"},"south":{"uv":[1.25,2.25,1.625,3.5],"texture":"#0"},"west":{"uv":[1.25,2.25,1.625,3.5],"texture":"#0"},"up":{"uv":[0,3.125,0.375,3.5],"rotation":90,"texture":"#0"},"down":{"uv":[0,3.125,0.375,3.5],"rotation":270,"texture":"#0"}}},{"from":[6.75,-2,7.25],"to":[8.25,3,8.75],"rotation":{"angle":0,"axis":"y","origin":[7.5,2.44936,8]},"faces":{"north":{"uv":[1.25,2.25,1.625,3.5],"texture":"#0"},"east":{"uv":[1.25,2.25,1.625,3.5],"texture":"#0"},"south":{"uv":[1.25,2.25,1.625,3.5],"texture":"#0"},"west":{"uv":[1.25,2.25,1.625,3.5],"texture":"#0"},"up":{"uv":[0,3.125,0.375,3.5],"rotation":90,"texture":"#0"},"down":{"uv":[0,3.125,0.375,3.5],"rotation":270,"texture":"#0"}}},{"from":[6.75,-12,7.25],"to":[8.25,-7,8.75],"rotation":{"angle":0,"axis":"y","origin":[7.5,2.44936,8]},"faces":{"north":{"uv":[1.25,2.25,1.625,3.5],"texture":"#0"},"east":{"uv":[1.25,2.25,1.625,3.5],"texture":"#0"},"south":{"uv":[1.25,2.25,1.625,3.5],"texture":"#0"},"west":{"uv":[1.25,2.25,1.625,3.5],"texture":"#0"},"up":{"uv":[0,3.125,0.375,3.5],"rotation":90,"texture":"#0"},"down":{"uv":[0,3.125,0.375,3.5],"rotation":270,"texture":"#0"}}},{"from":[7.5,6.07251,-4.20379],"to":[7.5,14.07251,5.79621],"rotation":{"angle":-22.5,"axis":"x","origin":[8.5,5.81499,8]},"faces":{"east":{"uv":[0,0,8,10],"rotation":90,"texture":"#2"},"west":{"uv":[8,0,0,10],"rotation":270,"texture":"#2"}}},{"from":[7.5,-3.92749,12.20379],"to":[7.5,4.07251,22.20379],"rotation":{"angle":-45,"axis":"x","origin":[8.5,5.81499,8]},"faces":{"east":{"uv":[0,10,8,0],"rotation":90,"texture":"#2"},"west":{"uv":[8,10,0,0],"rotation":270,"texture":"#2"}}}],"gui_light":"front","display":{"thirdperson_righthand":{"translation":[0.4,8.75,1.5],"scale":[0.8,0.8,0.8]},"thirdperson_lefthand":{"translation":[-0.4,8.75,1.5],"scale":[0.8,0.8,0.8]},"firstperson_righthand":{"translation":[3,8.25,0],"scale":[0.45938,0.45938,0.45938]},"firstperson_lefthand":{"translation":[3,8.25,0],"scale":[0.45938,0.45938,0.45938]},"ground":{"rotation":[-45,0,0],"translation":[0,11,0],"scale":[0.6,0.6,0.6]},"gui":{"rotation":[-90,-45,-90],"translation":[1.25,1.25,-0.25],"scale":[0.52344,0.52344,0.52344]},"head":{"rotation":[-180,0,0],"translation":[0,11,1.75],"scale":[0,0,0]},"fixed":{"rotation":[0,-90,0],"translation":[0,10,-1.25],"scale":[1.6,1.6,1.6]}},"groups":[0,1,2,3,4,5,6,7,8,9,10,11,12,13,14,15,16,17,18,{"name":"group","origin":[-0.5,-6,0],"color":0,"nbt":"{}","children":[]},{"name":"group","origin":[8,6,10.5],"color":0,"nbt":"{}","children":[19,20,21,22,23,24,25,26,27,28,29,30,31,32,33,34,35,36,37,38,39,40,41,42,43,44,45]},{"name":"group","origin":[0.1,-3.9,1.5],"color":0,"nbt":"{}","children":[46,47,48,49,50,51,52,53,54,55,56,57,58,59,60,61,62,63,64,65]},{"name":"group","origin":[9.4,-7.5,0],"color":0,"nbt":"{}","children":[]},{"name":"group","origin":[0.1,-3.9,1.5],"color":0,"nbt":"{}","children":[]},66,67,68,69,70,71,72,73]}