{"credit":"MadewithBlockbench","texture_size":[64,64],"textures":{"0":"elitecreatures/darkflame_animated_weapon_set/darkflame_01_texture","1":"elitecreatures/darkflame_animated_weapon_set/darkflame_animation_01texture","2":"elitecreatures/darkflame_animated_weapon_set/drakflame_animation_02texture","particle":"elitecreatures/darkflame_animated_weapon_set/darkflame_01_texture"},"elements":[{"from":[6.75,4,7],"to":[8.25,6,9],"rotation":{"angle":0,"axis":"y","origin":[7.5,2.44936,8]},"faces":{"north":{"uv":[0,2.25,0.5,2.75],"texture":"#0"},"east":{"uv":[0,2.25,0.5,2.75],"texture":"#0"},"south":{"uv":[0,2.25,0.5,2.75],"texture":"#0"},"west":{"uv":[0,2.25,0.5,2.75],"texture":"#0"},"up":{"uv":[0,2.75,0.5,3.125],"rotation":90,"texture":"#0"},"down":{"uv":[0,2.75,0.5,3.125],"rotation":270,"texture":"#0"}}},{"from":[6.25,3,6.5],"to":[8.75,5,9.5],"rotation":{"angle":0,"axis":"y","origin":[7.5,2.44936,8]},"faces":{"north":{"uv":[0.5,2.25,1.25,2.75],"texture":"#0"},"east":{"uv":[0.5,2.25,1.25,2.75],"texture":"#0"},"south":{"uv":[0.5,2.25,1.25,2.75],"texture":"#0"},"west":{"uv":[0.5,2.25,1.25,2.75],"texture":"#0"},"up":{"uv":[0.5,2.75,1.25,3.375],"rotation":90,"texture":"#0"},"down":{"uv":[0.5,2.75,1.25,3.375],"rotation":270,"texture":"#0"}}},{"from":[6.75,7,7],"to":[8.25,9,9],"rotation":{"angle":0,"axis":"y","origin":[7.5,2.44936,8]},"faces":{"north":{"uv":[0,2.25,0.5,2.75],"texture":"#0"},"east":{"uv":[0,2.25,0.5,2.75],"texture":"#0"},"south":{"uv":[0,2.25,0.5,2.75],"texture":"#0"},"west":{"uv":[0,2.25,0.5,2.75],"texture":"#0"},"up":{"uv":[0,2.75,0.5,3.125],"rotation":90,"texture":"#0"},"down":{"uv":[0,2.75,0.5,3.125],"rotation":270,"texture":"#0"}}},{"from":[6.25,6,6.5],"to":[8.75,8,9.5],"rotation":{"angle":0,"axis":"y","origin":[7.5,2.44936,8]},"faces":{"north":{"uv":[0.5,2.25,1.25,2.75],"texture":"#0"},"east":{"uv":[0.5,2.25,1.25,2.75],"texture":"#0"},"south":{"uv":[0.5,2.25,1.25,2.75],"texture":"#0"},"west":{"uv":[0.5,2.25,1.25,2.75],"texture":"#0"},"up":{"uv":[0.5,2.75,1.25,3.375],"rotation":90,"texture":"#0"},"down":{"uv":[0.5,2.75,1.25,3.375],"rotation":270,"texture":"#0"}}},{"from":[6.5,-9,7],"to":[8.5,-7,9],"rotation":{"angle":0,"axis":"y","origin":[7.5,2.44936,8]},"faces":{"north":{"uv":[1.5,1.75,2,2.25],"texture":"#0"},"east":{"uv":[1.5,1.75,2,2.25],"texture":"#0"},"south":{"uv":[1.5,1.75,2,2.25],"texture":"#0"},"west":{"uv":[1.5,1.75,2,2.25],"texture":"#0"},"up":{"uv":[0,3.5,0.5,4],"rotation":90,"texture":"#0"},"down":{"uv":[0,3.5,0.5,4],"rotation":270,"texture":"#0"}}},{"from":[6.5,-12,7],"to":[8.5,-10,9],"rotation":{"angle":0,"axis":"y","origin":[7.5,2.44936,8]},"faces":{"north":{"uv":[1.5,1.75,2,2.25],"texture":"#0"},"east":{"uv":[1.5,1.75,2,2.25],"texture":"#0"},"south":{"uv":[1.5,1.75,2,2.25],"texture":"#0"},"west":{"uv":[1.5,1.75,2,2.25],"texture":"#0"},"up":{"uv":[0,3.5,0.5,4],"rotation":90,"texture":"#0"},"down":{"uv":[0,3.5,0.5,4],"rotation":270,"texture":"#0"}}},{"from":[6.25,13.53111,19.08175],"to":[8.75,15.53111,21.08175],"rotation":{"angle":-45,"axis":"x","origin":[7.5,2.44936,8]},"faces":{"north":{"uv":[2,1.5,2.625,1],"texture":"#0"},"east":{"uv":[1.625,2.25,2.125,2.75],"texture":"#0"},"south":{"uv":[2,1,2.625,1.5],"texture":"#0"},"west":{"uv":[2.125,2.25,1.625,2.75],"texture":"#0"},"up":{"uv":[1.625,2.75,2.125,3.375],"rotation":90,"texture":"#0"},"down":{"uv":[2.125,2.75,1.625,3.375],"rotation":270,"texture":"#0"}}},{"from":[6.25,-8.97499,-3.42435],"to":[8.75,-6.97499,-1.42435],"rotation":{"angle":-45,"axis":"x","origin":[7.5,2.44936,8]},"faces":{"north":{"uv":[2,1.5,2.625,1],"texture":"#0"},"east":{"uv":[1.625,2.25,2.125,2.75],"texture":"#0"},"south":{"uv":[2,1,2.625,1.5],"texture":"#0"},"west":{"uv":[2.125,2.25,1.625,2.75],"texture":"#0"},"up":{"uv":[1.625,2.75,2.125,3.375],"rotation":90,"texture":"#0"},"down":{"uv":[2.125,2.75,1.625,3.375],"rotation":270,"texture":"#0"}}},{"from":[6.5,-6,7],"to":[8.5,-4,9],"rotation":{"angle":0,"axis":"y","origin":[7.5,2.44936,8]},"faces":{"north":{"uv":[1.5,1.75,2,2.25],"texture":"#0"},"east":{"uv":[1.5,1.75,2,2.25],"texture":"#0"},"south":{"uv":[1.5,1.75,2,2.25],"texture":"#0"},"west":{"uv":[1.5,1.75,2,2.25],"texture":"#0"},"up":{"uv":[0,3.5,0.5,4],"rotation":90,"texture":"#0"},"down":{"uv":[0,3.5,0.5,4],"rotation":270,"texture":"#0"}}},{"from":[6.5,-3,7],"to":[8.5,-1,9],"rotation":{"angle":0,"axis":"y","origin":[7.5,2.44936,8]},"faces":{"north":{"uv":[1.5,1.75,2,2.25],"texture":"#0"},"east":{"uv":[1.5,1.75,2,2.25],"texture":"#0"},"south":{"uv":[1.5,1.75,2,2.25],"texture":"#0"},"west":{"uv":[1.5,1.75,2,2.25],"texture":"#0"},"up":{"uv":[0,3.5,0.5,4],"rotation":90,"texture":"#0"},"down":{"uv":[0,3.5,0.5,4],"rotation":270,"texture":"#0"}}},{"from":[6.5,0,7],"to":[8.5,2,9],"rotation":{"angle":0,"axis":"y","origin":[7.5,2.44936,8]},"faces":{"north":{"uv":[1.5,1.75,2,2.25],"texture":"#0"},"east":{"uv":[1.5,1.75,2,2.25],"texture":"#0"},"south":{"uv":[1.5,1.75,2,2.25],"texture":"#0"},"west":{"uv":[1.5,1.75,2,2.25],"texture":"#0"},"up":{"uv":[0,3.5,0.5,4],"rotation":90,"texture":"#0"},"down":{"uv":[0,3.5,0.5,4],"rotation":270,"texture":"#0"}}},{"from":[7.2,8.25085,9.1446],"to":[7.8,9.25085,9.6446],"rotation":{"angle":22.5,"axis":"x","origin":[7.5,2.44936,11]},"faces":{"north":{"uv":[5.875,1.5,6.125,1.65],"rotation":90,"texture":"#0"},"east":{"uv":[5.875,1.375,6.125,1.5],"rotation":90,"texture":"#0"},"south":{"uv":[5.875,1.5,6.125,1.65],"rotation":90,"texture":"#0"},"west":{"uv":[5.875,1.375,6.125,1.5],"rotation":90,"texture":"#0"},"up":{"uv":[5.875,1.75,6.025,1.875],"rotation":180,"texture":"#0"},"down":{"uv":[5.875,1.75,6.025,1.875],"texture":"#0"}}},{"from":[7.1,8.2,14.4],"to":[7.9,9.7,15.4],"rotation":{"angle":-22.5,"axis":"x","origin":[7.5,2.44936,11]},"faces":{"north":{"uv":[5.875,0.875,6.25,1.075],"rotation":90,"texture":"#0"},"east":{"uv":[5.875,0.875,6.25,0.625],"rotation":90,"texture":"#0"},"south":{"uv":[5.875,0.875,6.25,1.075],"rotation":90,"texture":"#0"},"west":{"uv":[5.875,0.625,6.25,0.875],"rotation":90,"texture":"#0"},"up":{"uv":[5.75,1.125,5.95,1.375],"rotation":180,"texture":"#0"},"down":{"uv":[5.75,1.125,5.95,1.375],"texture":"#0"}}},{"from":[7,9.55085,7.0446],"to":[8,11.05085,9.0446],"rotation":{"angle":22.5,"axis":"x","origin":[7.5,2.44936,11]},"faces":{"north":{"uv":[5.5,3.125,5.75,3.5],"texture":"#0"},"east":{"uv":[5.5,3.125,5,3.5],"texture":"#0"},"south":{"uv":[5.5,3.125,5.75,3.5],"texture":"#0"},"west":{"uv":[5,3.125,5.5,3.5],"texture":"#0"},"up":{"uv":[5,3.5,5.5,3.75],"rotation":90,"texture":"#0"},"down":{"uv":[5,3.5,5.5,3.75],"rotation":270,"texture":"#0"}}},{"from":[7,9.55085,6.9554],"to":[8,11.05085,8.9554],"rotation":{"angle":-22.5,"axis":"x","origin":[7.5,2.44936,5]},"faces":{"north":{"uv":[5.75,3.125,5.5,3.5],"texture":"#0"},"east":{"uv":[5,3.125,5.5,3.5],"texture":"#0"},"south":{"uv":[5.75,3.125,5.5,3.5],"texture":"#0"},"west":{"uv":[5.5,3.125,5,3.5],"texture":"#0"},"up":{"uv":[5.5,3.5,5,3.75],"rotation":90,"texture":"#0"},"down":{"uv":[5.5,3.5,5,3.75],"rotation":270,"texture":"#0"}}},{"from":[7.1,8.2,0.6],"to":[7.9,9.7,1.6],"rotation":{"angle":22.5,"axis":"x","origin":[7.5,2.44936,5]},"faces":{"north":{"uv":[5.875,1.075,6.25,0.875],"rotation":90,"texture":"#0"},"east":{"uv":[5.875,0.625,6.25,0.875],"rotation":90,"texture":"#0"},"south":{"uv":[5.875,1.075,6.25,0.875],"rotation":90,"texture":"#0"},"west":{"uv":[5.875,0.875,6.25,0.625],"rotation":90,"texture":"#0"},"up":{"uv":[5.75,1.375,5.95,1.125],"rotation":180,"texture":"#0"},"down":{"uv":[5.75,1.375,5.95,1.125],"texture":"#0"}}},{"from":[7.2,8.25085,6.3554],"to":[7.8,9.25085,6.8554],"rotation":{"angle":-22.5,"axis":"x","origin":[7.5,2.44936,5]},"faces":{"north":{"uv":[5.875,1.65,6.125,1.5],"rotation":90,"texture":"#0"},"east":{"uv":[5.875,1.5,6.125,1.375],"rotation":90,"texture":"#0"},"south":{"uv":[5.875,1.65,6.125,1.5],"rotation":90,"texture":"#0"},"west":{"uv":[5.875,1.5,6.125,1.375],"rotation":90,"texture":"#0"},"up":{"uv":[5.875,1.875,6.025,1.75],"rotation":180,"texture":"#0"},"down":{"uv":[5.875,1.875,6.025,1.75],"texture":"#0"}}},{"from":[6.6,14,5.5],"to":[8.6,15,10.5],"rotation":{"angle":0,"axis":"y","origin":[7.5,2.44936,8]},"faces":{"north":{"uv":[3.25,3.125,2.75,3.375],"texture":"#0"},"east":{"uv":[2.9375,3.3875,1.6875,3.6375],"texture":"#0"},"south":{"uv":[3.25,3.125,2.75,3.375],"texture":"#0"},"west":{"uv":[2.9375,3.3875,1.6875,3.6375],"texture":"#0"},"up":{"uv":[2.875,4.125,1.625,3.625],"rotation":90,"texture":"#0"},"down":{"uv":[2.875,4.125,1.625,3.625],"rotation":270,"texture":"#0"}}},{"from":[6.1,14,6.5],"to":[9.1,16,9.5],"rotation":{"angle":0,"axis":"y","origin":[7.5,2.44936,8]},"faces":{"north":{"uv":[0.75,1.75,0,2.25],"texture":"#0"},"east":{"uv":[0.8125,1.0125,0.0625,1.5125],"texture":"#0"},"south":{"uv":[0.75,1.75,0,2.25],"texture":"#0"},"west":{"uv":[0.8125,1.0125,0.0625,1.5125],"texture":"#0"},"up":{"uv":[2.4375,4.875,1.6875,4.125],"rotation":90,"texture":"#0"},"down":{"uv":[1.25,4.125,0.5,3.375],"rotation":270,"texture":"#0"}}},{"from":[5.4,10,5.25],"to":[5.4,14,10.75],"rotation":{"angle":0,"axis":"y","origin":[7.5,2.44936,8]},"faces":{"east":{"uv":[0,0,11,8],"texture":"#1"},"west":{"uv":[0,0,11,8],"texture":"#1"}}},{"from":[5,11.5,7.75],"to":[5.5,13,8.25],"rotation":{"angle":0,"axis":"y","origin":[7.5,2.44936,8]},"faces":{"north":{"uv":[1.375,3.875,1.5,3.5],"texture":"#0"},"east":{"uv":[1.25,3.875,1.375,3.5],"texture":"#0"},"south":{"uv":[1.375,3.875,1.5,3.5],"texture":"#0"},"west":{"uv":[1.5,3.875,1.625,3.5],"texture":"#0"},"up":{"uv":[1.25,3.875,1.375,4],"rotation":90,"texture":"#0"},"down":{"uv":[1.25,3.875,1.375,4],"rotation":270,"texture":"#0"}}},{"from":[5,11,7.25],"to":[5.5,11.5,8.75],"rotation":{"angle":0,"axis":"y","origin":[7.5,2.44936,8]},"faces":{"north":{"uv":[1.25,3.875,1.375,4],"rotation":90,"texture":"#0"},"east":{"uv":[1.375,3.5,1.25,3.875],"rotation":90,"texture":"#0"},"south":{"uv":[1.25,3.875,1.375,4],"rotation":90,"texture":"#0"},"west":{"uv":[1.375,3.5,1.25,3.875],"rotation":270,"texture":"#0"},"up":{"uv":[1.375,3.875,1.5,3.5],"rotation":180,"texture":"#0"},"down":{"uv":[1.375,3.875,1.5,3.5],"texture":"#0"}}},{"from":[5,10,5.25],"to":[5.5,11,10.75],"rotation":{"angle":0,"axis":"y","origin":[7.5,2.44936,8]},"faces":{"north":{"uv":[1.5,4.375,1.375,4.125],"texture":"#0"},"east":{"uv":[1.375,4.375,0,4.125],"texture":"#0"},"south":{"uv":[1.5,4.375,1.375,4.125],"texture":"#0"},"west":{"uv":[1.375,4.375,0,4.125],"texture":"#0"},"up":{"uv":[1.375,4.375,0,4.5],"rotation":90,"texture":"#0"},"down":{"uv":[1.375,4.375,0,4.5],"rotation":270,"texture":"#0"}}},{"from":[5,11,10.25],"to":[5.5,12.5,10.75],"rotation":{"angle":0,"axis":"y","origin":[7.5,2.44936,8]},"faces":{"north":{"uv":[1.5,3.875,1.375,3.5],"texture":"#0"},"east":{"uv":[1.375,3.875,1.25,3.5],"texture":"#0"},"south":{"uv":[1.5,3.875,1.375,3.5],"texture":"#0"},"west":{"uv":[1.375,3.875,1.25,3.5],"texture":"#0"},"up":{"uv":[1.375,3.875,1.25,4],"rotation":90,"texture":"#0"},"down":{"uv":[1.375,3.875,1.25,4],"rotation":270,"texture":"#0"}}},{"from":[5,11,5.25],"to":[5.5,12.5,5.75],"rotation":{"angle":0,"axis":"y","origin":[7.5,2.44936,8]},"faces":{"north":{"uv":[1.375,3.875,1.5,3.5],"texture":"#0"},"east":{"uv":[1.25,3.875,1.375,3.5],"texture":"#0"},"south":{"uv":[1.375,3.875,1.5,3.5],"texture":"#0"},"west":{"uv":[1.25,3.875,1.375,3.5],"texture":"#0"},"up":{"uv":[1.25,3.875,1.375,4],"rotation":90,"texture":"#0"},"down":{"uv":[1.25,3.875,1.375,4],"rotation":270,"texture":"#0"}}},{"from":[5.5,10,5.25],"to":[9.5,14,10.75],"rotation":{"angle":0,"axis":"y","origin":[7.5,2.44936,8]},"faces":{"north":{"uv":[1.375,1,2.375,0],"texture":"#0"},"east":{"uv":[0,1,1.375,0],"texture":"#0"},"south":{"uv":[1.375,1,2.375,0],"texture":"#0"},"west":{"uv":[0,1,1.375,0],"texture":"#0"},"up":{"uv":[3.75,1,2.375,0],"rotation":90,"texture":"#0"},"down":{"uv":[3.75,1,2.375,0],"rotation":270,"texture":"#0"}}},{"from":[9.5,11,10.25],"to":[10,12.5,10.75],"rotation":{"angle":0,"axis":"y","origin":[7.5,2.44936,8]},"faces":{"north":{"uv":[1.375,3.875,1.5,3.5],"texture":"#0"},"east":{"uv":[1.25,3.875,1.375,3.5],"texture":"#0"},"south":{"uv":[1.375,3.875,1.5,3.5],"texture":"#0"},"west":{"uv":[1.25,3.875,1.375,3.5],"texture":"#0"},"up":{"uv":[1.375,4,1.25,3.875],"rotation":90,"texture":"#0"},"down":{"uv":[1.375,4,1.25,3.875],"rotation":270,"texture":"#0"}}},{"from":[9.5,10,5.25],"to":[10,11,10.75],"rotation":{"angle":0,"axis":"y","origin":[7.5,2.44936,8]},"faces":{"north":{"uv":[1.375,4.375,1.5,4.125],"texture":"#0"},"east":{"uv":[0,4.375,1.375,4.125],"texture":"#0"},"south":{"uv":[1.375,4.375,1.5,4.125],"texture":"#0"},"west":{"uv":[0,4.375,1.375,4.125],"texture":"#0"},"up":{"uv":[1.375,4.5,0,4.375],"rotation":90,"texture":"#0"},"down":{"uv":[1.375,4.5,0,4.375],"rotation":270,"texture":"#0"}}},{"from":[9.5,11.5,7.75],"to":[10,13,8.25],"rotation":{"angle":0,"axis":"y","origin":[7.5,2.44936,8]},"faces":{"north":{"uv":[1.5,3.875,1.375,3.5],"texture":"#0"},"east":{"uv":[1.625,3.875,1.5,3.5],"texture":"#0"},"south":{"uv":[1.5,3.875,1.375,3.5],"texture":"#0"},"west":{"uv":[1.375,3.875,1.25,3.5],"texture":"#0"},"up":{"uv":[1.25,4,1.375,3.875],"rotation":90,"texture":"#0"},"down":{"uv":[1.25,4,1.375,3.875],"rotation":270,"texture":"#0"}}},{"from":[9.5,11,5.25],"to":[10,12.5,5.75],"rotation":{"angle":0,"axis":"y","origin":[7.5,2.44936,8]},"faces":{"north":{"uv":[1.5,3.875,1.375,3.5],"texture":"#0"},"east":{"uv":[1.375,3.875,1.25,3.5],"texture":"#0"},"south":{"uv":[1.5,3.875,1.375,3.5],"texture":"#0"},"west":{"uv":[1.375,3.875,1.25,3.5],"texture":"#0"},"up":{"uv":[1.25,4,1.375,3.875],"rotation":90,"texture":"#0"},"down":{"uv":[1.25,4,1.375,3.875],"rotation":270,"texture":"#0"}}},{"from":[9.5,11,7.25],"to":[10,11.5,8.75],"rotation":{"angle":0,"axis":"y","origin":[7.5,2.44936,8]},"faces":{"north":{"uv":[1.25,4,1.375,3.875],"rotation":90,"texture":"#0"},"east":{"uv":[1.375,3.875,1.25,3.5],"rotation":270,"texture":"#0"},"south":{"uv":[1.25,4,1.375,3.875],"rotation":90,"texture":"#0"},"west":{"uv":[1.375,3.875,1.25,3.5],"rotation":90,"texture":"#0"},"up":{"uv":[1.5,3.875,1.375,3.5],"rotation":180,"texture":"#0"},"down":{"uv":[1.5,3.875,1.375,3.5],"texture":"#0"}}},{"from":[6.15,9,6.5],"to":[8.85,11,9.5],"rotation":{"angle":0,"axis":"y","origin":[7.5,2.44936,8]},"faces":{"north":{"uv":[0.75,1.75,1.5,2.25],"texture":"#0"},"east":{"uv":[0.75,1.75,1.5,2.25],"texture":"#0"},"south":{"uv":[0.75,1.75,1.5,2.25],"texture":"#0"},"west":{"uv":[0.75,1.75,1.5,2.25],"texture":"#0"},"up":{"uv":[1.25,1.0375,2,1.7125],"rotation":90,"texture":"#0"},"down":{"uv":[1.25,1.0375,2,1.7125],"rotation":270,"texture":"#0"}}},{"from":[9.6,10,5.25],"to":[9.6,14,10.75],"rotation":{"angle":0,"axis":"y","origin":[7.5,2.44936,8]},"faces":{"east":{"uv":[11,0,0,8],"texture":"#1"},"west":{"uv":[11,0,0,8],"texture":"#1"}}},{"from":[6.25,10.63267,13.36098],"to":[8.75,14.13267,17.36098],"rotation":{"angle":-22.5,"axis":"x","origin":[7.5,2.44936,13]},"faces":{"north":{"uv":[2.125,3.375,2.75,2.5],"texture":"#0"},"east":{"uv":[2.625,1.875,3.625,1],"texture":"#0"},"south":{"uv":[2.125,3.375,2.75,2.5],"texture":"#0"},"west":{"uv":[3.625,1.875,2.625,1],"texture":"#0"},"up":{"uv":[2.625,2.5,3.625,1.875],"rotation":90,"texture":"#0"},"down":{"uv":[2.625,2.5,3.625,1.875],"rotation":270,"texture":"#0"}}},{"from":[6.35,11.44205,7.03755],"to":[8.65,14.44205,10.03755],"rotation":{"angle":22.5,"axis":"x","origin":[7.5,2.44936,13]},"faces":{"north":{"uv":[4.5,1.325,3.75,0.75],"rotation":90,"texture":"#0"},"east":{"uv":[4.5,0.75,3.75,0],"rotation":270,"texture":"#0"},"south":{"uv":[6.625,0.575,5.875,0],"rotation":90,"texture":"#0"},"west":{"uv":[3.75,0.75,4.5,0],"rotation":90,"texture":"#0"},"up":{"uv":[5.075,0.75,4.5,0],"rotation":180,"texture":"#0"},"down":{"uv":[5.075,0.75,4.5,0],"texture":"#0"}}},{"from":[6.45,12.97864,16.82215],"to":[8.55,15.97864,19.32215],"rotation":{"angle":-22.5,"axis":"x","origin":[7.5,2.44936,13]},"faces":{"north":{"uv":[3.625,2,4.375,2.525],"rotation":270,"texture":"#0"},"east":{"uv":[3.625,1.375,4.375,2],"rotation":270,"texture":"#0"},"south":{"uv":[3.625,2.525,4.375,3.05],"rotation":270,"texture":"#0"},"west":{"uv":[3.625,2,4.375,1.375],"rotation":270,"texture":"#0"},"up":{"uv":[2.75,2.5,3.275,3.125],"texture":"#0"},"down":{"uv":[2.75,2.5,3.275,3.125],"rotation":180,"texture":"#0"}}},{"from":[6.55,14.66551,6.27232],"to":[8.45,17.66551,8.27232],"rotation":{"angle":22.5,"axis":"x","origin":[7.5,2.44936,13]},"faces":{"north":{"uv":[5.125,0.5,5.875,0.975],"rotation":270,"texture":"#0"},"east":{"uv":[5.125,0,5.875,0.5],"rotation":270,"texture":"#0"},"south":{"uv":[5.125,0.5,5.875,0.975],"rotation":270,"texture":"#0"},"west":{"uv":[5.875,0,5.125,0.5],"rotation":90,"texture":"#0"},"up":{"uv":[2,1.5,2.475,2],"texture":"#0"},"down":{"uv":[2,1.5,2.475,2],"rotation":180,"texture":"#0"}}},{"from":[6.75,16.29079,19.02914],"to":[8.25,17.79079,22.52914],"rotation":{"angle":-22.5,"axis":"x","origin":[7.5,2.44936,13]},"faces":{"north":{"uv":[5.75,1.375,5.375,1],"rotation":180,"texture":"#0"},"east":{"uv":[5.375,1.375,4.5,1],"texture":"#0"},"south":{"uv":[5.75,1.375,5.375,1],"rotation":180,"texture":"#0"},"west":{"uv":[4.5,1.375,5.375,1],"texture":"#0"},"up":{"uv":[5.375,1.75,4.5,1.375],"rotation":270,"texture":"#0"},"down":{"uv":[5.375,2.125,4.5,1.75],"rotation":90,"texture":"#0"}}},{"from":[6.85,15.19079,21.32914],"to":[8.15,16.69079,22.32914],"rotation":{"angle":-22.5,"axis":"x","origin":[7.5,2.44936,13]},"faces":{"north":{"uv":[5.075,2.5,4.75,2.125],"rotation":180,"texture":"#0"},"east":{"uv":[2.375,2.375,2.125,2],"texture":"#0"},"south":{"uv":[4.7,2.5,4.375,2.125],"rotation":180,"texture":"#0"},"west":{"uv":[2.125,2.375,2.375,2],"texture":"#0"},"up":{"uv":[4.625,2.825,4.375,2.5],"rotation":270,"texture":"#0"},"down":{"uv":[4.625,2.825,4.375,2.5],"rotation":90,"texture":"#0"}}},{"from":[7.05,16.84534,9.76967],"to":[7.95,18.04534,10.46967],"rotation":{"angle":22.5,"axis":"x","origin":[7.5,2.44936,13]},"faces":{"north":{"uv":[5.625,1.75,5.85,2.05],"texture":"#0"},"east":{"uv":[5.375,1.375,5.55,1.675],"rotation":180,"texture":"#0"},"south":{"uv":[5.625,1.375,5.85,1.675],"texture":"#0"},"west":{"uv":[5.375,1.675,5.55,1.375],"texture":"#0"},"up":{"uv":[5.375,1.75,5.55,1.975],"rotation":90,"texture":"#0"},"down":{"uv":[5.375,1.75,5.55,1.975],"rotation":270,"texture":"#0"}}},{"from":[7.15,16.76904,15.03463],"to":[7.85,17.26904,16.03463],"rotation":{"angle":0,"axis":"y","origin":[7.5,2.44936,13]},"faces":{"north":{"uv":[5.125,2.125,5.3,2.25],"texture":"#0"},"east":{"uv":[5.375,2,5.625,2.125],"rotation":180,"texture":"#0"},"south":{"uv":[5.125,2.125,5.3,2.25],"texture":"#0"},"west":{"uv":[5.375,2,5.625,2.125],"texture":"#0"},"up":{"uv":[5.375,2.125,5.625,2.3],"rotation":90,"texture":"#0"},"down":{"uv":[5.375,2.125,5.625,2.3],"rotation":270,"texture":"#0"}}},{"from":[6.85,23.7215,4.15858],"to":[8.15,24.7215,5.65858],"rotation":{"angle":-22.5,"axis":"x","origin":[7.5,33.05064,18.4]},"faces":{"north":{"uv":[4.375,2.825,4.625,2.5],"rotation":90,"texture":"#0"},"east":{"uv":[2.375,2,2.125,2.375],"rotation":270,"texture":"#0"},"south":{"uv":[4.375,2.825,4.625,2.5],"rotation":90,"texture":"#0"},"west":{"uv":[2.125,2,2.375,2.375],"rotation":90,"texture":"#0"},"up":{"uv":[5.075,2.125,4.75,2.5],"texture":"#0"},"down":{"uv":[4.7,2.125,4.375,2.5],"rotation":180,"texture":"#0"}}},{"from":[7.05,17.45466,15.16967],"to":[7.95,18.65466,15.86967],"rotation":{"angle":22.5,"axis":"x","origin":[7.5,33.05064,18.4]},"faces":{"north":{"uv":[5.625,2.05,5.85,1.75],"texture":"#0"},"east":{"uv":[5.375,1.675,5.55,1.375],"rotation":180,"texture":"#0"},"south":{"uv":[5.625,1.675,5.85,1.375],"texture":"#0"},"west":{"uv":[5.375,1.375,5.55,1.675],"texture":"#0"},"up":{"uv":[5.55,1.75,5.375,1.975],"rotation":270,"texture":"#0"},"down":{"uv":[5.55,1.75,5.375,1.975],"rotation":90,"texture":"#0"}}},{"from":[7.15,18.23096,20.43463],"to":[7.85,18.73096,21.43463],"rotation":{"angle":45,"axis":"x","origin":[7.5,33.05064,18.4]},"faces":{"north":{"uv":[5.125,2.25,5.3,2.125],"texture":"#0"},"east":{"uv":[5.375,2.125,5.625,2],"rotation":180,"texture":"#0"},"south":{"uv":[5.125,2.25,5.3,2.125],"texture":"#0"},"west":{"uv":[5.375,2.125,5.625,2],"texture":"#0"},"up":{"uv":[5.625,2.125,5.375,2.3],"rotation":270,"texture":"#0"},"down":{"uv":[5.625,2.125,5.375,2.3],"rotation":90,"texture":"#0"}}},{"from":[6.85,23.7215,10.34142],"to":[8.15,24.7215,11.84142],"rotation":{"angle":22.5,"axis":"x","origin":[7.5,33.05064,-2.4]},"faces":{"north":{"uv":[4.375,2.5,4.625,2.825],"rotation":90,"texture":"#0"},"east":{"uv":[2.375,2.375,2.125,2],"rotation":270,"texture":"#0"},"south":{"uv":[4.375,2.5,4.625,2.825],"rotation":90,"texture":"#0"},"west":{"uv":[2.125,2.375,2.375,2],"rotation":90,"texture":"#0"},"up":{"uv":[5.075,2.5,4.75,2.125],"texture":"#0"},"down":{"uv":[4.7,2.5,4.375,2.125],"rotation":180,"texture":"#0"}}},{"from":[7.05,17.45466,0.13033],"to":[7.95,18.65466,0.83033],"rotation":{"angle":-22.5,"axis":"x","origin":[7.5,33.05064,-2.4]},"faces":{"north":{"uv":[5.85,1.675,5.625,1.375],"texture":"#0"},"east":{"uv":[5.55,1.675,5.375,1.375],"rotation":180,"texture":"#0"},"south":{"uv":[5.85,2.05,5.625,1.75],"texture":"#0"},"west":{"uv":[5.55,1.375,5.375,1.675],"texture":"#0"},"up":{"uv":[5.375,1.75,5.55,1.975],"rotation":270,"texture":"#0"},"down":{"uv":[5.375,1.75,5.55,1.975],"rotation":90,"texture":"#0"}}},{"from":[7.15,18.23096,-5.43463],"to":[7.85,18.73096,-4.43463],"rotation":{"angle":-45,"axis":"x","origin":[7.5,33.05064,-2.4]},"faces":{"north":{"uv":[5.3,2.25,5.125,2.125],"texture":"#0"},"east":{"uv":[5.625,2.125,5.375,2],"rotation":180,"texture":"#0"},"south":{"uv":[5.3,2.25,5.125,2.125],"texture":"#0"},"west":{"uv":[5.625,2.125,5.375,2],"texture":"#0"},"up":{"uv":[5.375,2.125,5.625,2.3],"rotation":270,"texture":"#0"},"down":{"uv":[5.375,2.125,5.625,2.3],"rotation":90,"texture":"#0"}}},{"from":[7,11.0348,16.96467],"to":[8,12.5348,18.96467],"rotation":{"angle":-22.5,"axis":"x","origin":[7.5,2.44936,13]},"faces":{"north":{"uv":[4.625,3.625,4.875,4],"texture":"#0"},"east":{"uv":[4.125,4,4.625,3.625],"rotation":180,"texture":"#0"},"south":{"uv":[4.625,3.625,4.875,4],"texture":"#0"},"west":{"uv":[4.125,3.625,4.625,4],"texture":"#0"},"up":{"uv":[4.125,4,4.625,4.25],"rotation":90,"texture":"#0"},"down":{"uv":[4.125,4,4.625,4.25],"rotation":270,"texture":"#0"}}},{"from":[7.1,12.49901,10.30039],"to":[7.9,13.49901,11.80039],"rotation":{"angle":22.5,"axis":"x","origin":[7.5,2.44936,13]},"faces":{"north":{"uv":[5,4,5.2,4.25],"texture":"#0"},"east":{"uv":[4.625,4.25,5,4],"rotation":180,"texture":"#0"},"south":{"uv":[5,4,5.2,4.25],"texture":"#0"},"west":{"uv":[4.625,4,5,4.25],"texture":"#0"},"up":{"uv":[4.875,3.75,5.25,3.95],"rotation":90,"texture":"#0"},"down":{"uv":[4.875,3.75,5.25,3.95],"rotation":270,"texture":"#0"}}},{"from":[7.2,9.7348,19.06467],"to":[7.8,10.7348,19.56467],"rotation":{"angle":-22.5,"axis":"x","origin":[7.5,2.44936,13]},"faces":{"north":{"uv":[5.25,3.75,5.5,3.9],"rotation":90,"texture":"#0"},"east":{"uv":[5.5,4,5.25,4.125],"rotation":270,"texture":"#0"},"south":{"uv":[5.25,3.75,5.5,3.9],"rotation":90,"texture":"#0"},"west":{"uv":[5.25,4,5.5,4.125],"rotation":90,"texture":"#0"},"up":{"uv":[5.25,4.125,5.4,4.25],"rotation":180,"texture":"#0"},"down":{"uv":[5.25,4.125,5.4,4.25],"texture":"#0"}}},{"from":[7,-11.9652,7.96467],"to":[8,-10.4652,9.96467],"rotation":{"angle":0,"axis":"y","origin":[7.5,2.44936,8]},"faces":{"north":{"uv":[4.625,3.625,4.875,4],"texture":"#0"},"east":{"uv":[4.125,4,4.625,3.625],"rotation":180,"texture":"#0"},"south":{"uv":[4.625,3.625,4.875,4],"texture":"#0"},"west":{"uv":[4.125,3.625,4.625,4],"texture":"#0"},"up":{"uv":[4.125,4,4.625,4.25],"rotation":90,"texture":"#0"},"down":{"uv":[4.125,4,4.625,4.25],"rotation":270,"texture":"#0"}}},{"from":[7.1,-6.59287,18.73542],"to":[7.9,-5.59287,20.23542],"rotation":{"angle":45,"axis":"x","origin":[7.5,2.44936,8]},"faces":{"north":{"uv":[5,4,5.2,4.25],"texture":"#0"},"east":{"uv":[4.625,4.25,5,4],"rotation":180,"texture":"#0"},"south":{"uv":[5,4,5.2,4.25],"texture":"#0"},"west":{"uv":[4.625,4,5,4.25],"texture":"#0"},"up":{"uv":[4.875,3.75,5.25,3.95],"rotation":90,"texture":"#0"},"down":{"uv":[4.875,3.75,5.25,3.95],"rotation":270,"texture":"#0"}}},{"from":[7.2,-13.2652,10.06467],"to":[7.8,-12.2652,10.56467],"rotation":{"angle":0,"axis":"y","origin":[7.5,2.44936,8]},"faces":{"north":{"uv":[5.25,3.75,5.5,3.9],"rotation":90,"texture":"#0"},"east":{"uv":[5.5,4,5.25,4.125],"rotation":270,"texture":"#0"},"south":{"uv":[5.25,3.75,5.5,3.9],"rotation":90,"texture":"#0"},"west":{"uv":[5.25,4,5.5,4.125],"rotation":90,"texture":"#0"},"up":{"uv":[5.25,4.125,5.4,4.25],"rotation":180,"texture":"#0"},"down":{"uv":[5.25,4.125,5.4,4.25],"texture":"#0"}}},{"from":[7,-11.9652,6.03533],"to":[8,-10.4652,8.03533],"rotation":{"angle":0,"axis":"y","origin":[7.5,2.44936,8]},"faces":{"north":{"uv":[4.875,3.625,4.625,4],"texture":"#0"},"east":{"uv":[4.625,4,4.125,3.625],"rotation":180,"texture":"#0"},"south":{"uv":[4.875,3.625,4.625,4],"texture":"#0"},"west":{"uv":[4.625,3.625,4.125,4],"texture":"#0"},"up":{"uv":[4.625,4,4.125,4.25],"rotation":90,"texture":"#0"},"down":{"uv":[4.625,4,4.125,4.25],"rotation":270,"texture":"#0"}}},{"from":[7.1,-6.59287,-4.23542],"to":[7.9,-5.59287,-2.73542],"rotation":{"angle":-45,"axis":"x","origin":[7.5,2.44936,8]},"faces":{"north":{"uv":[5.2,4,5,4.25],"texture":"#0"},"east":{"uv":[5,4.25,4.625,4],"rotation":180,"texture":"#0"},"south":{"uv":[5.2,4,5,4.25],"texture":"#0"},"west":{"uv":[5,4,4.625,4.25],"texture":"#0"},"up":{"uv":[5.25,3.75,4.875,3.95],"rotation":90,"texture":"#0"},"down":{"uv":[5.25,3.75,4.875,3.95],"rotation":270,"texture":"#0"}}},{"from":[7.2,-13.2652,5.43533],"to":[7.8,-12.2652,5.93533],"rotation":{"angle":0,"axis":"y","origin":[7.5,2.44936,8]},"faces":{"north":{"uv":[5.25,3.9,5.5,3.75],"rotation":90,"texture":"#0"},"east":{"uv":[5.5,4.125,5.25,4],"rotation":270,"texture":"#0"},"south":{"uv":[5.25,3.9,5.5,3.75],"rotation":90,"texture":"#0"},"west":{"uv":[5.25,4.125,5.5,4],"rotation":90,"texture":"#0"},"up":{"uv":[5.25,4.25,5.4,4.125],"rotation":180,"texture":"#0"},"down":{"uv":[5.25,4.25,5.4,4.125],"texture":"#0"}}},{"from":[7.2,18.09723,4.56261],"to":[7.8,19.09723,5.06261],"rotation":{"angle":22.5,"axis":"x","origin":[7.5,3.44936,8]},"faces":{"north":{"uv":[5.5,3.9,5.25,3.75],"rotation":90,"texture":"#0"},"east":{"uv":[5.25,4.125,5.5,4],"rotation":270,"texture":"#0"},"south":{"uv":[5.5,3.9,5.25,3.75],"rotation":90,"texture":"#0"},"west":{"uv":[5.5,4.125,5.25,4],"rotation":90,"texture":"#0"},"up":{"uv":[5.4,4.25,5.25,4.125],"rotation":180,"texture":"#0"},"down":{"uv":[5.4,4.25,5.25,4.125],"texture":"#0"}}},{"from":[7.1,14.75473,15.37797],"to":[7.9,16.25473,16.37797],"rotation":{"angle":-22.5,"axis":"x","origin":[7.5,3.44936,8]},"faces":{"north":{"uv":[4.875,3.75,5.25,3.95],"rotation":270,"texture":"#0"},"east":{"uv":[4.625,4.25,5,4],"rotation":270,"texture":"#0"},"south":{"uv":[4.875,3.75,5.25,3.95],"rotation":270,"texture":"#0"},"west":{"uv":[4.625,4,5,4.25],"rotation":270,"texture":"#0"},"up":{"uv":[5,4,5.2,4.25],"texture":"#0"},"down":{"uv":[5,4,5.2,4.25],"rotation":180,"texture":"#0"}}},{"from":[7,16.29723,5.16261],"to":[8,17.79723,7.16261],"rotation":{"angle":22.5,"axis":"x","origin":[7.5,3.44936,8]},"faces":{"north":{"uv":[4.875,4,4.625,3.625],"texture":"#0"},"east":{"uv":[4.625,3.625,4.125,4],"rotation":180,"texture":"#0"},"south":{"uv":[4.875,4,4.625,3.625],"texture":"#0"},"west":{"uv":[4.625,4,4.125,3.625],"texture":"#0"},"up":{"uv":[4.625,4.25,4.125,4],"rotation":90,"texture":"#0"},"down":{"uv":[4.625,4.25,4.125,4],"rotation":270,"texture":"#0"}}},{"from":[7.1,14.75473,-0.37797],"to":[7.9,16.25473,0.62203],"rotation":{"angle":22.5,"axis":"x","origin":[7.5,3.44936,8]},"faces":{"north":{"uv":[4.875,3.95,5.25,3.75],"rotation":270,"texture":"#0"},"east":{"uv":[4.625,4,5,4.25],"rotation":270,"texture":"#0"},"south":{"uv":[4.875,3.95,5.25,3.75],"rotation":270,"texture":"#0"},"west":{"uv":[4.625,4.25,5,4],"rotation":270,"texture":"#0"},"up":{"uv":[5,4.25,5.2,4],"texture":"#0"},"down":{"uv":[5,4.25,5.2,4],"rotation":180,"texture":"#0"}}},{"from":[7.2,18.09723,10.93739],"to":[7.8,19.09723,11.43739],"rotation":{"angle":-22.5,"axis":"x","origin":[7.5,3.44936,8]},"faces":{"north":{"uv":[5.5,3.75,5.25,3.9],"rotation":90,"texture":"#0"},"east":{"uv":[5.25,4,5.5,4.125],"rotation":270,"texture":"#0"},"south":{"uv":[5.5,3.75,5.25,3.9],"rotation":90,"texture":"#0"},"west":{"uv":[5.5,4,5.25,4.125],"rotation":90,"texture":"#0"},"up":{"uv":[5.4,4.125,5.25,4.25],"rotation":180,"texture":"#0"},"down":{"uv":[5.4,4.125,5.25,4.25],"texture":"#0"}}},{"from":[7,16.29723,8.83739],"to":[8,17.79723,10.83739],"rotation":{"angle":-22.5,"axis":"x","origin":[7.5,3.44936,8]},"faces":{"north":{"uv":[4.625,4,4.875,3.625],"texture":"#0"},"east":{"uv":[4.125,3.625,4.625,4],"rotation":180,"texture":"#0"},"south":{"uv":[4.625,4,4.875,3.625],"texture":"#0"},"west":{"uv":[4.125,4,4.625,3.625],"texture":"#0"},"up":{"uv":[4.125,4.25,4.625,4],"rotation":90,"texture":"#0"},"down":{"uv":[4.125,4.25,4.625,4],"rotation":270,"texture":"#0"}}},{"from":[6.55,14.66551,7.72768],"to":[8.45,17.66551,9.72768],"rotation":{"angle":-22.5,"axis":"x","origin":[7.5,2.44936,3]},"faces":{"north":{"uv":[5.125,0.975,5.875,0.5],"rotation":270,"texture":"#0"},"east":{"uv":[5.125,0.5,5.875,0],"rotation":270,"texture":"#0"},"south":{"uv":[5.125,0.975,5.875,0.5],"rotation":270,"texture":"#0"},"west":{"uv":[5.875,0.5,5.125,0],"rotation":90,"texture":"#0"},"up":{"uv":[2,2,2.475,1.5],"texture":"#0"},"down":{"uv":[2,2,2.475,1.5],"rotation":180,"texture":"#0"}}},{"from":[6.75,16.29079,-6.52914],"to":[8.25,17.79079,-3.02914],"rotation":{"angle":22.5,"axis":"x","origin":[7.5,2.44936,3]},"faces":{"north":{"uv":[5.375,1.375,5.75,1],"rotation":180,"texture":"#0"},"east":{"uv":[4.5,1.375,5.375,1],"texture":"#0"},"south":{"uv":[5.375,1.375,5.75,1],"rotation":180,"texture":"#0"},"west":{"uv":[5.375,1.375,4.5,1],"texture":"#0"},"up":{"uv":[4.5,1.75,5.375,1.375],"rotation":270,"texture":"#0"},"down":{"uv":[4.5,2.125,5.375,1.75],"rotation":90,"texture":"#0"}}},{"from":[6.85,15.19079,-6.32914],"to":[8.15,16.69079,-5.32914],"rotation":{"angle":22.5,"axis":"x","origin":[7.5,2.44936,3]},"faces":{"north":{"uv":[4.375,2.5,4.7,2.125],"rotation":180,"texture":"#0"},"east":{"uv":[2.125,2.375,2.375,2],"texture":"#0"},"south":{"uv":[4.75,2.5,5.075,2.125],"rotation":180,"texture":"#0"},"west":{"uv":[2.375,2.375,2.125,2],"texture":"#0"},"up":{"uv":[4.375,2.825,4.625,2.5],"rotation":270,"texture":"#0"},"down":{"uv":[4.375,2.825,4.625,2.5],"rotation":90,"texture":"#0"}}},{"from":[7.05,16.84534,5.53033],"to":[7.95,18.04534,6.23033],"rotation":{"angle":-22.5,"axis":"x","origin":[7.5,2.44936,3]},"faces":{"north":{"uv":[5.85,1.375,5.625,1.675],"texture":"#0"},"east":{"uv":[5.55,1.375,5.375,1.675],"rotation":180,"texture":"#0"},"south":{"uv":[5.85,1.75,5.625,2.05],"texture":"#0"},"west":{"uv":[5.55,1.675,5.375,1.375],"texture":"#0"},"up":{"uv":[5.55,1.75,5.375,1.975],"rotation":90,"texture":"#0"},"down":{"uv":[5.55,1.75,5.375,1.975],"rotation":270,"texture":"#0"}}},{"from":[7.15,16.76904,-0.03463],"to":[7.85,17.26904,0.96537],"rotation":{"angle":0,"axis":"y","origin":[7.5,2.44936,3]},"faces":{"north":{"uv":[5.3,2.125,5.125,2.25],"texture":"#0"},"east":{"uv":[5.625,2,5.375,2.125],"rotation":180,"texture":"#0"},"south":{"uv":[5.3,2.125,5.125,2.25],"texture":"#0"},"west":{"uv":[5.625,2,5.375,2.125],"texture":"#0"},"up":{"uv":[5.625,2.125,5.375,2.3],"rotation":90,"texture":"#0"},"down":{"uv":[5.625,2.125,5.375,2.3],"rotation":270,"texture":"#0"}}},{"from":[6.45,12.97864,-3.32215],"to":[8.55,15.97864,-0.82215],"rotation":{"angle":22.5,"axis":"x","origin":[7.5,2.44936,3]},"faces":{"north":{"uv":[3.625,3.05,4.375,2.525],"rotation":270,"texture":"#0"},"east":{"uv":[3.625,2,4.375,1.375],"rotation":270,"texture":"#0"},"south":{"uv":[3.625,2.525,4.375,2],"rotation":270,"texture":"#0"},"west":{"uv":[3.625,1.375,4.375,2],"rotation":270,"texture":"#0"},"up":{"uv":[2.75,3.125,3.275,2.5],"texture":"#0"},"down":{"uv":[2.75,3.125,3.275,2.5],"rotation":180,"texture":"#0"}}},{"from":[6.35,11.44205,5.96245],"to":[8.65,14.44205,8.96245],"rotation":{"angle":-22.5,"axis":"x","origin":[7.5,2.44936,3]},"faces":{"north":{"uv":[6.625,0,5.875,0.575],"rotation":90,"texture":"#0"},"east":{"uv":[4.5,0,3.75,0.75],"rotation":270,"texture":"#0"},"south":{"uv":[4.5,0.75,3.75,1.325],"rotation":90,"texture":"#0"},"west":{"uv":[3.75,0,4.5,0.75],"rotation":90,"texture":"#0"},"up":{"uv":[5.075,0,4.5,0.75],"rotation":180,"texture":"#0"},"down":{"uv":[5.075,0,4.5,0.75],"texture":"#0"}}},{"from":[6.25,10.63267,-1.36098],"to":[8.75,14.13267,2.63902],"rotation":{"angle":22.5,"axis":"x","origin":[7.5,2.44936,3]},"faces":{"north":{"uv":[2.75,3.375,2.125,2.5],"texture":"#0"},"east":{"uv":[3.625,1.875,2.625,1],"texture":"#0"},"south":{"uv":[2.75,3.375,2.125,2.5],"texture":"#0"},"west":{"uv":[2.625,1.875,3.625,1],"texture":"#0"},"up":{"uv":[3.625,2.5,2.625,1.875],"rotation":90,"texture":"#0"},"down":{"uv":[3.625,2.5,2.625,1.875],"rotation":270,"texture":"#0"}}},{"from":[7.1,12.49901,4.19961],"to":[7.9,13.49901,5.69961],"rotation":{"angle":-22.5,"axis":"x","origin":[7.5,2.44936,3]},"faces":{"north":{"uv":[5.2,4,5,4.25],"texture":"#0"},"east":{"uv":[5,4.25,4.625,4],"rotation":180,"texture":"#0"},"south":{"uv":[5.2,4,5,4.25],"texture":"#0"},"west":{"uv":[5,4,4.625,4.25],"texture":"#0"},"up":{"uv":[5.25,3.75,4.875,3.95],"rotation":90,"texture":"#0"},"down":{"uv":[5.25,3.75,4.875,3.95],"rotation":270,"texture":"#0"}}},{"from":[7,11.0348,-2.96467],"to":[8,12.5348,-0.96467],"rotation":{"angle":22.5,"axis":"x","origin":[7.5,2.44936,3]},"faces":{"north":{"uv":[4.875,3.625,4.625,4],"texture":"#0"},"east":{"uv":[4.625,4,4.125,3.625],"rotation":180,"texture":"#0"},"south":{"uv":[4.875,3.625,4.625,4],"texture":"#0"},"west":{"uv":[4.625,3.625,4.125,4],"texture":"#0"},"up":{"uv":[4.625,4,4.125,4.25],"rotation":90,"texture":"#0"},"down":{"uv":[4.625,4,4.125,4.25],"rotation":270,"texture":"#0"}}},{"from":[7.2,9.7348,-3.56467],"to":[7.8,10.7348,-3.06467],"rotation":{"angle":22.5,"axis":"x","origin":[7.5,2.44936,3]},"faces":{"north":{"uv":[5.25,3.9,5.5,3.75],"rotation":90,"texture":"#0"},"east":{"uv":[5.5,4.125,5.25,4],"rotation":270,"texture":"#0"},"south":{"uv":[5.25,3.9,5.5,3.75],"rotation":90,"texture":"#0"},"west":{"uv":[5.25,4.125,5.5,4],"rotation":90,"texture":"#0"},"up":{"uv":[5.25,4.25,5.4,4.125],"rotation":180,"texture":"#0"},"down":{"uv":[5.25,4.25,5.4,4.125],"texture":"#0"}}},{"from":[7.5,13.54936,-7.94936],"to":[7.5,21.54936,2.05064],"rotation":{"angle":22.5,"axis":"x","origin":[7.5,2.44936,8]},"faces":{"east":{"uv":[8,10,0,0],"rotation":90,"texture":"#2"},"west":{"uv":[0,10,8,0],"rotation":270,"texture":"#2"}}},{"from":[7.5,13.54936,13.94936],"to":[7.5,21.54936,23.94936],"rotation":{"angle":-22.5,"axis":"x","origin":[7.5,2.44936,8]},"faces":{"east":{"uv":[8,0,0,10],"rotation":90,"texture":"#2"},"west":{"uv":[0,0,8,10],"rotation":270,"texture":"#2"}}},{"from":[6.75,-8,7.25],"to":[8.25,-3,8.75],"rotation":{"angle":0,"axis":"y","origin":[7.5,2.44936,8]},"faces":{"north":{"uv":[1.25,2.25,1.625,3.5],"texture":"#0"},"east":{"uv":[1.25,2.25,1.625,3.5],"texture":"#0"},"south":{"uv":[1.25,2.25,1.625,3.5],"texture":"#0"},"west":{"uv":[1.25,2.25,1.625,3.5],"texture":"#0"},"up":{"uv":[0,3.125,0.375,3.5],"rotation":90,"texture":"#0"},"down":{"uv":[0,3.125,0.375,3.5],"rotation":270,"texture":"#0"}}},{"from":[6.75,-2,7.25],"to":[8.25,3,8.75],"rotation":{"angle":0,"axis":"y","origin":[7.5,2.44936,8]},"faces":{"north":{"uv":[1.25,2.25,1.625,3.5],"texture":"#0"},"east":{"uv":[1.25,2.25,1.625,3.5],"texture":"#0"},"south":{"uv":[1.25,2.25,1.625,3.5],"texture":"#0"},"west":{"uv":[1.25,2.25,1.625,3.5],"texture":"#0"},"up":{"uv":[0,3.125,0.375,3.5],"rotation":90,"texture":"#0"},"down":{"uv":[0,3.125,0.375,3.5],"rotation":270,"texture":"#0"}}},{"from":[6.75,-12,7.25],"to":[8.25,-7,8.75],"rotation":{"angle":0,"axis":"y","origin":[7.5,2.44936,8]},"faces":{"north":{"uv":[1.25,2.25,1.625,3.5],"texture":"#0"},"east":{"uv":[1.25,2.25,1.625,3.5],"texture":"#0"},"south":{"uv":[1.25,2.25,1.625,3.5],"texture":"#0"},"west":{"uv":[1.25,2.25,1.625,3.5],"texture":"#0"},"up":{"uv":[0,3.125,0.375,3.5],"rotation":90,"texture":"#0"},"down":{"uv":[0,3.125,0.375,3.5],"rotation":270,"texture":"#0"}}}],"gui_light":"front","display":{"thirdperson_righthand":{"translation":[0.4,8.75,1.5],"scale":[0.8,0.8,0.8]},"thirdperson_lefthand":{"translation":[-0.4,8.75,1.5],"scale":[0.8,0.8,0.8]},"firstperson_righthand":{"translation":[3,8.25,0],"scale":[0.45938,0.45938,0.45938]},"firstperson_lefthand":{"translation":[3,8.25,0],"scale":[0.45938,0.45938,0.45938]},"ground":{"rotation":[-45,0,0],"translation":[0,11,0],"scale":[0.6,0.6,0.6]},"gui":{"rotation":[-90,-45,-90],"translation":[0.5,0.5,-0.25],"scale":[0.5,0.5,0.5]},"head":{"rotation":[-180,0,0],"translation":[0,11,1.75],"scale":[0,0,0]},"fixed":{"rotation":[0,-90,0],"translation":[0,10,-1.25],"scale":[1.6,1.6,1.6]}},"groups":[0,1,2,3,4,5,6,7,8,9,10,11,12,13,14,15,16,{"name":"group","origin":[-0.5,-6,0],"color":0,"nbt":"{}","children":[]},{"name":"group","origin":[8,6,10.5],"color":0,"nbt":"{}","children":[17,18,19,20,21,22,23,24,25,26,27,28,29,30,31,32]},{"name":"group","origin":[0.1,-3.9,1.5],"color":0,"nbt":"{}","children":[33,34,35,36,37,38,39,40,41,42,43,44,45,46,47,48,49,50,51,52,53,54,55,56,57,58,59,60,61,62,63,64,65,66,67,68,69,70,71,72,73,74]},{"name":"group","origin":[9.4,-7.5,0],"color":0,"nbt":"{}","children":[]},{"name":"group","origin":[0.1,-3.9,1.5],"color":0,"nbt":"{}","children":[]},75,76,77]}