{"credit":"MadewithBlockbench","texture_size":[64,64],"textures":{"0":"elitecreatures/darkflame_animated_weapon_set/darkflame_01_texture","1":"elitecreatures/darkflame_animated_weapon_set/darkflame_animation_01texture","2":"elitecreatures/darkflame_animated_weapon_set/drakflame_animation_02texture","particle":"elitecreatures/darkflame_animated_weapon_set/darkflame_01_texture"},"elements":[{"from":[5.725,11,6.575],"to":[8.425,13,9.575],"rotation":{"angle":0,"axis":"y","origin":[8,10.3683,8.075]},"faces":{"north":{"uv":[0.75,2.25,1.5,1.75],"texture":"#0"},"east":{"uv":[0.75,2.25,1.5,1.75],"texture":"#0"},"south":{"uv":[0.75,2.25,1.5,1.75],"texture":"#0"},"west":{"uv":[0.75,2.25,1.5,1.75],"texture":"#0"},"up":{"uv":[1.25,1.7125,2,1.0375],"rotation":90,"texture":"#0"},"down":{"uv":[1.25,1.7125,2,1.0375],"rotation":270,"texture":"#0"}}},{"from":[9.075,9.5,5.325],"to":[9.575,11,5.825],"rotation":{"angle":0,"axis":"y","origin":[8,10.3683,8.075]},"faces":{"north":{"uv":[1.5,3.5,1.375,3.875],"texture":"#0"},"east":{"uv":[1.375,3.5,1.25,3.875],"texture":"#0"},"south":{"uv":[1.5,3.5,1.375,3.875],"texture":"#0"},"west":{"uv":[1.375,3.5,1.25,3.875],"texture":"#0"},"up":{"uv":[1.25,3.875,1.375,4],"rotation":90,"texture":"#0"},"down":{"uv":[1.25,3.875,1.375,4],"rotation":270,"texture":"#0"}}},{"from":[9.075,11,5.325],"to":[9.575,12,10.825],"rotation":{"angle":0,"axis":"y","origin":[8,10.3683,8.075]},"faces":{"north":{"uv":[1.375,4.125,1.5,4.375],"texture":"#0"},"east":{"uv":[0,4.125,1.375,4.375],"texture":"#0"},"south":{"uv":[1.375,4.125,1.5,4.375],"texture":"#0"},"west":{"uv":[0,4.125,1.375,4.375],"texture":"#0"},"up":{"uv":[1.375,4.375,0,4.5],"rotation":90,"texture":"#0"},"down":{"uv":[1.375,4.375,0,4.5],"rotation":270,"texture":"#0"}}},{"from":[9.075,9,7.825],"to":[9.575,10.5,8.325],"rotation":{"angle":0,"axis":"y","origin":[8,10.3683,8.075]},"faces":{"north":{"uv":[1.5,3.5,1.375,3.875],"texture":"#0"},"east":{"uv":[1.625,3.5,1.5,3.875],"texture":"#0"},"south":{"uv":[1.5,3.5,1.375,3.875],"texture":"#0"},"west":{"uv":[1.375,3.5,1.25,3.875],"texture":"#0"},"up":{"uv":[1.25,3.875,1.375,4],"rotation":90,"texture":"#0"},"down":{"uv":[1.25,3.875,1.375,4],"rotation":270,"texture":"#0"}}},{"from":[9.075,9.5,10.325],"to":[9.575,11,10.825],"rotation":{"angle":0,"axis":"y","origin":[8,10.3683,8.075]},"faces":{"north":{"uv":[1.375,3.5,1.5,3.875],"texture":"#0"},"east":{"uv":[1.25,3.5,1.375,3.875],"texture":"#0"},"south":{"uv":[1.375,3.5,1.5,3.875],"texture":"#0"},"west":{"uv":[1.25,3.5,1.375,3.875],"texture":"#0"},"up":{"uv":[1.375,3.875,1.25,4],"rotation":90,"texture":"#0"},"down":{"uv":[1.375,3.875,1.25,4],"rotation":270,"texture":"#0"}}},{"from":[9.075,10.5,7.325],"to":[9.575,11,8.825],"rotation":{"angle":0,"axis":"y","origin":[8,10.3683,8.075]},"faces":{"north":{"uv":[1.375,4,1.25,3.875],"rotation":90,"texture":"#0"},"east":{"uv":[1.25,3.875,1.375,3.5],"rotation":270,"texture":"#0"},"south":{"uv":[1.375,4,1.25,3.875],"rotation":90,"texture":"#0"},"west":{"uv":[1.25,3.875,1.375,3.5],"rotation":90,"texture":"#0"},"up":{"uv":[1.375,3.875,1.5,3.5],"rotation":180,"texture":"#0"},"down":{"uv":[1.375,3.875,1.5,3.5],"texture":"#0"}}},{"from":[5.075,8,5.325],"to":[9.075,12,10.825],"rotation":{"angle":0,"axis":"y","origin":[8,10.3683,8.075]},"faces":{"north":{"uv":[1.375,0,2.375,1],"texture":"#0"},"east":{"uv":[0,0,1.375,1],"texture":"#0"},"south":{"uv":[1.375,0,2.375,1],"texture":"#0"},"west":{"uv":[0,0,1.375,1],"texture":"#0"},"up":{"uv":[3.75,0,2.375,1],"rotation":90,"texture":"#0"},"down":{"uv":[3.75,0,2.375,1],"rotation":270,"texture":"#0"}}},{"from":[6.175,7,5.575],"to":[8.175,8,10.575],"rotation":{"angle":0,"axis":"y","origin":[8,10.3683,8.075]},"faces":{"north":{"uv":[3.25,3.375,2.75,3.125],"texture":"#0"},"east":{"uv":[2.9375,3.6375,1.6875,3.3875],"texture":"#0"},"south":{"uv":[3.25,3.375,2.75,3.125],"texture":"#0"},"west":{"uv":[2.9375,3.6375,1.6875,3.3875],"texture":"#0"},"up":{"uv":[2.875,3.625,1.625,4.125],"rotation":90,"texture":"#0"},"down":{"uv":[2.875,3.625,1.625,4.125],"rotation":270,"texture":"#0"}}},{"from":[5.675,6,6.575],"to":[8.675,8,9.575],"rotation":{"angle":0,"axis":"y","origin":[8,10.3683,8.075]},"faces":{"north":{"uv":[0.75,2.25,0,1.75],"texture":"#0"},"east":{"uv":[0.8125,1.5125,0.0625,1.0125],"texture":"#0"},"south":{"uv":[0.75,2.25,0,1.75],"texture":"#0"},"west":{"uv":[0.8125,1.5125,0.0625,1.0125],"texture":"#0"},"up":{"uv":[1.25,3.375,0.5,4.125],"rotation":90,"texture":"#0"},"down":{"uv":[2.4375,4.125,1.6875,4.875],"rotation":270,"texture":"#0"}}},{"from":[9.175,8,5.325],"to":[9.175,12,10.825],"rotation":{"angle":0,"axis":"y","origin":[8,10.3683,8.075]},"faces":{"east":{"uv":[11,8,0,0],"texture":"#1"},"west":{"uv":[11,8,0,0],"texture":"#1"}}},{"from":[6.775,14.93508,6.46436],"to":[7.375,15.43508,7.46436],"rotation":{"angle":45,"axis":"x","origin":[8,10.3683,8.075]},"faces":{"north":{"uv":[5.875,1.875,6.025,1.75],"rotation":180,"texture":"#0"},"east":{"uv":[5.875,1.5,6.125,1.375],"texture":"#0"},"south":{"uv":[5.875,1.875,6.025,1.75],"rotation":180,"texture":"#0"},"west":{"uv":[5.875,1.5,6.125,1.375],"rotation":180,"texture":"#0"},"up":{"uv":[5.875,1.65,6.125,1.5],"rotation":270,"texture":"#0"},"down":{"uv":[5.875,1.65,6.125,1.5],"rotation":90,"texture":"#0"}}},{"from":[6.675,12.9,10.775],"to":[7.475,14.4,11.775],"rotation":{"angle":0,"axis":"y","origin":[8,10.3683,8.075]},"faces":{"north":{"uv":[5.875,1.075,6.25,0.875],"rotation":270,"texture":"#0"},"east":{"uv":[5.875,0.625,6.25,0.875],"rotation":270,"texture":"#0"},"south":{"uv":[5.875,1.075,6.25,0.875],"rotation":270,"texture":"#0"},"west":{"uv":[5.875,0.875,6.25,0.625],"rotation":270,"texture":"#0"},"up":{"uv":[5.75,1.375,5.95,1.125],"texture":"#0"},"down":{"uv":[5.75,1.375,5.95,1.125],"rotation":180,"texture":"#0"}}},{"from":[6.575,12.83508,7.76436],"to":[7.575,14.83508,9.26436],"rotation":{"angle":45,"axis":"x","origin":[8,10.3683,8.075]},"faces":{"north":{"uv":[5.5,3.5,5,3.75],"rotation":90,"texture":"#0"},"east":{"uv":[5,3.125,5.5,3.5],"rotation":270,"texture":"#0"},"south":{"uv":[5.5,3.5,5,3.75],"rotation":90,"texture":"#0"},"west":{"uv":[5.5,3.125,5,3.5],"rotation":90,"texture":"#0"},"up":{"uv":[5.75,3.125,5.5,3.5],"rotation":180,"texture":"#0"},"down":{"uv":[5.75,3.125,5.5,3.5],"texture":"#0"}}},{"from":[6.775,14.93508,8.68564],"to":[7.375,15.43508,9.68564],"rotation":{"angle":-45,"axis":"x","origin":[8,10.3683,8.075]},"faces":{"north":{"uv":[6.025,1.875,5.875,1.75],"rotation":180,"texture":"#0"},"east":{"uv":[6.125,1.5,5.875,1.375],"texture":"#0"},"south":{"uv":[6.025,1.875,5.875,1.75],"rotation":180,"texture":"#0"},"west":{"uv":[6.125,1.5,5.875,1.375],"rotation":180,"texture":"#0"},"up":{"uv":[6.125,1.65,5.875,1.5],"rotation":270,"texture":"#0"},"down":{"uv":[6.125,1.65,5.875,1.5],"rotation":90,"texture":"#0"}}},{"from":[6.675,12.9,4.375],"to":[7.475,14.4,5.375],"rotation":{"angle":0,"axis":"y","origin":[8,10.3683,8.075]},"faces":{"north":{"uv":[5.875,0.875,6.25,1.075],"rotation":270,"texture":"#0"},"east":{"uv":[5.875,0.875,6.25,0.625],"rotation":270,"texture":"#0"},"south":{"uv":[5.875,0.875,6.25,1.075],"rotation":270,"texture":"#0"},"west":{"uv":[5.875,0.625,6.25,0.875],"rotation":270,"texture":"#0"},"up":{"uv":[5.75,1.125,5.95,1.375],"texture":"#0"},"down":{"uv":[5.75,1.125,5.95,1.375],"rotation":180,"texture":"#0"}}},{"from":[6.575,12.83508,6.88564],"to":[7.575,14.83508,8.38564],"rotation":{"angle":-45,"axis":"x","origin":[8,10.3683,8.075]},"faces":{"north":{"uv":[5.5,3.75,5,3.5],"rotation":90,"texture":"#0"},"east":{"uv":[5,3.5,5.5,3.125],"rotation":270,"texture":"#0"},"south":{"uv":[5.5,3.75,5,3.5],"rotation":90,"texture":"#0"},"west":{"uv":[5.5,3.5,5,3.125],"rotation":90,"texture":"#0"},"up":{"uv":[5.75,3.5,5.5,3.125],"rotation":180,"texture":"#0"},"down":{"uv":[5.75,3.5,5.5,3.125],"texture":"#0"}}},{"from":[5.825,8.46905,3.62876],"to":[8.325,11.96905,7.62876],"rotation":{"angle":22.5,"axis":"x","origin":[8,10.3683,8.075]},"faces":{"north":{"uv":[2.75,2.5,2.125,3.375],"texture":"#0"},"east":{"uv":[3.625,1,2.625,1.875],"texture":"#0"},"south":{"uv":[2.75,2.5,2.125,3.375],"texture":"#0"},"west":{"uv":[2.625,1.875,3.625,1],"texture":"#0"},"up":{"uv":[3.625,1.875,2.625,2.5],"rotation":90,"texture":"#0"},"down":{"uv":[3.625,1.875,2.625,2.5],"rotation":270,"texture":"#0"}}},{"from":[5.925,11.3845,2.9404],"to":[8.225,14.3845,5.9404],"rotation":{"angle":-22.5,"axis":"x","origin":[8,10.3683,8.075]},"faces":{"north":{"uv":[5.075,0.75,4.5,0],"texture":"#0"},"east":{"uv":[4.5,0.75,3.75,0],"texture":"#0"},"south":{"uv":[5.075,0.75,4.5,0],"texture":"#0"},"west":{"uv":[3.75,0,4.5,0.75],"texture":"#0"},"up":{"uv":[6.625,0.575,5.875,0],"rotation":90,"texture":"#0"},"down":{"uv":[4.5,1.325,3.75,0.75],"rotation":270,"texture":"#0"}}},{"from":[6.025,6.62308,1.66759],"to":[8.125,9.62308,4.16759],"rotation":{"angle":22.5,"axis":"x","origin":[8,10.3683,8.075]},"faces":{"north":{"uv":[4.375,3.05,3.625,2.525],"rotation":270,"texture":"#0"},"east":{"uv":[4.375,2,3.625,1.375],"rotation":270,"texture":"#0"},"south":{"uv":[4.375,2.525,3.625,2],"rotation":270,"texture":"#0"},"west":{"uv":[4.375,2,3.625,1.375],"rotation":270,"texture":"#0"},"up":{"uv":[3.275,3.125,2.75,2.5],"texture":"#0"},"down":{"uv":[3.275,3.125,2.75,2.5],"rotation":180,"texture":"#0"}}},{"from":[6.125,10.61928,-0.28307],"to":[8.025,12.61928,2.71693],"rotation":{"angle":-22.5,"axis":"x","origin":[8,10.3683,8.075]},"faces":{"north":{"uv":[2,1.5,2.475,2],"rotation":180,"texture":"#0"},"east":{"uv":[5.125,0,5.875,0.5],"texture":"#0"},"south":{"uv":[2,1.5,2.475,2],"rotation":180,"texture":"#0"},"west":{"uv":[5.875,0,5.125,0.5],"texture":"#0"},"up":{"uv":[5.125,0.5,5.875,0.975],"rotation":270,"texture":"#0"},"down":{"uv":[5.125,0.5,5.875,0.975],"rotation":90,"texture":"#0"}}},{"from":[6.325,4.81093,-1.5394],"to":[7.825,6.31093,1.9606],"rotation":{"angle":22.5,"axis":"x","origin":[8,10.3683,8.075]},"faces":{"north":{"uv":[5.375,1,5.75,1.375],"rotation":180,"texture":"#0"},"east":{"uv":[4.5,1,5.375,1.375],"texture":"#0"},"south":{"uv":[5.375,1,5.75,1.375],"rotation":180,"texture":"#0"},"west":{"uv":[5.375,1,4.5,1.375],"texture":"#0"},"up":{"uv":[4.5,1.75,5.375,2.125],"rotation":270,"texture":"#0"},"down":{"uv":[4.5,1.375,5.375,1.75],"rotation":90,"texture":"#0"}}},{"from":[6.425,5.91093,-1.3394],"to":[7.725,7.41093,-0.3394],"rotation":{"angle":22.5,"axis":"x","origin":[8,10.3683,8.075]},"faces":{"north":{"uv":[4.375,2.125,4.7,2.5],"rotation":180,"texture":"#0"},"east":{"uv":[2.125,2,2.375,2.375],"texture":"#0"},"south":{"uv":[4.75,2.125,5.075,2.5],"rotation":180,"texture":"#0"},"west":{"uv":[2.375,2,2.125,2.375],"texture":"#0"},"up":{"uv":[4.375,2.5,4.625,2.825],"rotation":270,"texture":"#0"},"down":{"uv":[4.375,2.5,4.625,2.825],"rotation":90,"texture":"#0"}}},{"from":[6.625,14.11662,-0.66289],"to":[7.525,14.81662,0.53711],"rotation":{"angle":-22.5,"axis":"x","origin":[8,10.3683,8.075]},"faces":{"north":{"uv":[5.375,1.75,5.55,1.975],"rotation":270,"texture":"#0"},"east":{"uv":[5.375,1.375,5.55,1.675],"rotation":270,"texture":"#0"},"south":{"uv":[5.375,1.75,5.55,1.975],"rotation":270,"texture":"#0"},"west":{"uv":[5.375,1.675,5.55,1.375],"rotation":270,"texture":"#0"},"up":{"uv":[5.625,1.375,5.85,1.675],"texture":"#0"},"down":{"uv":[5.625,1.75,5.85,2.05],"rotation":180,"texture":"#0"}}},{"from":[6.725,16.22589,2.26199],"to":[7.425,17.22589,2.76199],"rotation":{"angle":-45,"axis":"x","origin":[8,10.3683,8.075]},"faces":{"north":{"uv":[5.375,2.125,5.625,2.3],"rotation":270,"texture":"#0"},"east":{"uv":[5.375,2,5.625,2.125],"rotation":270,"texture":"#0"},"south":{"uv":[5.375,2.125,5.625,2.3],"rotation":270,"texture":"#0"},"west":{"uv":[5.375,2,5.625,2.125],"rotation":270,"texture":"#0"},"up":{"uv":[5.125,2.125,5.3,2.25],"texture":"#0"},"down":{"uv":[5.125,2.125,5.3,2.25],"rotation":180,"texture":"#0"}}},{"from":[6.675,17.66317,5.14377],"to":[7.475,18.66317,6.64377],"rotation":{"angle":-22.5,"axis":"x","origin":[8,10.3683,8.075]},"faces":{"north":{"uv":[5.2,4.25,5,4],"rotation":180,"texture":"#0"},"east":{"uv":[5,4,4.625,4.25],"texture":"#0"},"south":{"uv":[5.2,4.25,5,4],"rotation":180,"texture":"#0"},"west":{"uv":[5,4.25,4.625,4],"rotation":180,"texture":"#0"},"up":{"uv":[5.25,3.95,4.875,3.75],"rotation":270,"texture":"#0"},"down":{"uv":[5.25,3.95,4.875,3.75],"rotation":90,"texture":"#0"}}},{"from":[6.575,12.22126,-0.2263],"to":[7.575,14.22126,1.2737],"rotation":{"angle":22.5,"axis":"x","origin":[8,10.3683,8.075]},"faces":{"north":{"uv":[4.125,4,4.625,4.25],"rotation":270,"texture":"#0"},"east":{"uv":[4.125,4,4.625,3.625],"rotation":270,"texture":"#0"},"south":{"uv":[4.125,4,4.625,4.25],"rotation":270,"texture":"#0"},"west":{"uv":[4.125,3.625,4.625,4],"rotation":270,"texture":"#0"},"up":{"uv":[4.625,3.625,4.875,4],"texture":"#0"},"down":{"uv":[4.625,3.625,4.875,4],"rotation":180,"texture":"#0"}}},{"from":[6.775,14.32126,1.5737],"to":[7.375,14.82126,2.5737],"rotation":{"angle":22.5,"axis":"x","origin":[8,10.3683,8.075]},"faces":{"north":{"uv":[5.25,4.125,5.4,4.25],"texture":"#0"},"east":{"uv":[5.5,4,5.25,4.125],"texture":"#0"},"south":{"uv":[5.25,4.125,5.4,4.25],"texture":"#0"},"west":{"uv":[5.25,4,5.5,4.125],"texture":"#0"},"up":{"uv":[5.25,3.75,5.5,3.9],"rotation":90,"texture":"#0"},"down":{"uv":[5.25,3.75,5.5,3.9],"rotation":270,"texture":"#0"}}},{"from":[6.725,10.11462,-4.00315],"to":[7.425,11.11462,-3.50315],"rotation":{"angle":45,"axis":"x","origin":[8,10.3683,8.075]},"faces":{"north":{"uv":[5.375,2.125,5.625,2.3],"rotation":270,"texture":"#0"},"east":{"uv":[5.375,2,5.625,2.125],"rotation":270,"texture":"#0"},"south":{"uv":[5.375,2.125,5.625,2.3],"rotation":270,"texture":"#0"},"west":{"uv":[5.375,2,5.625,2.125],"rotation":270,"texture":"#0"},"up":{"uv":[5.125,2.125,5.3,2.25],"texture":"#0"},"down":{"uv":[5.125,2.125,5.3,2.25],"rotation":180,"texture":"#0"}}},{"from":[6.625,21.35574,3.77968],"to":[7.525,22.55574,4.47968],"rotation":{"angle":-22.5,"axis":"x","origin":[8,10.3683,8.075]},"faces":{"north":{"uv":[5.85,2.05,5.625,1.75],"rotation":180,"texture":"#0"},"east":{"uv":[5.55,1.675,5.375,1.375],"texture":"#0"},"south":{"uv":[5.85,1.675,5.625,1.375],"rotation":180,"texture":"#0"},"west":{"uv":[5.55,1.375,5.375,1.675],"rotation":180,"texture":"#0"},"up":{"uv":[5.55,1.975,5.375,1.75],"rotation":270,"texture":"#0"},"down":{"uv":[5.55,1.975,5.375,1.75],"rotation":90,"texture":"#0"}}},{"from":[6.425,15.42595,-4.40105],"to":[7.725,16.42595,-2.90105],"rotation":{"angle":22.5,"axis":"x","origin":[8,10.3683,8.075]},"faces":{"north":{"uv":[4.625,2.825,4.375,2.5],"rotation":90,"texture":"#0"},"east":{"uv":[2.375,2.375,2.125,2],"rotation":90,"texture":"#0"},"south":{"uv":[4.625,2.825,4.375,2.5],"rotation":90,"texture":"#0"},"west":{"uv":[2.125,2.375,2.375,2],"rotation":270,"texture":"#0"},"up":{"uv":[4.7,2.5,4.375,2.125],"rotation":180,"texture":"#0"},"down":{"uv":[5.075,2.5,4.75,2.125],"texture":"#0"}}},{"from":[6.325,13.12595,-5.50105],"to":[7.825,16.62595,-4.00105],"rotation":{"angle":22.5,"axis":"x","origin":[8,10.3683,8.075]},"faces":{"north":{"uv":[5.375,1.75,4.5,1.375],"rotation":90,"texture":"#0"},"east":{"uv":[5.375,1.375,4.5,1],"rotation":90,"texture":"#0"},"south":{"uv":[5.375,2.125,4.5,1.75],"rotation":90,"texture":"#0"},"west":{"uv":[4.5,1.375,5.375,1],"rotation":270,"texture":"#0"},"up":{"uv":[5.75,1.375,5.375,1],"rotation":180,"texture":"#0"},"down":{"uv":[5.75,1.375,5.375,1],"texture":"#0"}}},{"from":[6.125,20.99373,5.02809],"to":[8.025,23.99373,7.02809],"rotation":{"angle":-45,"axis":"x","origin":[8,10.3683,8.075]},"faces":{"north":{"uv":[5.875,0.975,5.125,0.5],"rotation":90,"texture":"#0"},"east":{"uv":[5.875,0.5,5.125,0],"rotation":90,"texture":"#0"},"south":{"uv":[5.875,0.975,5.125,0.5],"rotation":90,"texture":"#0"},"west":{"uv":[5.125,0.5,5.875,0],"rotation":270,"texture":"#0"},"up":{"uv":[2.475,2,2,1.5],"rotation":180,"texture":"#0"},"down":{"uv":[2.475,2,2,1.5],"texture":"#0"}}},{"from":[6.025,11.33063,-3.30329],"to":[8.125,13.83063,-0.30329],"rotation":{"angle":22.5,"axis":"x","origin":[8,10.3683,8.075]},"faces":{"north":{"uv":[2.75,2.5,3.275,3.125],"rotation":180,"texture":"#0"},"east":{"uv":[3.625,1.375,4.375,2],"texture":"#0"},"south":{"uv":[2.75,2.5,3.275,3.125],"rotation":180,"texture":"#0"},"west":{"uv":[3.625,1.375,4.375,2],"rotation":180,"texture":"#0"},"up":{"uv":[3.625,2.525,4.375,3.05],"rotation":270,"texture":"#0"},"down":{"uv":[3.625,2,4.375,2.525],"rotation":90,"texture":"#0"}}},{"from":[5.925,15.7704,1.73526],"to":[8.225,18.7704,4.73526],"rotation":{"angle":-22.5,"axis":"x","origin":[8,10.3683,8.075]},"faces":{"north":{"uv":[3.75,0.75,4.5,1.325],"rotation":270,"texture":"#0"},"east":{"uv":[3.75,0,4.5,0.75],"rotation":90,"texture":"#0"},"south":{"uv":[5.875,0,6.625,0.575],"rotation":270,"texture":"#0"},"west":{"uv":[4.5,0.75,3.75,0],"rotation":270,"texture":"#0"},"up":{"uv":[4.5,0,5.075,0.75],"texture":"#0"},"down":{"uv":[4.5,0,5.075,0.75],"rotation":180,"texture":"#0"}}},{"from":[6.025,7.16143,0.72451],"to":[8.125,9.66143,3.72451],"rotation":{"angle":45,"axis":"x","origin":[8,10.3683,8.075]},"faces":{"north":{"uv":[2.75,2.5,3.275,3.125],"rotation":180,"texture":"#0"},"east":{"uv":[3.625,1.375,4.375,2],"texture":"#0"},"south":{"uv":[2.75,2.5,3.275,3.125],"rotation":180,"texture":"#0"},"west":{"uv":[3.625,1.375,4.375,2],"rotation":180,"texture":"#0"},"up":{"uv":[3.625,2.525,4.375,3.05],"rotation":270,"texture":"#0"},"down":{"uv":[3.625,2,4.375,2.525],"rotation":90,"texture":"#0"}}},{"from":[6.725,23.18125,4.78502],"to":[7.425,24.18125,5.28502],"rotation":{"angle":-22.5,"axis":"x","origin":[8,10.3683,8.075]},"faces":{"north":{"uv":[5.375,2.125,5.625,2.3],"rotation":270,"texture":"#0"},"east":{"uv":[5.375,2,5.625,2.125],"rotation":270,"texture":"#0"},"south":{"uv":[5.375,2.125,5.625,2.3],"rotation":270,"texture":"#0"},"west":{"uv":[5.375,2,5.625,2.125],"rotation":270,"texture":"#0"},"up":{"uv":[5.125,2.125,5.3,2.25],"texture":"#0"},"down":{"uv":[5.125,2.125,5.3,2.25],"rotation":180,"texture":"#0"}}},{"from":[6.625,21.50806,-0.99361],"to":[7.525,22.20806,0.20639],"rotation":{"angle":0,"axis":"y","origin":[8,10.3683,8.075]},"faces":{"north":{"uv":[5.375,1.75,5.55,1.975],"rotation":270,"texture":"#0"},"east":{"uv":[5.375,1.375,5.55,1.675],"rotation":270,"texture":"#0"},"south":{"uv":[5.375,1.75,5.55,1.975],"rotation":270,"texture":"#0"},"west":{"uv":[5.375,1.675,5.55,1.375],"rotation":270,"texture":"#0"},"up":{"uv":[5.625,1.375,5.85,1.675],"texture":"#0"},"down":{"uv":[5.625,1.75,5.85,2.05],"rotation":180,"texture":"#0"}}},{"from":[6.425,11.01185,-6.69155],"to":[7.725,12.51185,-5.69155],"rotation":{"angle":45,"axis":"x","origin":[8,10.3683,8.075]},"faces":{"north":{"uv":[4.375,2.125,4.7,2.5],"rotation":180,"texture":"#0"},"east":{"uv":[2.125,2,2.375,2.375],"texture":"#0"},"south":{"uv":[4.75,2.125,5.075,2.5],"rotation":180,"texture":"#0"},"west":{"uv":[2.375,2,2.125,2.375],"texture":"#0"},"up":{"uv":[4.375,2.5,4.625,2.825],"rotation":270,"texture":"#0"},"down":{"uv":[4.375,2.5,4.625,2.825],"rotation":90,"texture":"#0"}}},{"from":[6.325,18.92747,-2.47833],"to":[7.825,20.42747,1.52167],"rotation":{"angle":-22.5,"axis":"x","origin":[8,10.3683,8.075]},"faces":{"north":{"uv":[9.625,3.25,10,3.625],"texture":"#0"},"east":{"uv":[7.625,3.25,8.625,3.625],"texture":"#0"},"south":{"uv":[9.625,3.25,10,3.625],"texture":"#0"},"west":{"uv":[7.625,3.25,8.625,3.625],"texture":"#0"},"up":{"uv":[9.625,3.625,8.625,3.25],"rotation":90,"texture":"#0"},"down":{"uv":[9.625,3.625,8.625,3.25],"rotation":270,"texture":"#0"}}},{"from":[6.425,14.10305,-8.74351],"to":[7.725,15.60305,-4.74351],"rotation":{"angle":0,"axis":"y","origin":[8,10.3683,8.075]},"faces":{"north":{"uv":[9.625,3.25,9.95,3.625],"texture":"#0"},"east":{"uv":[7.625,3.25,8.625,3.625],"texture":"#0"},"south":{"uv":[9.625,3.25,10,3.625],"texture":"#0"},"west":{"uv":[7.625,3.25,8.625,3.625],"texture":"#0"},"up":{"uv":[9.625,3.575,8.625,3.25],"rotation":90,"texture":"#0"},"down":{"uv":[9.625,3.575,8.625,3.25],"rotation":270,"texture":"#0"}}},{"from":[6.525,7.42575,-12.85792],"to":[7.625,8.92575,-8.85792],"rotation":{"angle":22.5,"axis":"x","origin":[8,10.3683,8.075]},"faces":{"north":{"uv":[9.625,3.25,9.9,3.625],"texture":"#0"},"east":{"uv":[7.625,3.25,8.625,3.625],"texture":"#0"},"south":{"uv":[9.625,3.25,10,3.625],"texture":"#0"},"west":{"uv":[7.625,3.25,8.625,3.625],"texture":"#0"},"up":{"uv":[9.625,3.525,8.625,3.25],"rotation":90,"texture":"#0"},"down":{"uv":[9.625,3.525,8.625,3.25],"rotation":270,"texture":"#0"}}},{"from":[6.675,9.23152,-13.93733],"to":[7.475,10.73152,-12.93733],"rotation":{"angle":22.5,"axis":"x","origin":[8,10.3683,8.075]},"faces":{"north":{"uv":[4.875,3.75,5.25,3.95],"rotation":270,"texture":"#0"},"east":{"uv":[4.625,4.25,5,4],"rotation":270,"texture":"#0"},"south":{"uv":[4.875,3.75,5.25,3.95],"rotation":270,"texture":"#0"},"west":{"uv":[4.625,4,5,4.25],"rotation":270,"texture":"#0"},"up":{"uv":[5,4,5.2,4.25],"texture":"#0"},"down":{"uv":[5,4,5.2,4.25],"rotation":180,"texture":"#0"}}},{"from":[6.575,23.18985,-8.65714],"to":[7.575,25.18985,-7.15714],"rotation":{"angle":-22.5,"axis":"x","origin":[8,10.3683,8.075]},"faces":{"north":{"uv":[4.125,4,4.625,4.25],"rotation":270,"texture":"#0"},"east":{"uv":[4.125,4,4.625,3.625],"rotation":270,"texture":"#0"},"south":{"uv":[4.125,4,4.625,4.25],"rotation":270,"texture":"#0"},"west":{"uv":[4.125,3.625,4.625,4],"rotation":270,"texture":"#0"},"up":{"uv":[4.625,3.625,4.875,4],"texture":"#0"},"down":{"uv":[4.625,3.625,4.875,4],"rotation":180,"texture":"#0"}}},{"from":[6.775,25.28985,-6.85714],"to":[7.375,25.78985,-5.85714],"rotation":{"angle":-22.5,"axis":"x","origin":[8,10.3683,8.075]},"faces":{"north":{"uv":[5.25,4.125,5.4,4.25],"texture":"#0"},"east":{"uv":[5.5,4,5.25,4.125],"texture":"#0"},"south":{"uv":[5.25,4.125,5.4,4.25],"texture":"#0"},"west":{"uv":[5.25,4,5.5,4.125],"texture":"#0"},"up":{"uv":[5.25,3.75,5.5,3.9],"rotation":90,"texture":"#0"},"down":{"uv":[5.25,3.75,5.5,3.9],"rotation":270,"texture":"#0"}}},{"from":[6.325,4.63723,2.79909],"to":[7.825,8.63723,4.29909],"rotation":{"angle":22.5,"axis":"x","origin":[8,10.3683,8.075]},"faces":{"north":{"uv":[8.625,3.25,9.625,3.625],"rotation":90,"texture":"#0"},"east":{"uv":[8.625,3.625,7.625,3.25],"rotation":270,"texture":"#0"},"south":{"uv":[8.625,3.25,9.625,3.625],"rotation":90,"texture":"#0"},"west":{"uv":[8.625,3.625,7.625,3.25],"rotation":90,"texture":"#0"},"up":{"uv":[10,3.625,9.625,3.25],"rotation":180,"texture":"#0"},"down":{"uv":[10,3.625,9.625,3.25],"texture":"#0"}}},{"from":[6.425,11.5293,-2.45785],"to":[7.725,13.0293,1.54215],"rotation":{"angle":-45,"axis":"x","origin":[8,10.3683,8.075]},"faces":{"north":{"uv":[9.625,3.25,9.95,3.625],"texture":"#0"},"east":{"uv":[7.625,3.25,8.625,3.625],"texture":"#0"},"south":{"uv":[9.625,3.25,10,3.625],"texture":"#0"},"west":{"uv":[7.625,3.25,8.625,3.625],"texture":"#0"},"up":{"uv":[9.625,3.575,8.625,3.25],"rotation":90,"texture":"#0"},"down":{"uv":[9.625,3.575,8.625,3.25],"rotation":270,"texture":"#0"}}},{"from":[6.575,7.49897,-3.9565],"to":[7.575,8.99897,-1.9565],"rotation":{"angle":-22.5,"axis":"x","origin":[8,10.3683,8.075]},"faces":{"north":{"uv":[4.875,4,4.625,3.625],"texture":"#0"},"east":{"uv":[4.625,3.625,4.125,4],"rotation":180,"texture":"#0"},"south":{"uv":[4.875,4,4.625,3.625],"texture":"#0"},"west":{"uv":[4.625,4,4.125,3.625],"texture":"#0"},"up":{"uv":[4.625,4.25,4.125,4],"rotation":90,"texture":"#0"},"down":{"uv":[4.625,4.25,4.125,4],"rotation":270,"texture":"#0"}}},{"from":[6.675,3.48683,-3.49405],"to":[7.475,4.48683,-1.99405],"rotation":{"angle":0,"axis":"y","origin":[8,10.3683,8.075]},"faces":{"north":{"uv":[5.2,4.25,5,4],"texture":"#0"},"east":{"uv":[5,4,4.625,4.25],"rotation":180,"texture":"#0"},"south":{"uv":[5.2,4.25,5,4],"texture":"#0"},"west":{"uv":[5,4.25,4.625,4],"texture":"#0"},"up":{"uv":[5.25,3.95,4.875,3.75],"rotation":90,"texture":"#0"},"down":{"uv":[5.25,3.95,4.875,3.75],"rotation":270,"texture":"#0"}}},{"from":[6.775,14.05901,-4.57113],"to":[7.375,15.05901,-4.07113],"rotation":{"angle":-45,"axis":"x","origin":[8,10.3683,8.075]},"faces":{"north":{"uv":[5.5,3.9,5.25,3.75],"rotation":90,"texture":"#0"},"east":{"uv":[5.25,4.125,5.5,4],"rotation":270,"texture":"#0"},"south":{"uv":[5.5,3.9,5.25,3.75],"rotation":90,"texture":"#0"},"west":{"uv":[5.25,4.125,5.5,4],"rotation":270,"texture":"#0"},"up":{"uv":[5.4,4.25,5.25,4.125],"rotation":180,"texture":"#0"},"down":{"uv":[5.4,4.25,5.25,4.125],"texture":"#0"}}},{"from":[6.775,-15.01675,-13.74605],"to":[6.775,7.98325,6.25395],"rotation":{"angle":45,"axis":"x","origin":[8,10.3683,8.075]},"faces":{"east":{"uv":[5.75,16,0,11],"rotation":270,"texture":"#0"},"west":{"uv":[5.75,11,0,16],"rotation":270,"texture":"#0"}}},{"from":[7.275,-1.71256,-8.43292],"to":[7.275,10.78744,10.56708],"rotation":{"angle":-22.5,"axis":"x","origin":[8,10.3683,8.075]},"faces":{"east":{"uv":[2.5,11.125,5.625,15.875],"rotation":90,"texture":"#0"},"west":{"uv":[2.5,15.875,5.625,11.125],"rotation":90,"texture":"#0"}}},{"from":[7.275,10.78744,-6.43292],"to":[7.275,12.28744,9.56708],"rotation":{"angle":-22.5,"axis":"x","origin":[8,10.3683,8.075]},"faces":{"east":{"uv":[5.75,16,6.125,12],"rotation":90,"texture":"#0"},"west":{"uv":[5.75,16,6.125,12],"rotation":90,"texture":"#0"}}},{"from":[6.325,9.92747,2.52167],"to":[7.825,11.42747,6.52167],"rotation":{"angle":-22.5,"axis":"x","origin":[8,10.3683,8.075]},"faces":{"north":{"uv":[9.625,3.25,10,3.625],"texture":"#0"},"east":{"uv":[7.625,3.25,8.625,3.625],"texture":"#0"},"south":{"uv":[9.625,3.25,10,3.625],"texture":"#0"},"west":{"uv":[7.625,3.25,8.625,3.625],"texture":"#0"},"up":{"uv":[9.625,3.625,8.625,3.25],"rotation":90,"texture":"#0"},"down":{"uv":[9.625,3.625,8.625,3.25],"rotation":270,"texture":"#0"}}},{"from":[6.325,9.92747,9.62833],"to":[7.825,11.42747,13.62833],"rotation":{"angle":22.5,"axis":"x","origin":[8,10.3683,8.075]},"faces":{"north":{"uv":[10,3.25,9.625,3.625],"texture":"#0"},"east":{"uv":[8.625,3.25,7.625,3.625],"texture":"#0"},"south":{"uv":[10,3.25,9.625,3.625],"texture":"#0"},"west":{"uv":[8.625,3.25,7.625,3.625],"texture":"#0"},"up":{"uv":[8.625,3.625,9.625,3.25],"rotation":90,"texture":"#0"},"down":{"uv":[8.625,3.625,9.625,3.25],"rotation":270,"texture":"#0"}}},{"from":[7.275,-1.71256,5.58292],"to":[7.275,10.78744,24.58292],"rotation":{"angle":22.5,"axis":"x","origin":[8,10.3683,8.075]},"faces":{"east":{"uv":[2.5,15.875,5.625,11.125],"rotation":90,"texture":"#0"},"west":{"uv":[2.5,11.125,5.625,15.875],"rotation":90,"texture":"#0"}}},{"from":[6.775,-15.01675,9.89605],"to":[6.775,7.98325,29.89605],"rotation":{"angle":-45,"axis":"x","origin":[8,10.3683,8.075]},"faces":{"east":{"uv":[5.75,11,0,16],"rotation":270,"texture":"#0"},"west":{"uv":[5.75,16,0,11],"rotation":270,"texture":"#0"}}},{"from":[6.775,14.05901,20.22113],"to":[7.375,15.05901,20.72113],"rotation":{"angle":45,"axis":"x","origin":[8,10.3683,8.075]},"faces":{"north":{"uv":[5.5,3.75,5.25,3.9],"rotation":90,"texture":"#0"},"east":{"uv":[5.25,4,5.5,4.125],"rotation":270,"texture":"#0"},"south":{"uv":[5.5,3.75,5.25,3.9],"rotation":90,"texture":"#0"},"west":{"uv":[5.25,4,5.5,4.125],"rotation":270,"texture":"#0"},"up":{"uv":[5.4,4.125,5.25,4.25],"rotation":180,"texture":"#0"},"down":{"uv":[5.4,4.125,5.25,4.25],"texture":"#0"}}},{"from":[6.675,3.48683,18.14405],"to":[7.475,4.48683,19.64405],"rotation":{"angle":0,"axis":"y","origin":[8,10.3683,8.075]},"faces":{"north":{"uv":[5,4.25,5.2,4],"texture":"#0"},"east":{"uv":[4.625,4,5,4.25],"rotation":180,"texture":"#0"},"south":{"uv":[5,4.25,5.2,4],"texture":"#0"},"west":{"uv":[4.625,4.25,5,4],"texture":"#0"},"up":{"uv":[4.875,3.95,5.25,3.75],"rotation":90,"texture":"#0"},"down":{"uv":[4.875,3.95,5.25,3.75],"rotation":270,"texture":"#0"}}},{"from":[6.575,7.49897,18.1065],"to":[7.575,8.99897,20.1065],"rotation":{"angle":22.5,"axis":"x","origin":[8,10.3683,8.075]},"faces":{"north":{"uv":[4.625,4,4.875,3.625],"texture":"#0"},"east":{"uv":[4.125,3.625,4.625,4],"rotation":180,"texture":"#0"},"south":{"uv":[4.625,4,4.875,3.625],"texture":"#0"},"west":{"uv":[4.125,4,4.625,3.625],"texture":"#0"},"up":{"uv":[4.125,4.25,4.625,4],"rotation":90,"texture":"#0"},"down":{"uv":[4.125,4.25,4.625,4],"rotation":270,"texture":"#0"}}},{"from":[6.425,11.5293,14.60785],"to":[7.725,13.0293,18.60785],"rotation":{"angle":45,"axis":"x","origin":[8,10.3683,8.075]},"faces":{"north":{"uv":[10,3.25,9.625,3.625],"texture":"#0"},"east":{"uv":[8.625,3.25,7.625,3.625],"texture":"#0"},"south":{"uv":[9.95,3.25,9.625,3.625],"texture":"#0"},"west":{"uv":[8.625,3.25,7.625,3.625],"texture":"#0"},"up":{"uv":[8.625,3.575,9.625,3.25],"rotation":90,"texture":"#0"},"down":{"uv":[8.625,3.575,9.625,3.25],"rotation":270,"texture":"#0"}}},{"from":[6.325,4.63723,11.85091],"to":[7.825,8.63723,13.35091],"rotation":{"angle":-22.5,"axis":"x","origin":[8,10.3683,8.075]},"faces":{"north":{"uv":[8.625,3.625,9.625,3.25],"rotation":90,"texture":"#0"},"east":{"uv":[8.625,3.25,7.625,3.625],"rotation":270,"texture":"#0"},"south":{"uv":[8.625,3.625,9.625,3.25],"rotation":90,"texture":"#0"},"west":{"uv":[8.625,3.25,7.625,3.625],"rotation":90,"texture":"#0"},"up":{"uv":[10,3.25,9.625,3.625],"rotation":180,"texture":"#0"},"down":{"uv":[10,3.25,9.625,3.625],"texture":"#0"}}},{"from":[6.775,25.28985,22.00714],"to":[7.375,25.78985,23.00714],"rotation":{"angle":22.5,"axis":"x","origin":[8,10.3683,8.075]},"faces":{"north":{"uv":[5.4,4.125,5.25,4.25],"texture":"#0"},"east":{"uv":[5.25,4,5.5,4.125],"texture":"#0"},"south":{"uv":[5.4,4.125,5.25,4.25],"texture":"#0"},"west":{"uv":[5.5,4,5.25,4.125],"texture":"#0"},"up":{"uv":[5.5,3.75,5.25,3.9],"rotation":90,"texture":"#0"},"down":{"uv":[5.5,3.75,5.25,3.9],"rotation":270,"texture":"#0"}}},{"from":[6.575,23.18985,23.30714],"to":[7.575,25.18985,24.80714],"rotation":{"angle":22.5,"axis":"x","origin":[8,10.3683,8.075]},"faces":{"north":{"uv":[4.125,4.25,4.625,4],"rotation":270,"texture":"#0"},"east":{"uv":[4.125,3.625,4.625,4],"rotation":270,"texture":"#0"},"south":{"uv":[4.125,4.25,4.625,4],"rotation":270,"texture":"#0"},"west":{"uv":[4.125,4,4.625,3.625],"rotation":270,"texture":"#0"},"up":{"uv":[4.625,4,4.875,3.625],"texture":"#0"},"down":{"uv":[4.625,4,4.875,3.625],"rotation":180,"texture":"#0"}}},{"from":[6.675,9.23152,29.08733],"to":[7.475,10.73152,30.08733],"rotation":{"angle":-22.5,"axis":"x","origin":[8,10.3683,8.075]},"faces":{"north":{"uv":[4.875,3.95,5.25,3.75],"rotation":270,"texture":"#0"},"east":{"uv":[4.625,4,5,4.25],"rotation":270,"texture":"#0"},"south":{"uv":[4.875,3.95,5.25,3.75],"rotation":270,"texture":"#0"},"west":{"uv":[4.625,4.25,5,4],"rotation":270,"texture":"#0"},"up":{"uv":[5,4.25,5.2,4],"texture":"#0"},"down":{"uv":[5,4.25,5.2,4],"rotation":180,"texture":"#0"}}},{"from":[6.525,7.42575,25.00792],"to":[7.625,8.92575,29.00792],"rotation":{"angle":-22.5,"axis":"x","origin":[8,10.3683,8.075]},"faces":{"north":{"uv":[10,3.25,9.625,3.625],"texture":"#0"},"east":{"uv":[8.625,3.25,7.625,3.625],"texture":"#0"},"south":{"uv":[9.9,3.25,9.625,3.625],"texture":"#0"},"west":{"uv":[8.625,3.25,7.625,3.625],"texture":"#0"},"up":{"uv":[8.625,3.525,9.625,3.25],"rotation":90,"texture":"#0"},"down":{"uv":[8.625,3.525,9.625,3.25],"rotation":270,"texture":"#0"}}},{"from":[6.425,14.10305,20.89351],"to":[7.725,15.60305,24.89351],"rotation":{"angle":0,"axis":"y","origin":[8,10.3683,8.075]},"faces":{"north":{"uv":[10,3.25,9.625,3.625],"texture":"#0"},"east":{"uv":[8.625,3.25,7.625,3.625],"texture":"#0"},"south":{"uv":[9.95,3.25,9.625,3.625],"texture":"#0"},"west":{"uv":[8.625,3.25,7.625,3.625],"texture":"#0"},"up":{"uv":[8.625,3.575,9.625,3.25],"rotation":90,"texture":"#0"},"down":{"uv":[8.625,3.575,9.625,3.25],"rotation":270,"texture":"#0"}}},{"from":[6.325,18.92747,14.62833],"to":[7.825,20.42747,18.62833],"rotation":{"angle":22.5,"axis":"x","origin":[8,10.3683,8.075]},"faces":{"north":{"uv":[10,3.25,9.625,3.625],"texture":"#0"},"east":{"uv":[8.625,3.25,7.625,3.625],"texture":"#0"},"south":{"uv":[10,3.25,9.625,3.625],"texture":"#0"},"west":{"uv":[8.625,3.25,7.625,3.625],"texture":"#0"},"up":{"uv":[8.625,3.625,9.625,3.25],"rotation":90,"texture":"#0"},"down":{"uv":[8.625,3.625,9.625,3.25],"rotation":270,"texture":"#0"}}},{"from":[6.425,11.01185,21.84155],"to":[7.725,12.51185,22.84155],"rotation":{"angle":-45,"axis":"x","origin":[8,10.3683,8.075]},"faces":{"north":{"uv":[5.075,2.125,4.75,2.5],"rotation":180,"texture":"#0"},"east":{"uv":[2.375,2,2.125,2.375],"texture":"#0"},"south":{"uv":[4.7,2.125,4.375,2.5],"rotation":180,"texture":"#0"},"west":{"uv":[2.125,2,2.375,2.375],"texture":"#0"},"up":{"uv":[4.625,2.5,4.375,2.825],"rotation":270,"texture":"#0"},"down":{"uv":[4.625,2.5,4.375,2.825],"rotation":90,"texture":"#0"}}},{"from":[6.625,21.50806,15.94361],"to":[7.525,22.20806,17.14361],"rotation":{"angle":0,"axis":"y","origin":[8,10.3683,8.075]},"faces":{"north":{"uv":[5.375,1.975,5.55,1.75],"rotation":270,"texture":"#0"},"east":{"uv":[5.375,1.675,5.55,1.375],"rotation":270,"texture":"#0"},"south":{"uv":[5.375,1.975,5.55,1.75],"rotation":270,"texture":"#0"},"west":{"uv":[5.375,1.375,5.55,1.675],"rotation":270,"texture":"#0"},"up":{"uv":[5.625,1.675,5.85,1.375],"texture":"#0"},"down":{"uv":[5.625,2.05,5.85,1.75],"rotation":180,"texture":"#0"}}},{"from":[6.725,23.18125,10.86498],"to":[7.425,24.18125,11.36498],"rotation":{"angle":22.5,"axis":"x","origin":[8,10.3683,8.075]},"faces":{"north":{"uv":[5.375,2.3,5.625,2.125],"rotation":270,"texture":"#0"},"east":{"uv":[5.375,2.125,5.625,2],"rotation":270,"texture":"#0"},"south":{"uv":[5.375,2.3,5.625,2.125],"rotation":270,"texture":"#0"},"west":{"uv":[5.375,2.125,5.625,2],"rotation":270,"texture":"#0"},"up":{"uv":[5.125,2.25,5.3,2.125],"texture":"#0"},"down":{"uv":[5.125,2.25,5.3,2.125],"rotation":180,"texture":"#0"}}},{"from":[6.025,7.16143,12.42549],"to":[8.125,9.66143,15.42549],"rotation":{"angle":-45,"axis":"x","origin":[8,10.3683,8.075]},"faces":{"north":{"uv":[3.275,2.5,2.75,3.125],"rotation":180,"texture":"#0"},"east":{"uv":[4.375,1.375,3.625,2],"texture":"#0"},"south":{"uv":[3.275,2.5,2.75,3.125],"rotation":180,"texture":"#0"},"west":{"uv":[4.375,1.375,3.625,2],"rotation":180,"texture":"#0"},"up":{"uv":[4.375,2.525,3.625,3.05],"rotation":270,"texture":"#0"},"down":{"uv":[4.375,2,3.625,2.525],"rotation":90,"texture":"#0"}}},{"from":[5.925,15.7704,11.41474],"to":[8.225,18.7704,14.41474],"rotation":{"angle":22.5,"axis":"x","origin":[8,10.3683,8.075]},"faces":{"north":{"uv":[5.875,0.575,6.625,0],"rotation":270,"texture":"#0"},"east":{"uv":[3.75,0.75,4.5,0],"rotation":90,"texture":"#0"},"south":{"uv":[3.75,1.325,4.5,0.75],"rotation":270,"texture":"#0"},"west":{"uv":[4.5,0,3.75,0.75],"rotation":270,"texture":"#0"},"up":{"uv":[4.5,0.75,5.075,0],"texture":"#0"},"down":{"uv":[4.5,0.75,5.075,0],"rotation":180,"texture":"#0"}}},{"from":[6.025,11.33063,16.45329],"to":[8.125,13.83063,19.45329],"rotation":{"angle":-22.5,"axis":"x","origin":[8,10.3683,8.075]},"faces":{"north":{"uv":[3.275,2.5,2.75,3.125],"rotation":180,"texture":"#0"},"east":{"uv":[4.375,1.375,3.625,2],"texture":"#0"},"south":{"uv":[3.275,2.5,2.75,3.125],"rotation":180,"texture":"#0"},"west":{"uv":[4.375,1.375,3.625,2],"rotation":180,"texture":"#0"},"up":{"uv":[4.375,2.525,3.625,3.05],"rotation":270,"texture":"#0"},"down":{"uv":[4.375,2,3.625,2.525],"rotation":90,"texture":"#0"}}},{"from":[6.125,20.99373,9.12191],"to":[8.025,23.99373,11.12191],"rotation":{"angle":45,"axis":"x","origin":[8,10.3683,8.075]},"faces":{"north":{"uv":[5.875,0.5,5.125,0.975],"rotation":90,"texture":"#0"},"east":{"uv":[5.875,0,5.125,0.5],"rotation":90,"texture":"#0"},"south":{"uv":[5.875,0.5,5.125,0.975],"rotation":90,"texture":"#0"},"west":{"uv":[5.125,0,5.875,0.5],"rotation":270,"texture":"#0"},"up":{"uv":[2.475,1.5,2,2],"rotation":180,"texture":"#0"},"down":{"uv":[2.475,1.5,2,2],"texture":"#0"}}},{"from":[6.325,13.12595,20.15105],"to":[7.825,16.62595,21.65105],"rotation":{"angle":-22.5,"axis":"x","origin":[8,10.3683,8.075]},"faces":{"north":{"uv":[5.375,1.75,4.5,2.125],"rotation":90,"texture":"#0"},"east":{"uv":[5.375,1,4.5,1.375],"rotation":90,"texture":"#0"},"south":{"uv":[5.375,1.375,4.5,1.75],"rotation":90,"texture":"#0"},"west":{"uv":[4.5,1,5.375,1.375],"rotation":270,"texture":"#0"},"up":{"uv":[5.75,1,5.375,1.375],"rotation":180,"texture":"#0"},"down":{"uv":[5.75,1,5.375,1.375],"texture":"#0"}}},{"from":[6.425,15.42595,19.05105],"to":[7.725,16.42595,20.55105],"rotation":{"angle":-22.5,"axis":"x","origin":[8,10.3683,8.075]},"faces":{"north":{"uv":[4.625,2.5,4.375,2.825],"rotation":90,"texture":"#0"},"east":{"uv":[2.375,2,2.125,2.375],"rotation":90,"texture":"#0"},"south":{"uv":[4.625,2.5,4.375,2.825],"rotation":90,"texture":"#0"},"west":{"uv":[2.125,2,2.375,2.375],"rotation":270,"texture":"#0"},"up":{"uv":[4.7,2.125,4.375,2.5],"rotation":180,"texture":"#0"},"down":{"uv":[5.075,2.125,4.75,2.5],"texture":"#0"}}},{"from":[6.625,21.35574,11.67032],"to":[7.525,22.55574,12.37032],"rotation":{"angle":22.5,"axis":"x","origin":[8,10.3683,8.075]},"faces":{"north":{"uv":[5.625,1.675,5.85,1.375],"rotation":180,"texture":"#0"},"east":{"uv":[5.375,1.675,5.55,1.375],"texture":"#0"},"south":{"uv":[5.625,2.05,5.85,1.75],"rotation":180,"texture":"#0"},"west":{"uv":[5.375,1.375,5.55,1.675],"rotation":180,"texture":"#0"},"up":{"uv":[5.375,1.975,5.55,1.75],"rotation":270,"texture":"#0"},"down":{"uv":[5.375,1.975,5.55,1.75],"rotation":90,"texture":"#0"}}},{"from":[6.725,10.11462,19.65315],"to":[7.425,11.11462,20.15315],"rotation":{"angle":-45,"axis":"x","origin":[8,10.3683,8.075]},"faces":{"north":{"uv":[5.375,2.3,5.625,2.125],"rotation":270,"texture":"#0"},"east":{"uv":[5.375,2.125,5.625,2],"rotation":270,"texture":"#0"},"south":{"uv":[5.375,2.3,5.625,2.125],"rotation":270,"texture":"#0"},"west":{"uv":[5.375,2.125,5.625,2],"rotation":270,"texture":"#0"},"up":{"uv":[5.125,2.25,5.3,2.125],"texture":"#0"},"down":{"uv":[5.125,2.25,5.3,2.125],"rotation":180,"texture":"#0"}}},{"from":[6.775,14.32126,13.5763],"to":[7.375,14.82126,14.5763],"rotation":{"angle":-22.5,"axis":"x","origin":[8,10.3683,8.075]},"faces":{"north":{"uv":[5.4,4.125,5.25,4.25],"texture":"#0"},"east":{"uv":[5.25,4,5.5,4.125],"texture":"#0"},"south":{"uv":[5.4,4.125,5.25,4.25],"texture":"#0"},"west":{"uv":[5.5,4,5.25,4.125],"texture":"#0"},"up":{"uv":[5.5,3.75,5.25,3.9],"rotation":90,"texture":"#0"},"down":{"uv":[5.5,3.75,5.25,3.9],"rotation":270,"texture":"#0"}}},{"from":[6.575,12.22126,14.8763],"to":[7.575,14.22126,16.3763],"rotation":{"angle":-22.5,"axis":"x","origin":[8,10.3683,8.075]},"faces":{"north":{"uv":[4.125,4.25,4.625,4],"rotation":270,"texture":"#0"},"east":{"uv":[4.125,3.625,4.625,4],"rotation":270,"texture":"#0"},"south":{"uv":[4.125,4.25,4.625,4],"rotation":270,"texture":"#0"},"west":{"uv":[4.125,4,4.625,3.625],"rotation":270,"texture":"#0"},"up":{"uv":[4.625,4,4.875,3.625],"texture":"#0"},"down":{"uv":[4.625,4,4.875,3.625],"rotation":180,"texture":"#0"}}},{"from":[6.675,17.66317,9.50623],"to":[7.475,18.66317,11.00623],"rotation":{"angle":22.5,"axis":"x","origin":[8,10.3683,8.075]},"faces":{"north":{"uv":[5,4.25,5.2,4],"rotation":180,"texture":"#0"},"east":{"uv":[4.625,4,5,4.25],"texture":"#0"},"south":{"uv":[5,4.25,5.2,4],"rotation":180,"texture":"#0"},"west":{"uv":[4.625,4.25,5,4],"rotation":180,"texture":"#0"},"up":{"uv":[4.875,3.95,5.25,3.75],"rotation":270,"texture":"#0"},"down":{"uv":[4.875,3.95,5.25,3.75],"rotation":90,"texture":"#0"}}},{"from":[6.725,16.22589,13.38801],"to":[7.425,17.22589,13.88801],"rotation":{"angle":45,"axis":"x","origin":[8,10.3683,8.075]},"faces":{"north":{"uv":[5.375,2.3,5.625,2.125],"rotation":270,"texture":"#0"},"east":{"uv":[5.375,2.125,5.625,2],"rotation":270,"texture":"#0"},"south":{"uv":[5.375,2.3,5.625,2.125],"rotation":270,"texture":"#0"},"west":{"uv":[5.375,2.125,5.625,2],"rotation":270,"texture":"#0"},"up":{"uv":[5.125,2.25,5.3,2.125],"texture":"#0"},"down":{"uv":[5.125,2.25,5.3,2.125],"rotation":180,"texture":"#0"}}},{"from":[6.625,14.11662,15.61289],"to":[7.525,14.81662,16.81289],"rotation":{"angle":22.5,"axis":"x","origin":[8,10.3683,8.075]},"faces":{"north":{"uv":[5.375,1.975,5.55,1.75],"rotation":270,"texture":"#0"},"east":{"uv":[5.375,1.675,5.55,1.375],"rotation":270,"texture":"#0"},"south":{"uv":[5.375,1.975,5.55,1.75],"rotation":270,"texture":"#0"},"west":{"uv":[5.375,1.375,5.55,1.675],"rotation":270,"texture":"#0"},"up":{"uv":[5.625,1.675,5.85,1.375],"texture":"#0"},"down":{"uv":[5.625,2.05,5.85,1.75],"rotation":180,"texture":"#0"}}},{"from":[6.425,5.91093,16.4894],"to":[7.725,7.41093,17.4894],"rotation":{"angle":-22.5,"axis":"x","origin":[8,10.3683,8.075]},"faces":{"north":{"uv":[5.075,2.125,4.75,2.5],"rotation":180,"texture":"#0"},"east":{"uv":[2.375,2,2.125,2.375],"texture":"#0"},"south":{"uv":[4.7,2.125,4.375,2.5],"rotation":180,"texture":"#0"},"west":{"uv":[2.125,2,2.375,2.375],"texture":"#0"},"up":{"uv":[4.625,2.5,4.375,2.825],"rotation":270,"texture":"#0"},"down":{"uv":[4.625,2.5,4.375,2.825],"rotation":90,"texture":"#0"}}},{"from":[6.325,4.81093,14.1894],"to":[7.825,6.31093,17.6894],"rotation":{"angle":-22.5,"axis":"x","origin":[8,10.3683,8.075]},"faces":{"north":{"uv":[5.75,1,5.375,1.375],"rotation":180,"texture":"#0"},"east":{"uv":[5.375,1,4.5,1.375],"texture":"#0"},"south":{"uv":[5.75,1,5.375,1.375],"rotation":180,"texture":"#0"},"west":{"uv":[4.5,1,5.375,1.375],"texture":"#0"},"up":{"uv":[5.375,1.75,4.5,2.125],"rotation":270,"texture":"#0"},"down":{"uv":[5.375,1.375,4.5,1.75],"rotation":90,"texture":"#0"}}},{"from":[6.125,10.61928,13.43307],"to":[8.025,12.61928,16.43307],"rotation":{"angle":22.5,"axis":"x","origin":[8,10.3683,8.075]},"faces":{"north":{"uv":[2.475,1.5,2,2],"rotation":180,"texture":"#0"},"east":{"uv":[5.875,0,5.125,0.5],"texture":"#0"},"south":{"uv":[2.475,1.5,2,2],"rotation":180,"texture":"#0"},"west":{"uv":[5.125,0,5.875,0.5],"texture":"#0"},"up":{"uv":[5.875,0.5,5.125,0.975],"rotation":270,"texture":"#0"},"down":{"uv":[5.875,0.5,5.125,0.975],"rotation":90,"texture":"#0"}}},{"from":[6.025,6.62308,11.98241],"to":[8.125,9.62308,14.48241],"rotation":{"angle":-22.5,"axis":"x","origin":[8,10.3683,8.075]},"faces":{"north":{"uv":[4.375,2,3.625,2.525],"rotation":270,"texture":"#0"},"east":{"uv":[4.375,1.375,3.625,2],"rotation":270,"texture":"#0"},"south":{"uv":[4.375,2.525,3.625,3.05],"rotation":270,"texture":"#0"},"west":{"uv":[4.375,1.375,3.625,2],"rotation":270,"texture":"#0"},"up":{"uv":[3.275,2.5,2.75,3.125],"texture":"#0"},"down":{"uv":[3.275,2.5,2.75,3.125],"rotation":180,"texture":"#0"}}},{"from":[5.925,11.3845,10.2096],"to":[8.225,14.3845,13.2096],"rotation":{"angle":22.5,"axis":"x","origin":[8,10.3683,8.075]},"faces":{"north":{"uv":[4.5,0.75,5.075,0],"texture":"#0"},"east":{"uv":[3.75,0.75,4.5,0],"texture":"#0"},"south":{"uv":[4.5,0.75,5.075,0],"texture":"#0"},"west":{"uv":[4.5,0,3.75,0.75],"texture":"#0"},"up":{"uv":[5.875,0.575,6.625,0],"rotation":90,"texture":"#0"},"down":{"uv":[3.75,1.325,4.5,0.75],"rotation":270,"texture":"#0"}}},{"from":[5.825,8.46905,8.52124],"to":[8.325,11.96905,12.52124],"rotation":{"angle":-22.5,"axis":"x","origin":[8,10.3683,8.075]},"faces":{"north":{"uv":[2.125,2.5,2.75,3.375],"texture":"#0"},"east":{"uv":[2.625,1,3.625,1.875],"texture":"#0"},"south":{"uv":[2.125,2.5,2.75,3.375],"texture":"#0"},"west":{"uv":[3.625,1.875,2.625,1],"texture":"#0"},"up":{"uv":[2.625,1.875,3.625,2.5],"rotation":90,"texture":"#0"},"down":{"uv":[2.625,1.875,3.625,2.5],"rotation":270,"texture":"#0"}}},{"from":[7.275,10.78744,6.58292],"to":[7.275,12.28744,22.58292],"rotation":{"angle":22.5,"axis":"x","origin":[8,10.3683,8.075]},"faces":{"east":{"uv":[5.75,12,6.125,16],"rotation":90,"texture":"#0"},"west":{"uv":[5.75,12,6.125,16],"rotation":90,"texture":"#0"}}},{"from":[7.175,-1.90842,-6.96744],"to":[7.175,6.09158,3.03256],"rotation":{"angle":-22.5,"axis":"x","origin":[8,10.3683,8.075]},"faces":{"east":{"uv":[8,0,0,10],"rotation":270,"texture":"#2"},"west":{"uv":[0,0,8,10],"rotation":90,"texture":"#2"}}},{"from":[6.875,-14.72055,-12.06407],"to":[6.875,-6.72055,-2.06407],"rotation":{"angle":45,"axis":"x","origin":[8,10.3683,8.075]},"faces":{"east":{"uv":[0,10,8,0],"rotation":90,"texture":"#2"},"west":{"uv":[8,10,0,0],"rotation":270,"texture":"#2"}}},{"from":[7.375,-6.79672,-8.51239],"to":[7.375,1.20328,1.48761],"rotation":{"angle":22.5,"axis":"x","origin":[8,10.3683,8.075]},"faces":{"east":{"uv":[8,10,0,0],"rotation":270,"texture":"#2"},"west":{"uv":[0,10,8,0],"rotation":90,"texture":"#2"}}},{"from":[6.675,-14.72055,-12.06407],"to":[6.675,-6.72055,-2.06407],"rotation":{"angle":45,"axis":"x","origin":[8,10.3683,8.075]},"faces":{"east":{"uv":[8,0,0,10],"rotation":270,"texture":"#2"},"west":{"uv":[0,0,8,10],"rotation":90,"texture":"#2"}}},{"from":[6.675,-6.79672,-8.51239],"to":[6.675,1.20328,1.48761],"rotation":{"angle":22.5,"axis":"x","origin":[8,10.3683,8.075]},"faces":{"east":{"uv":[0,0,8,10],"rotation":90,"texture":"#2"},"west":{"uv":[8,0,0,10],"rotation":270,"texture":"#2"}}},{"from":[7.375,-1.90842,-6.96744],"to":[7.375,6.09158,3.03256],"rotation":{"angle":-22.5,"axis":"x","origin":[8,10.3683,8.075]},"faces":{"east":{"uv":[0,10,8,0],"rotation":90,"texture":"#2"},"west":{"uv":[8,10,0,0],"rotation":270,"texture":"#2"}}},{"from":[7.375,-1.90842,13.11744],"to":[7.375,6.09158,23.11744],"rotation":{"angle":22.5,"axis":"x","origin":[8,10.3683,8.075]},"faces":{"east":{"uv":[0,0,8,10],"rotation":90,"texture":"#2"},"west":{"uv":[8,0,0,10],"rotation":270,"texture":"#2"}}},{"from":[7.375,-6.79672,14.66239],"to":[7.375,1.20328,24.66239],"rotation":{"angle":-22.5,"axis":"x","origin":[8,10.3683,8.075]},"faces":{"east":{"uv":[8,0,0,10],"rotation":270,"texture":"#2"},"west":{"uv":[0,0,8,10],"rotation":90,"texture":"#2"}}},{"from":[6.875,-14.72055,18.21407],"to":[6.875,-6.72055,28.21407],"rotation":{"angle":-45,"axis":"x","origin":[8,10.3683,8.075]},"faces":{"east":{"uv":[0,0,8,10],"rotation":90,"texture":"#2"},"west":{"uv":[8,0,0,10],"rotation":270,"texture":"#2"}}},{"from":[6.675,-14.72055,18.21407],"to":[6.675,-6.72055,28.21407],"rotation":{"angle":-45,"axis":"x","origin":[8,10.3683,8.075]},"faces":{"east":{"uv":[8,10,0,0],"rotation":270,"texture":"#2"},"west":{"uv":[0,10,8,0],"rotation":90,"texture":"#2"}}},{"from":[6.675,-6.79672,14.66239],"to":[6.675,1.20328,24.66239],"rotation":{"angle":-22.5,"axis":"x","origin":[8,10.3683,8.075]},"faces":{"east":{"uv":[0,10,8,0],"rotation":90,"texture":"#2"},"west":{"uv":[8,10,0,0],"rotation":270,"texture":"#2"}}},{"from":[7.175,-1.90842,13.11744],"to":[7.175,6.09158,23.11744],"rotation":{"angle":22.5,"axis":"x","origin":[8,10.3683,8.075]},"faces":{"east":{"uv":[8,10,0,0],"rotation":270,"texture":"#2"},"west":{"uv":[0,10,8,0],"rotation":90,"texture":"#2"}}},{"from":[6.775,3.7348,10.13967],"to":[7.375,4.7348,10.63967],"rotation":{"angle":0,"axis":"y","origin":[8,10.3683,8.075]},"faces":{"north":{"uv":[5.25,3.75,5.5,3.9],"rotation":90,"texture":"#0"},"east":{"uv":[5.5,4,5.25,4.125],"rotation":270,"texture":"#0"},"south":{"uv":[5.25,3.75,5.5,3.9],"rotation":90,"texture":"#0"},"west":{"uv":[5.25,4,5.5,4.125],"rotation":90,"texture":"#0"},"up":{"uv":[5.25,4.125,5.4,4.25],"rotation":180,"texture":"#0"},"down":{"uv":[5.25,4.125,5.4,4.25],"texture":"#0"}}},{"from":[6.675,7.74735,12.38914],"to":[7.475,8.74735,13.88914],"rotation":{"angle":45,"axis":"x","origin":[8,10.3683,8.075]},"faces":{"north":{"uv":[5,4,5.2,4.25],"texture":"#0"},"east":{"uv":[4.625,4.25,5,4],"rotation":180,"texture":"#0"},"south":{"uv":[5,4,5.2,4.25],"texture":"#0"},"west":{"uv":[4.625,4,5,4.25],"texture":"#0"},"up":{"uv":[4.875,3.75,5.25,3.95],"rotation":90,"texture":"#0"},"down":{"uv":[4.875,3.75,5.25,3.95],"rotation":270,"texture":"#0"}}},{"from":[6.575,5.0348,8.03967],"to":[7.575,6.5348,10.03967],"rotation":{"angle":0,"axis":"y","origin":[8,10.3683,8.075]},"faces":{"north":{"uv":[4.625,3.625,4.875,4],"texture":"#0"},"east":{"uv":[4.125,4,4.625,3.625],"rotation":180,"texture":"#0"},"south":{"uv":[4.625,3.625,4.875,4],"texture":"#0"},"west":{"uv":[4.125,3.625,4.625,4],"texture":"#0"},"up":{"uv":[4.125,4,4.625,4.25],"rotation":90,"texture":"#0"},"down":{"uv":[4.125,4,4.625,4.25],"rotation":270,"texture":"#0"}}},{"from":[6.575,7.91513,11.021],"to":[7.575,9.41513,13.021],"rotation":{"angle":22.5,"axis":"x","origin":[8,10.3683,8.075]},"faces":{"north":{"uv":[4.625,3.625,4.875,4],"texture":"#0"},"east":{"uv":[4.125,4,4.625,3.625],"rotation":180,"texture":"#0"},"south":{"uv":[4.625,3.625,4.875,4],"texture":"#0"},"west":{"uv":[4.125,3.625,4.625,4],"texture":"#0"},"up":{"uv":[4.125,4,4.625,4.25],"rotation":90,"texture":"#0"},"down":{"uv":[4.125,4,4.625,4.25],"rotation":270,"texture":"#0"}}},{"from":[6.675,4.48275,9.59886],"to":[7.475,5.98275,10.59886],"rotation":{"angle":-22.5,"axis":"x","origin":[8,10.3683,8.075]},"faces":{"north":{"uv":[4.875,3.75,5.25,3.95],"rotation":90,"texture":"#0"},"east":{"uv":[4.625,4.25,5,4],"rotation":90,"texture":"#0"},"south":{"uv":[4.875,3.75,5.25,3.95],"rotation":90,"texture":"#0"},"west":{"uv":[4.625,4,5,4.25],"rotation":90,"texture":"#0"},"up":{"uv":[5,4,5.2,4.25],"rotation":180,"texture":"#0"},"down":{"uv":[5,4,5.2,4.25],"texture":"#0"}}},{"from":[6.775,6.61513,13.121],"to":[7.375,7.61513,13.621],"rotation":{"angle":22.5,"axis":"x","origin":[8,10.3683,8.075]},"faces":{"north":{"uv":[5.25,3.75,5.5,3.9],"rotation":90,"texture":"#0"},"east":{"uv":[5.5,4,5.25,4.125],"rotation":270,"texture":"#0"},"south":{"uv":[5.25,3.75,5.5,3.9],"rotation":90,"texture":"#0"},"west":{"uv":[5.25,4,5.5,4.125],"rotation":90,"texture":"#0"},"up":{"uv":[5.25,4.125,5.4,4.25],"rotation":180,"texture":"#0"},"down":{"uv":[5.25,4.125,5.4,4.25],"texture":"#0"}}},{"from":[6.575,7.91513,3.129],"to":[7.575,9.41513,5.129],"rotation":{"angle":-22.5,"axis":"x","origin":[8,10.3683,8.075]},"faces":{"north":{"uv":[4.875,3.625,4.625,4],"texture":"#0"},"east":{"uv":[4.625,4,4.125,3.625],"rotation":180,"texture":"#0"},"south":{"uv":[4.875,3.625,4.625,4],"texture":"#0"},"west":{"uv":[4.625,3.625,4.125,4],"texture":"#0"},"up":{"uv":[4.625,4,4.125,4.25],"rotation":90,"texture":"#0"},"down":{"uv":[4.625,4,4.125,4.25],"rotation":270,"texture":"#0"}}},{"from":[6.675,4.48275,5.55114],"to":[7.475,5.98275,6.55114],"rotation":{"angle":22.5,"axis":"x","origin":[8,10.3683,8.075]},"faces":{"north":{"uv":[4.875,3.95,5.25,3.75],"rotation":90,"texture":"#0"},"east":{"uv":[4.625,4,5,4.25],"rotation":90,"texture":"#0"},"south":{"uv":[4.875,3.95,5.25,3.75],"rotation":90,"texture":"#0"},"west":{"uv":[4.625,4.25,5,4],"rotation":90,"texture":"#0"},"up":{"uv":[5,4.25,5.2,4],"rotation":180,"texture":"#0"},"down":{"uv":[5,4.25,5.2,4],"texture":"#0"}}},{"from":[6.775,6.61513,2.529],"to":[7.375,7.61513,3.029],"rotation":{"angle":-22.5,"axis":"x","origin":[8,10.3683,8.075]},"faces":{"north":{"uv":[5.25,3.9,5.5,3.75],"rotation":90,"texture":"#0"},"east":{"uv":[5.5,4.125,5.25,4],"rotation":270,"texture":"#0"},"south":{"uv":[5.25,3.9,5.5,3.75],"rotation":90,"texture":"#0"},"west":{"uv":[5.25,4.125,5.5,4],"rotation":90,"texture":"#0"},"up":{"uv":[5.25,4.25,5.4,4.125],"rotation":180,"texture":"#0"},"down":{"uv":[5.25,4.25,5.4,4.125],"texture":"#0"}}},{"from":[6.575,5.0348,6.11033],"to":[7.575,6.5348,8.11033],"rotation":{"angle":0,"axis":"y","origin":[8,10.3683,8.075]},"faces":{"north":{"uv":[4.875,3.625,4.625,4],"texture":"#0"},"east":{"uv":[4.625,4,4.125,3.625],"rotation":180,"texture":"#0"},"south":{"uv":[4.875,3.625,4.625,4],"texture":"#0"},"west":{"uv":[4.625,3.625,4.125,4],"texture":"#0"},"up":{"uv":[4.625,4,4.125,4.25],"rotation":90,"texture":"#0"},"down":{"uv":[4.625,4,4.125,4.25],"rotation":270,"texture":"#0"}}},{"from":[6.675,7.74735,2.26086],"to":[7.475,8.74735,3.76086],"rotation":{"angle":-45,"axis":"x","origin":[8,10.3683,8.075]},"faces":{"north":{"uv":[5.2,4,5,4.25],"texture":"#0"},"east":{"uv":[5,4.25,4.625,4],"rotation":180,"texture":"#0"},"south":{"uv":[5.2,4,5,4.25],"texture":"#0"},"west":{"uv":[5,4,4.625,4.25],"texture":"#0"},"up":{"uv":[5.25,3.75,4.875,3.95],"rotation":90,"texture":"#0"},"down":{"uv":[5.25,3.75,4.875,3.95],"rotation":270,"texture":"#0"}}},{"from":[6.775,3.7348,5.51033],"to":[7.375,4.7348,6.01033],"rotation":{"angle":0,"axis":"y","origin":[8,10.3683,8.075]},"faces":{"north":{"uv":[5.25,3.9,5.5,3.75],"rotation":90,"texture":"#0"},"east":{"uv":[5.5,4.125,5.25,4],"rotation":270,"texture":"#0"},"south":{"uv":[5.25,3.9,5.5,3.75],"rotation":90,"texture":"#0"},"west":{"uv":[5.25,4.125,5.5,4],"rotation":90,"texture":"#0"},"up":{"uv":[5.25,4.25,5.4,4.125],"rotation":180,"texture":"#0"},"down":{"uv":[5.25,4.25,5.4,4.125],"texture":"#0"}}},{"from":[5.825,5.71879,3.42549],"to":[8.325,7.71879,5.42549],"rotation":{"angle":-45,"axis":"x","origin":[8,10.3683,8.075]},"faces":{"north":{"uv":[2,1.5,2.625,1],"texture":"#0"},"east":{"uv":[1.625,2.25,2.125,2.75],"texture":"#0"},"south":{"uv":[2,1,2.625,1.5],"texture":"#0"},"west":{"uv":[2.125,2.25,1.625,2.75],"texture":"#0"},"up":{"uv":[1.625,2.75,2.125,3.375],"rotation":90,"texture":"#0"},"down":{"uv":[2.125,2.75,1.625,3.375],"rotation":270,"texture":"#0"}}}],"gui_light":"front","display":{"thirdperson_righthand":{"rotation":[67.5,-90,0],"translation":[0,0.25,0.25],"scale":[0.28125,0.28125,0.28125]},"thirdperson_lefthand":{"rotation":[67.5,90,0],"translation":[-6,-6.5,9]},"firstperson_righthand":{"rotation":[-180,90,-180],"translation":[1.75,3.25,1],"scale":[0.36563,0.36563,0.36563]},"firstperson_lefthand":{"translation":[0.5,4.5,0],"scale":[0,0,0]},"ground":{"translation":[0,13.25,0],"scale":[0.8793,0.8793,0.8793]},"gui":{"rotation":[0,90,0],"translation":[0,0.25,-0.25],"scale":[0.26133,0.26133,0.26133]},"head":{"rotation":[-180,0,0],"translation":[0,11,1.75],"scale":[0,0,0]},"fixed":{"rotation":[90,90,-90],"translation":[0,-0.25,-3],"scale":[1.64063,1.64063,1.64453]}},"groups":[{"name":"group","origin":[8,6,10.5],"color":0,"nbt":"{}","children":[{"name":"group","origin":[-0.5,-1,0],"color":0,"nbt":"{}","children":[]}]},{"name":"group","origin":[8,6,10.5],"color":0,"nbt":"{}","children":[]},{"name":"group","origin":[-2.9,16.2,6.5],"color":0,"nbt":"{}","children":[]},0,1,2,3,4,5,6,7,8,9,10,11,12,13,14,15,16,17,18,19,20,21,22,23,24,25,26,27,28,29,30,31,32,33,34,35,36,37,38,39,40,41,42,43,44,45,46,47,48,49,50,51,52,53,54,55,56,57,58,59,60,61,62,63,64,65,66,67,68,69,70,71,72,73,74,75,76,77,78,79,80,81,82,83,84,85,86,87,88,89,90,91,92,93,94,95,96,97,98,99,100,101,102,103,104,105,106,107,108,109,110,111,112,113,114]}