{"sources":[{"type":"single","resource":"minecraft:required/particle","sprite":"minecraft:required/particle"},{"type":"single","resource":"minecraft:required/ascii_offset","sprite":"minecraft:required/ascii_offset"},{"type":"single","resource":"minecraft:required/arrow_previous_icon","sprite":"minecraft:required/arrow_previous_icon"},{"type":"single","resource":"minecraft:required/arrow_next_icon","sprite":"minecraft:required/arrow_next_icon"},{"type":"single","resource":"minecraft:models/armor/leather_layer_2_overlay","sprite":"minecraft:models/armor/leather_layer_2_overlay"},{"type":"single","resource":"minecraft:models/armor/leather_layer_1_overlay","sprite":"minecraft:models/armor/leather_layer_1_overlay"},{"type":"single","resource":"minecraft:elitecreatures/darkflame_animated_weapon_set/drakflame_animation_02texture","sprite":"minecraft:elitecreatures/darkflame_animated_weapon_set/drakflame_animation_02texture"},{"type":"single","resource":"minecraft:elitecreatures/darkflame_animated_weapon_set/darkflame_leggings","sprite":"minecraft:elitecreatures/darkflame_animated_weapon_set/darkflame_leggings"},{"type":"single","resource":"minecraft:elitecreatures/darkflame_animated_weapon_set/darkflame_helmet","sprite":"minecraft:elitecreatures/darkflame_animated_weapon_set/darkflame_helmet"},{"type":"single","resource":"minecraft:elitecreatures/darkflame_animated_weapon_set/darkflame_chestplate","sprite":"minecraft:elitecreatures/darkflame_animated_weapon_set/darkflame_chestplate"},{"type":"single","resource":"minecraft:elitecreatures/darkflame_animated_weapon_set/darkflame_boots","sprite":"minecraft:elitecreatures/darkflame_animated_weapon_set/darkflame_boots"},{"type":"single","resource":"minecraft:elitecreatures/darkflame_animated_weapon_set/darkflame_animation_01texture","sprite":"minecraft:elitecreatures/darkflame_animated_weapon_set/darkflame_animation_01texture"},{"type":"single","resource":"minecraft:elitecreatures/darkflame_animated_weapon_set/darkflame_01_texture","sprite":"minecraft:elitecreatures/darkflame_animated_weapon_set/darkflame_01_texture"},{"type":"single","resource":"minecraft:demon/wingtex","sprite":"minecraft:demon/wingtex"},{"type":"single","resource":"minecraft:demon/symbol","sprite":"minecraft:demon/symbol"},{"type":"single","resource":"minecraft:demon/swordtex","sprite":"minecraft:demon/swordtex"},{"type":"single","resource":"minecraft:demon/stafftex","sprite":"minecraft:demon/stafftex"},{"type":"single","resource":"minecraft:demon/speartex","sprite":"minecraft:demon/speartex"},{"type":"single","resource":"minecraft:demon/sickletex","sprite":"minecraft:demon/sickletex"},{"type":"single","resource":"minecraft:demon/shoveltex","sprite":"minecraft:demon/shoveltex"},{"type":"single","resource":"minecraft:demon/shieldtex","sprite":"minecraft:demon/shieldtex"},{"type":"single","resource":"minecraft:demon/shieldani","sprite":"minecraft:demon/shieldani"},{"type":"single","resource":"minecraft:demon/quivertex","sprite":"minecraft:demon/quivertex"},{"type":"single","resource":"minecraft:demon/pickaxetex","sprite":"minecraft:demon/pickaxetex"},{"type":"single","resource":"minecraft:demon/keytex","sprite":"minecraft:demon/keytex"},{"type":"single","resource":"minecraft:demon/hoetex","sprite":"minecraft:demon/hoetex"},{"type":"single","resource":"minecraft:demon/helmettex","sprite":"minecraft:demon/helmettex"},{"type":"single","resource":"minecraft:demon/hammertex","sprite":"minecraft:demon/hammertex"},{"type":"single","resource":"minecraft:demon/draggertex","sprite":"minecraft:demon/draggertex"},{"type":"single","resource":"minecraft:demon/crossbowtex","sprite":"minecraft:demon/crossbowtex"},{"type":"single","resource":"minecraft:demon/chesttex","sprite":"minecraft:demon/chesttex"},{"type":"single","resource":"minecraft:demon/bowtex","sprite":"minecraft:demon/bowtex"},{"type":"single","resource":"minecraft:demon/bloodrain2","sprite":"minecraft:demon/bloodrain2"},{"type":"single","resource":"minecraft:demon/bloodrain1","sprite":"minecraft:demon/bloodrain1"},{"type":"single","resource":"minecraft:demon/bloodrain","sprite":"minecraft:demon/bloodrain"},{"type":"single","resource":"minecraft:demon/bloodline","sprite":"minecraft:demon/bloodline"},{"type":"single","resource":"minecraft:demon/blood","sprite":"minecraft:demon/blood"},{"type":"single","resource":"minecraft:demon/balloontex","sprite":"minecraft:demon/balloontex"},{"type":"single","resource":"minecraft:demon/axetex","sprite":"minecraft:demon/axetex"},{"type":"single","resource":"minecraft:demon/armor/devil_leggings","sprite":"minecraft:demon/armor/devil_leggings"},{"type":"single","resource":"minecraft:demon/armor/devil_helmet","sprite":"minecraft:demon/armor/devil_helmet"},{"type":"single","resource":"minecraft:demon/armor/devil_chestplate","sprite":"minecraft:demon/armor/devil_chestplate"},{"type":"single","resource":"minecraft:demon/armor/devil_boots","sprite":"minecraft:demon/armor/devil_boots"},{"type":"single","resource":"minecraft:default/wood_sword","sprite":"minecraft:default/wood_sword"},{"type":"single","resource":"minecraft:default/withooker","sprite":"minecraft:default/withooker"},{"type":"single","resource":"minecraft:default/witch_hat2","sprite":"minecraft:default/witch_hat2"},{"type":"single","resource":"minecraft:default/witch_hat1","sprite":"minecraft:default/witch_hat1"},{"type":"single","resource":"minecraft:default/witch_hat0","sprite":"minecraft:default/witch_hat0"},{"type":"single","resource":"minecraft:default/weed/vegatative","sprite":"minecraft:default/weed/vegatative"},{"type":"single","resource":"minecraft:default/weed/seedling","sprite":"minecraft:default/weed/seedling"},{"type":"single","resource":"minecraft:default/weed/seed","sprite":"minecraft:default/weed/seed"},{"type":"single","resource":"minecraft:default/weed/leaf","sprite":"minecraft:default/weed/leaf"},{"type":"single","resource":"minecraft:default/weed/harvest","sprite":"minecraft:default/weed/harvest"},{"type":"single","resource":"minecraft:default/weed/flowering","sprite":"minecraft:default/weed/flowering"},{"type":"single","resource":"minecraft:default/table","sprite":"minecraft:default/table"},{"type":"single","resource":"minecraft:default/storm_sword4","sprite":"minecraft:default/storm_sword4"},{"type":"single","resource":"minecraft:default/storm_sword3","sprite":"minecraft:default/storm_sword3"},{"type":"single","resource":"minecraft:default/storm_sword2","sprite":"minecraft:default/storm_sword2"},{"type":"single","resource":"minecraft:default/storm_sword1","sprite":"minecraft:default/storm_sword1"},{"type":"single","resource":"minecraft:default/storm_sword0","sprite":"minecraft:default/storm_sword0"},{"type":"single","resource":"minecraft:default/space_helmet","sprite":"minecraft:default/space_helmet"},{"type":"single","resource":"minecraft:default/shelf","sprite":"minecraft:default/shelf"},{"type":"single","resource":"minecraft:default/sandwitch","sprite":"minecraft:default/sandwitch"},{"type":"single","resource":"minecraft:default/ruby_ore","sprite":"minecraft:default/ruby_ore"},{"type":"single","resource":"minecraft:default/ruby","sprite":"minecraft:default/ruby"},{"type":"single","resource":"minecraft:default/pharaoh_head","sprite":"minecraft:default/pharaoh_head"},{"type":"single","resource":"minecraft:default/orax_ore","sprite":"minecraft:default/orax_ore"},{"type":"single","resource":"minecraft:default/orax_hammer","sprite":"minecraft:default/orax_hammer"},{"type":"single","resource":"minecraft:default/orax","sprite":"minecraft:default/orax"},{"type":"single","resource":"minecraft:default/onyx_ore","sprite":"minecraft:default/onyx_ore"},{"type":"single","resource":"minecraft:default/onyx_hammer","sprite":"minecraft:default/onyx_hammer"},{"type":"single","resource":"minecraft:default/onyx","sprite":"minecraft:default/onyx"},{"type":"single","resource":"minecraft:default/octavia_sword","sprite":"minecraft:default/octavia_sword"},{"type":"single","resource":"minecraft:default/obsidian_sword","sprite":"minecraft:default/obsidian_sword"},{"type":"single","resource":"minecraft:default/obsidian_pickaxe","sprite":"minecraft:default/obsidian_pickaxe"},{"type":"single","resource":"minecraft:default/magical_wand1","sprite":"minecraft:default/magical_wand1"},{"type":"single","resource":"minecraft:default/magical_wand0","sprite":"minecraft:default/magical_wand0"},{"type":"single","resource":"minecraft:default/magical_axe1","sprite":"minecraft:default/magical_axe1"},{"type":"single","resource":"minecraft:default/magical_axe0","sprite":"minecraft:default/magical_axe0"},{"type":"single","resource":"minecraft:default/magic_book","sprite":"minecraft:default/magic_book"},{"type":"single","resource":"minecraft:default/legendary_hammer1","sprite":"minecraft:default/legendary_hammer1"},{"type":"single","resource":"minecraft:default/legendary_hammer0","sprite":"minecraft:default/legendary_hammer0"},{"type":"single","resource":"minecraft:default/katana2","sprite":"minecraft:default/katana2"},{"type":"single","resource":"minecraft:default/katana1","sprite":"minecraft:default/katana1"},{"type":"single","resource":"minecraft:default/katana0","sprite":"minecraft:default/katana0"},{"type":"single","resource":"minecraft:default/jobs_smelter","sprite":"minecraft:default/jobs_smelter"},{"type":"single","resource":"minecraft:default/jobs_miner","sprite":"minecraft:default/jobs_miner"},{"type":"single","resource":"minecraft:default/jobs_lumberjack","sprite":"minecraft:default/jobs_lumberjack"},{"type":"single","resource":"minecraft:default/jobs_hunter","sprite":"minecraft:default/jobs_hunter"},{"type":"single","resource":"minecraft:default/jobs_fisherman","sprite":"minecraft:default/jobs_fisherman"},{"type":"single","resource":"minecraft:default/jobs_farmer","sprite":"minecraft:default/jobs_farmer"},{"type":"single","resource":"minecraft:default/jobs_enchanter","sprite":"minecraft:default/jobs_enchanter"},{"type":"single","resource":"minecraft:default/jobs_digger","sprite":"minecraft:default/jobs_digger"},{"type":"single","resource":"minecraft:default/jobs_crafter","sprite":"minecraft:default/jobs_crafter"},{"type":"single","resource":"minecraft:default/jobs_builder","sprite":"minecraft:default/jobs_builder"},{"type":"single","resource":"minecraft:default/jobs_blank","sprite":"minecraft:default/jobs_blank"},{"type":"single","resource":"minecraft:default/jobs_blacksmith","sprite":"minecraft:default/jobs_blacksmith"},{"type":"single","resource":"minecraft:default/jobs_assassin","sprite":"minecraft:default/jobs_assassin"},{"type":"single","resource":"minecraft:default/jobs_arrow_right","sprite":"minecraft:default/jobs_arrow_right"},{"type":"single","resource":"minecraft:default/jobs_arrow_left","sprite":"minecraft:default/jobs_arrow_left"},{"type":"single","resource":"minecraft:default/jobs_alchemist","sprite":"minecraft:default/jobs_alchemist"},{"type":"single","resource":"minecraft:default/iron_serpe","sprite":"minecraft:default/iron_serpe"},{"type":"single","resource":"minecraft:default/iron_cog","sprite":"minecraft:default/iron_cog"},{"type":"single","resource":"minecraft:default/ice_staff","sprite":"minecraft:default/ice_staff"},{"type":"single","resource":"minecraft:default/heart","sprite":"minecraft:default/heart"},{"type":"single","resource":"minecraft:default/great_sword","sprite":"minecraft:default/great_sword"},{"type":"single","resource":"minecraft:default/grape_seeds","sprite":"minecraft:default/grape_seeds"},{"type":"single","resource":"minecraft:default/grape3","sprite":"minecraft:default/grape3"},{"type":"single","resource":"minecraft:default/grape2","sprite":"minecraft:default/grape2"},{"type":"single","resource":"minecraft:default/grape1","sprite":"minecraft:default/grape1"},{"type":"single","resource":"minecraft:default/grape0","sprite":"minecraft:default/grape0"},{"type":"single","resource":"minecraft:default/grape","sprite":"minecraft:default/grape"},{"type":"single","resource":"minecraft:default/golden_heart","sprite":"minecraft:default/golden_heart"},{"type":"single","resource":"minecraft:default/gold_cog","sprite":"minecraft:default/gold_cog"},{"type":"single","resource":"minecraft:default/goblin_beetle4","sprite":"minecraft:default/goblin_beetle4"},{"type":"single","resource":"minecraft:default/goblin_beetle3","sprite":"minecraft:default/goblin_beetle3"},{"type":"single","resource":"minecraft:default/goblin_beetle2","sprite":"minecraft:default/goblin_beetle2"},{"type":"single","resource":"minecraft:default/goblin_beetle1","sprite":"minecraft:default/goblin_beetle1"},{"type":"single","resource":"minecraft:default/goblin_beetle0","sprite":"minecraft:default/goblin_beetle0"},{"type":"single","resource":"minecraft:default/glass_sword","sprite":"minecraft:default/glass_sword"},{"type":"single","resource":"minecraft:default/flowers/dailily","sprite":"minecraft:default/flowers/dailily"},{"type":"single","resource":"minecraft:default/flowers/daffodil","sprite":"minecraft:default/flowers/daffodil"},{"type":"single","resource":"minecraft:default/flowers/brunnera","sprite":"minecraft:default/flowers/brunnera"},{"type":"single","resource":"minecraft:default/fire_hammer","sprite":"minecraft:default/fire_hammer"},{"type":"single","resource":"minecraft:default/energy_crystal_sword","sprite":"minecraft:default/energy_crystal_sword"},{"type":"single","resource":"minecraft:default/emerald_hammer","sprite":"minecraft:default/emerald_hammer"},{"type":"single","resource":"minecraft:default/earth_hammer","sprite":"minecraft:default/earth_hammer"},{"type":"single","resource":"minecraft:default/divine_shield","sprite":"minecraft:default/divine_shield"},{"type":"single","resource":"minecraft:default/diamond_cog","sprite":"minecraft:default/diamond_cog"},{"type":"single","resource":"minecraft:default/dagger3","sprite":"minecraft:default/dagger3"},{"type":"single","resource":"minecraft:default/dagger2","sprite":"minecraft:default/dagger2"},{"type":"single","resource":"minecraft:default/dagger1","sprite":"minecraft:default/dagger1"},{"type":"single","resource":"minecraft:default/dagger0","sprite":"minecraft:default/dagger0"},{"type":"single","resource":"minecraft:default/crown","sprite":"minecraft:default/crown"},{"type":"single","resource":"minecraft:default/combat_bow","sprite":"minecraft:default/combat_bow"},{"type":"single","resource":"minecraft:default/coach","sprite":"minecraft:default/coach"},{"type":"single","resource":"minecraft:default/chair","sprite":"minecraft:default/chair"},{"type":"single","resource":"minecraft:default/caveblock","sprite":"minecraft:default/caveblock"},{"type":"single","resource":"minecraft:default/cart","sprite":"minecraft:default/cart"},{"type":"single","resource":"minecraft:default/bone_sword","sprite":"minecraft:default/bone_sword"},{"type":"single","resource":"minecraft:default/blood_sword","sprite":"minecraft:default/blood_sword"},{"type":"single","resource":"minecraft:default/bedrock_pickaxe2","sprite":"minecraft:default/bedrock_pickaxe2"},{"type":"single","resource":"minecraft:default/bedrock_pickaxe1","sprite":"minecraft:default/bedrock_pickaxe1"},{"type":"single","resource":"minecraft:default/bedrock_pickaxe0","sprite":"minecraft:default/bedrock_pickaxe0"},{"type":"single","resource":"minecraft:default/battle_axe","sprite":"minecraft:default/battle_axe"},{"type":"single","resource":"minecraft:default/armors/ruby_leggings","sprite":"minecraft:default/armors/ruby_leggings"},{"type":"single","resource":"minecraft:default/armors/ruby_helmet","sprite":"minecraft:default/armors/ruby_helmet"},{"type":"single","resource":"minecraft:default/armors/ruby_chestplate","sprite":"minecraft:default/armors/ruby_chestplate"},{"type":"single","resource":"minecraft:default/armors/ruby_boots","sprite":"minecraft:default/armors/ruby_boots"},{"type":"single","resource":"minecraft:default/armors/obsidian_leggings","sprite":"minecraft:default/armors/obsidian_leggings"},{"type":"single","resource":"minecraft:default/armors/obsidian_helmet","sprite":"minecraft:default/armors/obsidian_helmet"},{"type":"single","resource":"minecraft:default/armors/obsidian_chestplate","sprite":"minecraft:default/armors/obsidian_chestplate"},{"type":"single","resource":"minecraft:default/armors/obsidian_boots","sprite":"minecraft:default/armors/obsidian_boots"},{"type":"single","resource":"minecraft:default/armors/emerald_leggings","sprite":"minecraft:default/armors/emerald_leggings"},{"type":"single","resource":"minecraft:default/armors/emerald_helmet","sprite":"minecraft:default/armors/emerald_helmet"},{"type":"single","resource":"minecraft:default/armors/emerald_chestplate","sprite":"minecraft:default/armors/emerald_chestplate"},{"type":"single","resource":"minecraft:default/armors/emerald_boots","sprite":"minecraft:default/armors/emerald_boots"},{"type":"single","resource":"minecraft:default/anubis_head","sprite":"minecraft:default/anubis_head"},{"type":"single","resource":"minecraft:default/amethyst_ore","sprite":"minecraft:default/amethyst_ore"},{"type":"single","resource":"minecraft:default/amethyst_hammer","sprite":"minecraft:default/amethyst_hammer"},{"type":"single","resource":"minecraft:default/amethyst","sprite":"minecraft:default/amethyst"},{"type":"single","resource":"devil_animated_weapon_set:wingtex","sprite":"devil_animated_weapon_set:wingtex"},{"type":"single","resource":"devil_animated_weapon_set:symbol","sprite":"devil_animated_weapon_set:symbol"},{"type":"single","resource":"devil_animated_weapon_set:swordtex","sprite":"devil_animated_weapon_set:swordtex"},{"type":"single","resource":"devil_animated_weapon_set:stafftex","sprite":"devil_animated_weapon_set:stafftex"},{"type":"single","resource":"devil_animated_weapon_set:speartex","sprite":"devil_animated_weapon_set:speartex"},{"type":"single","resource":"devil_animated_weapon_set:sickletex","sprite":"devil_animated_weapon_set:sickletex"},{"type":"single","resource":"devil_animated_weapon_set:shoveltex","sprite":"devil_animated_weapon_set:shoveltex"},{"type":"single","resource":"devil_animated_weapon_set:shieldtex","sprite":"devil_animated_weapon_set:shieldtex"},{"type":"single","resource":"devil_animated_weapon_set:shieldani","sprite":"devil_animated_weapon_set:shieldani"},{"type":"single","resource":"devil_animated_weapon_set:quivertex","sprite":"devil_animated_weapon_set:quivertex"},{"type":"single","resource":"devil_animated_weapon_set:pickaxetex","sprite":"devil_animated_weapon_set:pickaxetex"},{"type":"single","resource":"devil_animated_weapon_set:keytex","sprite":"devil_animated_weapon_set:keytex"},{"type":"single","resource":"devil_animated_weapon_set:hoetex","sprite":"devil_animated_weapon_set:hoetex"},{"type":"single","resource":"devil_animated_weapon_set:helmettex","sprite":"devil_animated_weapon_set:helmettex"},{"type":"single","resource":"devil_animated_weapon_set:hammertex","sprite":"devil_animated_weapon_set:hammertex"},{"type":"single","resource":"devil_animated_weapon_set:draggertex","sprite":"devil_animated_weapon_set:draggertex"},{"type":"single","resource":"devil_animated_weapon_set:crossbowtex","sprite":"devil_animated_weapon_set:crossbowtex"},{"type":"single","resource":"devil_animated_weapon_set:chesttex","sprite":"devil_animated_weapon_set:chesttex"},{"type":"single","resource":"devil_animated_weapon_set:bowtex","sprite":"devil_animated_weapon_set:bowtex"},{"type":"single","resource":"devil_animated_weapon_set:bloodrain2","sprite":"devil_animated_weapon_set:bloodrain2"},{"type":"single","resource":"devil_animated_weapon_set:bloodrain1","sprite":"devil_animated_weapon_set:bloodrain1"},{"type":"single","resource":"devil_animated_weapon_set:bloodrain","sprite":"devil_animated_weapon_set:bloodrain"},{"type":"single","resource":"devil_animated_weapon_set:bloodline","sprite":"devil_animated_weapon_set:bloodline"},{"type":"single","resource":"devil_animated_weapon_set:blood","sprite":"devil_animated_weapon_set:blood"},{"type":"single","resource":"devil_animated_weapon_set:balloontex","sprite":"devil_animated_weapon_set:balloontex"},{"type":"single","resource":"devil_animated_weapon_set:axetex","sprite":"devil_animated_weapon_set:axetex"},{"type":"single","resource":"devil_animated_weapon_set:armor/devil_leggings","sprite":"devil_animated_weapon_set:armor/devil_leggings"},{"type":"single","resource":"devil_animated_weapon_set:armor/devil_helmet","sprite":"devil_animated_weapon_set:armor/devil_helmet"},{"type":"single","resource":"devil_animated_weapon_set:armor/devil_chestplate","sprite":"devil_animated_weapon_set:armor/devil_chestplate"},{"type":"single","resource":"devil_animated_weapon_set:armor/devil_boots","sprite":"devil_animated_weapon_set:armor/devil_boots"}]}