{
	"credit": "MadewithBlockbench",
	"texture_size": [32, 32],
	"textures": {
		"0": "devil_animated_weapon_set:balloontex",
		"1": "devil_animated_weapon_set:blood",
		"2": "devil_animated_weapon_set:bloodrain",
		"3": "devil_animated_weapon_set:bloodrain2",
		"particle": "devil_animated_weapon_set:balloontex"
	},
	"elements": [
		{
			"from": [3.5, 28, 3.5],
			"to": [8, 29, 12.5],
			"rotation": {"angle": 0, "axis": "y", "origin": [16, 0, 0]},
			"faces": {
				"north": {"uv": [5.5, 5, 7.75, 5.5], "texture": "#0"},
				"east": {"uv": [8.25, 0, 8.75, 4.5], "rotation": 90, "texture": "#0"},
				"south": {"uv": [5.5, 4.5, 7.75, 5], "texture": "#0"},
				"west": {"uv": [8.25, 0, 8.75, 4.5], "rotation": 90, "texture": "#0"},
				"up": {"uv": [8.25, 4.5, 6, 0], "texture": "#0"},
				"down": {"uv": [8.25, 4.5, 6, 0], "texture": "#0"}
			}
		},
		{
			"from": [8, 28, 3.5],
			"to": [12.5, 29, 12.5],
			"faces": {
				"north": {"uv": [7.75, 5, 5.5, 5.5], "texture": "#0"},
				"east": {"uv": [8.25, 4.5, 8.75, 0], "rotation": 90, "texture": "#0"},
				"south": {"uv": [7.75, 4.5, 5.5, 5], "texture": "#0"},
				"west": {"uv": [8.25, 4.5, 8.75, 0], "rotation": 90, "texture": "#0"},
				"up": {"uv": [6, 4.5, 8.25, 0], "texture": "#0"},
				"down": {"uv": [6, 4.5, 8.25, 0], "texture": "#0"}
			}
		},
		{
			"from": [8, 16, 3.5],
			"to": [12.5, 17, 12.5],
			"rotation": {"angle": 0, "axis": "y", "origin": [0, 16, 0]},
			"faces": {
				"north": {"uv": [7.75, 5.5, 5.5, 5], "texture": "#0"},
				"east": {"uv": [8.75, 4.5, 8.25, 0], "rotation": 90, "texture": "#0"},
				"south": {"uv": [7.75, 5, 5.5, 4.5], "texture": "#0"},
				"west": {"uv": [8.75, 4.5, 8.25, 0], "rotation": 90, "texture": "#0"},
				"up": {"uv": [6, 0, 8.25, 4.5], "texture": "#0"},
				"down": {"uv": [6, 0, 8.25, 4.5], "texture": "#0"}
			}
		},
		{
			"from": [3.5, 16, 3.5],
			"to": [8, 17, 12.5],
			"rotation": {"angle": 0, "axis": "y", "origin": [16, 16, 0]},
			"faces": {
				"north": {"uv": [5.5, 5.5, 7.75, 5], "texture": "#0"},
				"east": {"uv": [8.75, 0, 8.25, 4.5], "rotation": 90, "texture": "#0"},
				"south": {"uv": [5.5, 5, 7.75, 4.5], "texture": "#0"},
				"west": {"uv": [8.75, 0, 8.25, 4.5], "rotation": 90, "texture": "#0"},
				"up": {"uv": [8.25, 0, 6, 4.5], "texture": "#0"},
				"down": {"uv": [8.25, 0, 6, 4.5], "texture": "#0"}
			}
		},
		{
			"from": [6, 3, 8],
			"to": [10, 16, 8],
			"rotation": {"angle": 0, "axis": "y", "origin": [16, 0, 0]},
			"faces": {
				"north": {"uv": [9.5, 7.75, 16, 9.75], "rotation": 90, "texture": "#0"},
				"east": {"uv": [0, 0, 0, 7.5], "texture": "#0"},
				"south": {"uv": [16, 7.75, 9.5, 9.75], "rotation": 90, "texture": "#0"},
				"west": {"uv": [0, 0, 0, 7.5], "texture": "#0"},
				"up": {"uv": [4, 0, 0, 0], "texture": "#0"},
				"down": {"uv": [4, 0, 0, 0], "texture": "#0"}
			}
		},
		{
			"from": [6, -10, 8],
			"to": [10, 3, 8],
			"rotation": {"angle": 0, "axis": "y", "origin": [16, 0, 0]},
			"faces": {
				"north": {"uv": [9.5, 7.75, 16, 9.75], "rotation": 90, "texture": "#0"},
				"east": {"uv": [0, 0, 0, 7.5], "texture": "#0"},
				"south": {"uv": [16, 7.75, 9.5, 9.75], "rotation": 90, "texture": "#0"},
				"west": {"uv": [0, 0, 0, 7.5], "texture": "#0"},
				"up": {"uv": [4, 0, 0, 0], "texture": "#0"},
				"down": {"uv": [4, 0, 0, 0], "texture": "#0"}
			}
		},
		{
			"from": [2.5, 17, 8],
			"to": [3.5, 28, 12.5],
			"rotation": {"angle": 0, "axis": "y", "origin": [-0.5, 18.5, 2.5]},
			"faces": {
				"north": {"uv": [5, 0, 5.5, 5.5], "texture": "#0"},
				"east": {"uv": [2.75, 0, 5, 5.5], "texture": "#0"},
				"south": {"uv": [5, 0, 5.5, 5.5], "texture": "#0"},
				"west": {"uv": [2.75, 0, 5, 5.5], "texture": "#0"},
				"up": {"uv": [6, 4.5, 5.5, 2.25], "texture": "#0"},
				"down": {"uv": [6, 0, 5.5, 2.25], "texture": "#0"}
			}
		},
		{
			"from": [2.5, 17, 3.5],
			"to": [3.5, 28, 8],
			"rotation": {"angle": 0, "axis": "y", "origin": [-0.5, 18.5, 13.5]},
			"faces": {
				"north": {"uv": [5.5, 0, 5, 5.5], "texture": "#0"},
				"east": {"uv": [5, 0, 2.75, 5.5], "texture": "#0"},
				"south": {"uv": [5.5, 0, 5, 5.5], "texture": "#0"},
				"west": {"uv": [5, 0, 2.75, 5.5], "texture": "#0"},
				"up": {"uv": [6, 2.25, 5.5, 4.5], "texture": "#0"},
				"down": {"uv": [6, 2.25, 5.5, 0], "texture": "#0"}
			}
		},
		{
			"from": [12.5, 17, 8],
			"to": [13.5, 28, 12.5],
			"rotation": {"angle": 0, "axis": "y", "origin": [16.5, 18.5, 2.5]},
			"faces": {
				"north": {"uv": [5.5, 0, 5, 5.5], "texture": "#0"},
				"east": {"uv": [5, 0, 2.75, 5.5], "texture": "#0"},
				"south": {"uv": [5.5, 0, 5, 5.5], "texture": "#0"},
				"west": {"uv": [5, 0, 2.75, 5.5], "texture": "#0"},
				"up": {"uv": [5.5, 4.5, 6, 2.25], "texture": "#0"},
				"down": {"uv": [5.5, 0, 6, 2.25], "texture": "#0"}
			}
		},
		{
			"from": [12.5, 17, 3.5],
			"to": [13.5, 28, 8],
			"rotation": {"angle": 0, "axis": "y", "origin": [16.5, 18.5, 13.5]},
			"faces": {
				"north": {"uv": [5, 0, 5.5, 5.5], "texture": "#0"},
				"east": {"uv": [2.75, 0, 5, 5.5], "texture": "#0"},
				"south": {"uv": [5, 0, 5.5, 5.5], "texture": "#0"},
				"west": {"uv": [2.75, 0, 5, 5.5], "texture": "#0"},
				"up": {"uv": [5.5, 2.25, 6, 4.5], "texture": "#0"},
				"down": {"uv": [5.5, 2.25, 6, 0], "texture": "#0"}
			}
		},
		{
			"from": [3.5, 17, 2.5],
			"to": [8, 28, 3.5],
			"rotation": {"angle": 0, "axis": "y", "origin": [13, 22.5, 8]},
			"faces": {
				"north": {"uv": [2.75, 0, 5, 5.5], "texture": "#0"},
				"east": {"uv": [5, 0, 5.5, 5.5], "texture": "#0"},
				"south": {"uv": [2.75, 0, 5, 5.5], "texture": "#0"},
				"west": {"uv": [5, 0, 5.5, 5.5], "texture": "#0"},
				"up": {"uv": [5.5, 2.25, 6, 4.5], "rotation": 270, "texture": "#0"},
				"down": {"uv": [5.5, 2.25, 6, 0], "rotation": 90, "texture": "#0"}
			}
		},
		{
			"from": [4.1, 23, 8],
			"to": [21.1, 31, 8],
			"rotation": {"angle": 22.5, "axis": "z", "origin": [0.1, 0, 0]},
			"faces": {
				"north": {"uv": [0, 12, 8.5, 16], "texture": "#0"},
				"east": {"uv": [0, 0, 0, 4], "texture": "#0"},
				"south": {"uv": [8.5, 12, 0, 16], "texture": "#0"},
				"west": {"uv": [0, 0, 0, 4], "texture": "#0"},
				"up": {"uv": [0, 0, 0, 8.5], "rotation": 90, "texture": "#0"},
				"down": {"uv": [0, 0, 0, 8.5], "rotation": 270, "texture": "#0"}
			}
		},
		{
			"from": [8, 17, 2.5],
			"to": [12.5, 28, 3.5],
			"rotation": {"angle": 0, "axis": "y", "origin": [13, 22.5, 8]},
			"faces": {
				"north": {"uv": [5, 0, 2.75, 5.5], "texture": "#0"},
				"east": {"uv": [5.5, 0, 5, 5.5], "texture": "#0"},
				"south": {"uv": [5, 0, 2.75, 5.5], "texture": "#0"},
				"west": {"uv": [5.5, 0, 5, 5.5], "texture": "#0"},
				"up": {"uv": [5.5, 4.5, 6, 2.25], "rotation": 270, "texture": "#0"},
				"down": {"uv": [5.5, 0, 6, 2.25], "rotation": 90, "texture": "#0"}
			}
		},
		{
			"from": [8, 17, 12.5],
			"to": [12.5, 28, 13.5],
			"rotation": {"angle": 0, "axis": "y", "origin": [13, 22.5, 8]},
			"faces": {
				"north": {"uv": [2.75, 0, 5, 5.5], "texture": "#0"},
				"east": {"uv": [5, 0, 5.5, 5.5], "texture": "#0"},
				"south": {"uv": [2.75, 0, 5, 5.5], "texture": "#0"},
				"west": {"uv": [5, 0, 5.5, 5.5], "texture": "#0"},
				"up": {"uv": [6, 4.5, 5.5, 2.25], "rotation": 270, "texture": "#0"},
				"down": {"uv": [6, 0, 5.5, 2.25], "rotation": 90, "texture": "#0"}
			}
		},
		{
			"from": [3.5, 17, 12.5],
			"to": [8, 28, 13.5],
			"rotation": {"angle": 0, "axis": "y", "origin": [13, 22.5, 8]},
			"faces": {
				"north": {"uv": [5, 0, 2.75, 5.5], "texture": "#0"},
				"east": {"uv": [5.5, 0, 5, 5.5], "texture": "#0"},
				"south": {"uv": [5, 0, 2.75, 5.5], "texture": "#0"},
				"west": {"uv": [5.5, 0, 5, 5.5], "texture": "#0"},
				"up": {"uv": [6, 2.25, 5.5, 4.5], "rotation": 270, "texture": "#0"},
				"down": {"uv": [6, 2.25, 5.5, 0], "rotation": 90, "texture": "#0"}
			}
		},
		{
			"from": [2, 15, 2],
			"to": [2, 25, 5],
			"faces": {
				"north": {"uv": [0, 0, 0, 5], "texture": "#0"},
				"east": {"uv": [1.5, 0, 0, 5], "texture": "#0"},
				"south": {"uv": [0, 0, 0, 5], "texture": "#0"},
				"west": {"uv": [0, 0, 1.5, 5], "texture": "#0"},
				"up": {"uv": [0, 0, 0, 1.5], "texture": "#0"},
				"down": {"uv": [0, 0, 0, 1.5], "texture": "#0"}
			}
		},
		{
			"from": [1.5, 21.5, 7],
			"to": [2.5, 23, 9],
			"rotation": {"angle": 0, "axis": "y", "origin": [-1, 18, 0]},
			"faces": {
				"north": {"uv": [13, 14.25, 13.5, 15], "texture": "#0"},
				"east": {"uv": [13.5, 14.25, 14.5, 15], "texture": "#0"},
				"south": {"uv": [13.5, 14.25, 13, 15], "texture": "#0"},
				"west": {"uv": [13.5, 14.25, 14.5, 15], "texture": "#0"},
				"up": {"uv": [13, 15, 13.5, 16], "texture": "#0"},
				"down": {"uv": [13, 15, 13.5, 16], "texture": "#0"}
			}
		},
		{
			"from": [1.1, 22.8, 7.5],
			"to": [2.1, 24.3, 8.5],
			"rotation": {"angle": -22.5, "axis": "z", "origin": [1, 23.25, 8]},
			"faces": {
				"north": {"uv": [15.25, 10.25, 14.75, 11], "texture": "#0"},
				"east": {"uv": [15.25, 10.25, 15.75, 11], "texture": "#0"},
				"south": {"uv": [14.75, 10.25, 15.25, 11], "texture": "#0"},
				"west": {"uv": [15.25, 10.25, 15.75, 11], "texture": "#0"},
				"up": {"uv": [14.75, 11, 15.25, 11.5], "texture": "#0"},
				"down": {"uv": [14.75, 11, 15.25, 11.5], "texture": "#0"}
			}
		},
		{
			"from": [1.5, 23, 6.5],
			"to": [4, 25, 9.5],
			"rotation": {"angle": 0, "axis": "y", "origin": [-1, 18, 0]},
			"faces": {
				"north": {"uv": [14.25, 11.5, 13, 12.5], "texture": "#0"},
				"east": {"uv": [13, 10.5, 14.5, 11.5], "texture": "#0"},
				"south": {"uv": [13, 11.5, 14.25, 12.5], "texture": "#0"},
				"west": {"uv": [14.25, 13.25, 15.75, 14.25], "texture": "#0"},
				"up": {"uv": [13, 12.5, 14.25, 14], "texture": "#0"},
				"down": {"uv": [14.25, 11.5, 15.5, 13], "texture": "#0"}
			}
		},
		{
			"from": [12, 23, 6.5],
			"to": [14.5, 25, 9.5],
			"rotation": {"angle": 0, "axis": "y", "origin": [17, 18, 0]},
			"faces": {
				"north": {"uv": [13, 11.5, 14.25, 12.5], "texture": "#0"},
				"east": {"uv": [15.75, 13.25, 14.25, 14.25], "texture": "#0"},
				"south": {"uv": [14.25, 11.5, 13, 12.5], "texture": "#0"},
				"west": {"uv": [14.5, 10.5, 13, 11.5], "texture": "#0"},
				"up": {"uv": [14.25, 12.5, 13, 14], "texture": "#0"},
				"down": {"uv": [15.5, 11.5, 14.25, 13], "texture": "#0"}
			}
		},
		{
			"from": [13.9, 22.8, 7.5],
			"to": [14.9, 24.3, 8.5],
			"rotation": {"angle": 22.5, "axis": "z", "origin": [15, 23.25, 8]},
			"faces": {
				"north": {"uv": [14.75, 10.25, 15.25, 11], "texture": "#0"},
				"east": {"uv": [15.75, 10.25, 15.25, 11], "texture": "#0"},
				"south": {"uv": [15.25, 10.25, 14.75, 11], "texture": "#0"},
				"west": {"uv": [15.75, 10.25, 15.25, 11], "texture": "#0"},
				"up": {"uv": [15.25, 11, 14.75, 11.5], "texture": "#0"},
				"down": {"uv": [15.25, 11, 14.75, 11.5], "texture": "#0"}
			}
		},
		{
			"from": [13.5, 21.5, 7],
			"to": [14.5, 23, 9],
			"rotation": {"angle": 0, "axis": "y", "origin": [17, 18, 0]},
			"faces": {
				"north": {"uv": [13.5, 14.25, 13, 15], "texture": "#0"},
				"east": {"uv": [14.5, 14.25, 13.5, 15], "texture": "#0"},
				"south": {"uv": [13, 14.25, 13.5, 15], "texture": "#0"},
				"west": {"uv": [14.5, 14.25, 13.5, 15], "texture": "#0"},
				"up": {"uv": [13.5, 15, 13, 16], "texture": "#0"},
				"down": {"uv": [13.5, 15, 13, 16], "texture": "#0"}
			}
		},
		{
			"from": [7, 21.5, 13.5],
			"to": [9, 23, 14.5],
			"rotation": {"angle": 0, "axis": "y", "origin": [16, 18, 17]},
			"faces": {
				"north": {"uv": [14.5, 14.25, 13.5, 15], "texture": "#0"},
				"east": {"uv": [13.5, 14.25, 13, 15], "texture": "#0"},
				"south": {"uv": [14.5, 14.25, 13.5, 15], "texture": "#0"},
				"west": {"uv": [13, 14.25, 13.5, 15], "texture": "#0"},
				"up": {"uv": [13.5, 15, 13, 16], "rotation": 90, "texture": "#0"},
				"down": {"uv": [13.5, 15, 13, 16], "rotation": 270, "texture": "#0"}
			}
		},
		{
			"from": [7.5, 22.8, 13.9],
			"to": [8.5, 24.3, 14.9],
			"rotation": {"angle": -22.5, "axis": "x", "origin": [8, 23.25, 15]},
			"faces": {
				"north": {"uv": [15.75, 10.25, 15.25, 11], "texture": "#0"},
				"east": {"uv": [14.75, 10.25, 15.25, 11], "texture": "#0"},
				"south": {"uv": [15.75, 10.25, 15.25, 11], "texture": "#0"},
				"west": {"uv": [15.25, 10.25, 14.75, 11], "texture": "#0"},
				"up": {"uv": [15.25, 11, 14.75, 11.5], "rotation": 90, "texture": "#0"},
				"down": {"uv": [15.25, 11, 14.75, 11.5], "rotation": 270, "texture": "#0"}
			}
		},
		{
			"from": [6.5, 23, 12],
			"to": [9.5, 25, 14.5],
			"rotation": {"angle": 0, "axis": "y", "origin": [16, 18, 17]},
			"faces": {
				"north": {"uv": [14.5, 10.5, 13, 11.5], "texture": "#0"},
				"east": {"uv": [13, 11.5, 14.25, 12.5], "texture": "#0"},
				"south": {"uv": [15.75, 13.25, 14.25, 14.25], "texture": "#0"},
				"west": {"uv": [14.25, 11.5, 13, 12.5], "texture": "#0"},
				"up": {"uv": [14.25, 12.5, 13, 14], "rotation": 90, "texture": "#0"},
				"down": {"uv": [15.5, 11.5, 14.25, 13], "rotation": 270, "texture": "#0"}
			}
		},
		{
			"from": [7, 21.5, 1.5],
			"to": [9, 23, 2.5],
			"rotation": {"angle": 0, "axis": "y", "origin": [16, 18, -1]},
			"faces": {
				"north": {"uv": [13.5, 14.25, 14.5, 15], "texture": "#0"},
				"east": {"uv": [13, 14.25, 13.5, 15], "texture": "#0"},
				"south": {"uv": [13.5, 14.25, 14.5, 15], "texture": "#0"},
				"west": {"uv": [13.5, 14.25, 13, 15], "texture": "#0"},
				"up": {"uv": [13, 15, 13.5, 16], "rotation": 90, "texture": "#0"},
				"down": {"uv": [13, 15, 13.5, 16], "rotation": 270, "texture": "#0"}
			}
		},
		{
			"from": [7.5, 22.8, 1.1],
			"to": [8.5, 24.3, 2.1],
			"rotation": {"angle": 22.5, "axis": "x", "origin": [8, 23.25, 1]},
			"faces": {
				"north": {"uv": [15.25, 10.25, 15.75, 11], "texture": "#0"},
				"east": {"uv": [15.25, 10.25, 14.75, 11], "texture": "#0"},
				"south": {"uv": [15.25, 10.25, 15.75, 11], "texture": "#0"},
				"west": {"uv": [14.75, 10.25, 15.25, 11], "texture": "#0"},
				"up": {"uv": [14.75, 11, 15.25, 11.5], "rotation": 90, "texture": "#0"},
				"down": {"uv": [14.75, 11, 15.25, 11.5], "rotation": 270, "texture": "#0"}
			}
		},
		{
			"from": [6.5, 23, 1.5],
			"to": [9.5, 25, 4],
			"rotation": {"angle": 0, "axis": "y", "origin": [16, 18, -1]},
			"faces": {
				"north": {"uv": [14.25, 13.25, 15.75, 14.25], "texture": "#0"},
				"east": {"uv": [14.25, 11.5, 13, 12.5], "texture": "#0"},
				"south": {"uv": [13, 10.5, 14.5, 11.5], "texture": "#0"},
				"west": {"uv": [13, 11.5, 14.25, 12.5], "texture": "#0"},
				"up": {"uv": [13, 12.5, 14.25, 14], "rotation": 90, "texture": "#0"},
				"down": {"uv": [14.25, 11.5, 15.5, 13], "rotation": 270, "texture": "#0"}
			}
		},
		{
			"from": [2, 15, 2],
			"to": [5, 25, 2],
			"rotation": {"angle": 0, "axis": "y", "origin": [2, 22, 3.5]},
			"faces": {
				"north": {"uv": [1.5, 0, 0, 5], "texture": "#0"},
				"east": {"uv": [0, 0, 0, 5], "texture": "#missing"},
				"south": {"uv": [0, 0, 1.5, 5], "texture": "#0"},
				"west": {"uv": [0, 0, 0, 5], "texture": "#missing"},
				"up": {"uv": [0, 0, 0, 1.5], "rotation": 270, "texture": "#missing"},
				"down": {"uv": [0, 0, 0, 1.5], "rotation": 90, "texture": "#missing"}
			}
		},
		{
			"from": [0.7, 16.5, 2.5],
			"to": [3.7, 19.5, 4.5],
			"rotation": {"angle": 45, "axis": "y", "origin": [1.5, 18.5, 2.5]},
			"faces": {
				"north": {"uv": [0, 6.5, 1.5, 8], "texture": "#0"},
				"east": {"uv": [0, 5, 1, 6.5], "texture": "#0"},
				"south": {"uv": [0, 6.5, 1.5, 8], "texture": "#0"},
				"west": {"uv": [1, 5, 0, 6.5], "texture": "#0"},
				"up": {"uv": [1.5, 6.5, 2.5, 8], "rotation": 270, "texture": "#0"},
				"down": {"uv": [2.5, 6.5, 1.5, 8], "rotation": 270, "texture": "#0"}
			}
		},
		{
			"from": [-0.2, 17, 0],
			"to": [2.8, 19, 0],
			"rotation": {"angle": -45, "axis": "y", "origin": [0, 0, 0]},
			"faces": {
				"north": {"uv": [0, 8, 1, 9.5], "rotation": 270, "texture": "#0"},
				"east": {"uv": [0, 0, 1, 0], "rotation": 90, "texture": "#0"},
				"south": {"uv": [1, 8, 0, 9.5], "rotation": 90, "texture": "#0"},
				"west": {"uv": [0, 0, 1, 0], "rotation": 90, "texture": "#0"},
				"up": {"uv": [0, 0, 0, 1.5], "rotation": 90, "texture": "#0"},
				"down": {"uv": [0, 0, 0, 1.5], "rotation": 90, "texture": "#0"}
			}
		},
		{
			"from": [14, 15, 2],
			"to": [14, 25, 5],
			"rotation": {"angle": 0, "axis": "y", "origin": [16, 0, 0]},
			"faces": {
				"north": {"uv": [0, 0, 0, 5], "texture": "#0"},
				"east": {"uv": [1.5, 0, 0, 5], "texture": "#0"},
				"south": {"uv": [0, 0, 0, 5], "texture": "#0"},
				"west": {"uv": [0, 0, 1.5, 5], "texture": "#0"},
				"up": {"uv": [0, 0, 0, 1.5], "texture": "#0"},
				"down": {"uv": [0, 0, 0, 1.5], "texture": "#0"}
			}
		},
		{
			"from": [13.6, 17.9, 2.5],
			"to": [13.6, 28.9, 13.5],
			"rotation": {"angle": 0, "axis": "y", "origin": [16, 0, 0]},
			"faces": {
				"north": {"uv": [0, 0, 0, 3.5], "texture": "#1"},
				"east": {"uv": [2.5, 2.25, 13.5, 13.25], "texture": "#1"},
				"south": {"uv": [0, 0, 0, 3.5], "texture": "#1"},
				"west": {"uv": [13.5, 2.25, 2.5, 13.25], "texture": "#1"},
				"up": {"uv": [0, 0, 3.5, 0], "rotation": 90, "texture": "#1"},
				"down": {"uv": [0, 0, 3.5, 0], "rotation": 270, "texture": "#1"}
			}
		},
		{
			"from": [2.4, 17.9, 2.5],
			"to": [2.4, 28.9, 13.5],
			"rotation": {"angle": 0, "axis": "y", "origin": [0, 0, 16]},
			"faces": {
				"north": {"uv": [0, 0, 0, 3.5], "texture": "#1"},
				"east": {"uv": [13.5, 2.25, 2.5, 13.25], "texture": "#1"},
				"south": {"uv": [0, 0, 0, 3.5], "texture": "#1"},
				"west": {"uv": [2.5, 2.25, 13.5, 13.25], "texture": "#1"},
				"up": {"uv": [3.5, 0, 0, 0], "rotation": 90, "texture": "#1"},
				"down": {"uv": [3.5, 0, 0, 0], "rotation": 270, "texture": "#1"}
			}
		},
		{
			"from": [2.5, 17.9, 2.4],
			"to": [13.5, 28.9, 2.4],
			"rotation": {"angle": 0, "axis": "y", "origin": [0, 0, 16]},
			"faces": {
				"north": {"uv": [2.5, 2.25, 13.5, 13.25], "texture": "#1"},
				"east": {"uv": [0, 0, 0, 3.5], "texture": "#1"},
				"south": {"uv": [13.5, 2.25, 2.5, 13.25], "texture": "#1"},
				"west": {"uv": [0, 0, 0, 3.5], "texture": "#1"},
				"up": {"uv": [3.5, 0, 0, 0], "rotation": 180, "texture": "#1"},
				"down": {"uv": [3.5, 0, 0, 0], "rotation": 180, "texture": "#1"}
			}
		},
		{
			"from": [2.5, 17.9, 13.6],
			"to": [13.5, 28.9, 13.6],
			"rotation": {"angle": 0, "axis": "y", "origin": [16, 0, 32]},
			"faces": {
				"north": {"uv": [13.5, 2.25, 2.5, 13.25], "texture": "#1"},
				"east": {"uv": [0, 0, 0, 3.5], "texture": "#1"},
				"south": {"uv": [2.5, 2.25, 13.5, 13.25], "texture": "#1"},
				"west": {"uv": [0, 0, 0, 3.5], "texture": "#1"},
				"up": {"uv": [0, 0, 3.5, 0], "rotation": 180, "texture": "#1"},
				"down": {"uv": [0, 0, 3.5, 0], "rotation": 180, "texture": "#1"}
			}
		},
		{
			"from": [11, 15, 2],
			"to": [14, 25, 2],
			"rotation": {"angle": 0, "axis": "y", "origin": [14, 22, 3.5]},
			"faces": {
				"north": {"uv": [0, 0, 1.5, 5], "texture": "#0"},
				"east": {"uv": [0, 0, 0, 5], "texture": "#missing"},
				"south": {"uv": [1.5, 0, 0, 5], "texture": "#0"},
				"west": {"uv": [0, 0, 0, 5], "texture": "#missing"},
				"up": {"uv": [0, 1.5, 0, 0], "rotation": 270, "texture": "#missing"},
				"down": {"uv": [0, 1.5, 0, 0], "rotation": 90, "texture": "#missing"}
			}
		},
		{
			"from": [12.3, 16.5, 2.5],
			"to": [15.3, 19.5, 4.5],
			"rotation": {"angle": -45, "axis": "y", "origin": [14.5, 18.5, 2.5]},
			"faces": {
				"north": {"uv": [1.5, 6.5, 0, 8], "texture": "#0"},
				"east": {"uv": [0, 5, 1, 6.5], "texture": "#0"},
				"south": {"uv": [1.5, 6.5, 0, 8], "texture": "#0"},
				"west": {"uv": [1, 5, 0, 6.5], "texture": "#0"},
				"up": {"uv": [1.5, 8, 2.5, 6.5], "rotation": 270, "texture": "#0"},
				"down": {"uv": [2.5, 8, 1.5, 6.5], "rotation": 270, "texture": "#0"}
			}
		},
		{
			"from": [13.2, 17, 0],
			"to": [16.2, 19, 0],
			"rotation": {"angle": 45, "axis": "y", "origin": [16, 0, 0]},
			"faces": {
				"north": {"uv": [0, 9.5, 1, 8], "rotation": 270, "texture": "#0"},
				"east": {"uv": [0, 0, 1, 0], "rotation": 90, "texture": "#0"},
				"south": {"uv": [1, 9.5, 0, 8], "rotation": 90, "texture": "#0"},
				"west": {"uv": [0, 0, 1, 0], "rotation": 90, "texture": "#0"},
				"up": {"uv": [0, 1.5, 0, 0], "rotation": 90, "texture": "#0"},
				"down": {"uv": [0, 1.5, 0, 0], "rotation": 90, "texture": "#0"}
			}
		},
		{
			"from": [14, 15, 11],
			"to": [14, 25, 14],
			"rotation": {"angle": 0, "axis": "y", "origin": [16, 0, 16]},
			"faces": {
				"north": {"uv": [0, 0, 0, 5], "texture": "#0"},
				"east": {"uv": [0, 0, 1.5, 5], "texture": "#0"},
				"south": {"uv": [0, 0, 0, 5], "texture": "#0"},
				"west": {"uv": [1.5, 0, 0, 5], "texture": "#0"},
				"up": {"uv": [0, 1.5, 0, 0], "texture": "#0"},
				"down": {"uv": [0, 1.5, 0, 0], "texture": "#0"}
			}
		},
		{
			"from": [11, 15, 14],
			"to": [14, 25, 14],
			"rotation": {"angle": 0, "axis": "y", "origin": [14, 22, 12.5]},
			"faces": {
				"north": {"uv": [0, 0, 1.5, 5], "texture": "#0"},
				"east": {"uv": [0, 0, 0, 5], "texture": "#missing"},
				"south": {"uv": [1.5, 0, 0, 5], "texture": "#0"},
				"west": {"uv": [0, 0, 0, 5], "texture": "#missing"},
				"up": {"uv": [0, 1.5, 0, 0], "rotation": 270, "texture": "#missing"},
				"down": {"uv": [0, 1.5, 0, 0], "rotation": 90, "texture": "#missing"}
			}
		},
		{
			"from": [12.3, 16.5, 11.5],
			"to": [15.3, 19.5, 13.5],
			"rotation": {"angle": 45, "axis": "y", "origin": [14.5, 18.5, 13.5]},
			"faces": {
				"north": {"uv": [0, 6.5, 1.5, 8], "texture": "#0"},
				"east": {"uv": [1, 5, 0, 6.5], "texture": "#0"},
				"south": {"uv": [0, 6.5, 1.5, 8], "texture": "#0"},
				"west": {"uv": [0, 5, 1, 6.5], "texture": "#0"},
				"up": {"uv": [2.5, 8, 1.5, 6.5], "rotation": 270, "texture": "#0"},
				"down": {"uv": [1.5, 8, 2.5, 6.5], "rotation": 270, "texture": "#0"}
			}
		},
		{
			"from": [13.2, 17, 16],
			"to": [16.2, 19, 16],
			"rotation": {"angle": -45, "axis": "y", "origin": [16, 0, 16]},
			"faces": {
				"north": {"uv": [1, 8, 0, 9.5], "rotation": 90, "texture": "#0"},
				"east": {"uv": [0, 0, 1, 0], "rotation": 90, "texture": "#0"},
				"south": {"uv": [0, 8, 1, 9.5], "rotation": 270, "texture": "#0"},
				"west": {"uv": [0, 0, 1, 0], "rotation": 90, "texture": "#0"},
				"up": {"uv": [0, 1.5, 0, 0], "rotation": 90, "texture": "#0"},
				"down": {"uv": [0, 1.5, 0, 0], "rotation": 90, "texture": "#0"}
			}
		},
		{
			"from": [2, 15, 14],
			"to": [5, 25, 14],
			"rotation": {"angle": 0, "axis": "y", "origin": [2, 22, 12.5]},
			"faces": {
				"north": {"uv": [1.5, 0, 0, 5], "texture": "#0"},
				"east": {"uv": [0, 0, 0, 5], "texture": "#missing"},
				"south": {"uv": [0, 0, 1.5, 5], "texture": "#0"},
				"west": {"uv": [0, 0, 0, 5], "texture": "#missing"},
				"up": {"uv": [0, 0, 0, 1.5], "rotation": 270, "texture": "#missing"},
				"down": {"uv": [0, 0, 0, 1.5], "rotation": 90, "texture": "#missing"}
			}
		},
		{
			"from": [2, 15, 11],
			"to": [2, 25, 14],
			"rotation": {"angle": 0, "axis": "y", "origin": [0, 0, 16]},
			"faces": {
				"north": {"uv": [0, 0, 0, 5], "texture": "#0"},
				"east": {"uv": [0, 0, 1.5, 5], "texture": "#0"},
				"south": {"uv": [0, 0, 0, 5], "texture": "#0"},
				"west": {"uv": [1.5, 0, 0, 5], "texture": "#0"},
				"up": {"uv": [0, 1.5, 0, 0], "texture": "#0"},
				"down": {"uv": [0, 1.5, 0, 0], "texture": "#0"}
			}
		},
		{
			"from": [0.7, 16.5, 11.5],
			"to": [3.7, 19.5, 13.5],
			"rotation": {"angle": -45, "axis": "y", "origin": [1.5, 18.5, 13.5]},
			"faces": {
				"north": {"uv": [1.5, 6.5, 0, 8], "texture": "#0"},
				"east": {"uv": [1, 5, 0, 6.5], "texture": "#0"},
				"south": {"uv": [1.5, 6.5, 0, 8], "texture": "#0"},
				"west": {"uv": [0, 5, 1, 6.5], "texture": "#0"},
				"up": {"uv": [2.5, 6.5, 1.5, 8], "rotation": 270, "texture": "#0"},
				"down": {"uv": [1.5, 6.5, 2.5, 8], "rotation": 270, "texture": "#0"}
			}
		},
		{
			"from": [-0.2, 17, 16],
			"to": [2.8, 19, 16],
			"rotation": {"angle": 45, "axis": "y", "origin": [0, 0, 16]},
			"faces": {
				"north": {"uv": [1, 9.5, 0, 8], "rotation": 90, "texture": "#0"},
				"east": {"uv": [0, 0, 1, 0], "rotation": 90, "texture": "#0"},
				"south": {"uv": [0, 9.5, 1, 8], "rotation": 270, "texture": "#0"},
				"west": {"uv": [0, 0, 1, 0], "rotation": 90, "texture": "#0"},
				"up": {"uv": [0, 0, 0, 1.5], "rotation": 90, "texture": "#0"},
				"down": {"uv": [0, 0, 0, 1.5], "rotation": 90, "texture": "#0"}
			}
		},
		{
			"from": [2, 7, 3],
			"to": [8, 17, 3],
			"faces": {
				"north": {"uv": [1.5, 3.25, 7.5, 13.25], "texture": "#2"},
				"east": {"uv": [0, 0, 0, 6], "texture": "#2"},
				"south": {"uv": [7.5, 3.25, 1.5, 13.25], "texture": "#2"},
				"west": {"uv": [0, 0, 0, 6], "texture": "#2"},
				"up": {"uv": [0, 0, 6, 0], "texture": "#2"},
				"down": {"uv": [0, 0, 6, 0], "texture": "#2"}
			}
		},
		{
			"from": [8, 10, 3],
			"to": [14, 20, 3],
			"faces": {
				"north": {"uv": [1.5, 3.25, 7.5, 13.25], "texture": "#3"},
				"east": {"uv": [0, 0, 0, 6], "texture": "#3"},
				"south": {"uv": [7.5, 3.25, 1.5, 13.25], "texture": "#3"},
				"west": {"uv": [0, 0, 0, 6], "texture": "#3"},
				"up": {"uv": [0, 0, 6, 0], "texture": "#3"},
				"down": {"uv": [0, 0, 6, 0], "texture": "#3"}
			}
		},
		{
			"from": [8, 10, 13],
			"to": [14, 20, 13],
			"rotation": {"angle": 0, "axis": "y", "origin": [0, 0, 16]},
			"faces": {
				"north": {"uv": [1.5, 3.25, 7.5, 13.25], "texture": "#3"},
				"east": {"uv": [0, 0, 0, 6], "texture": "#3"},
				"south": {"uv": [7.5, 3.25, 1.5, 13.25], "texture": "#3"},
				"west": {"uv": [0, 0, 0, 6], "texture": "#3"},
				"up": {"uv": [0, 0, 6, 0], "texture": "#3"},
				"down": {"uv": [0, 0, 6, 0], "texture": "#3"}
			}
		},
		{
			"from": [2, 7, 13],
			"to": [8, 17, 13],
			"rotation": {"angle": 0, "axis": "y", "origin": [0, 0, 16]},
			"faces": {
				"north": {"uv": [1.5, 3.25, 7.5, 13.25], "texture": "#2"},
				"east": {"uv": [0, 0, 0, 6], "texture": "#2"},
				"south": {"uv": [7.5, 3.25, 1.5, 13.25], "texture": "#2"},
				"west": {"uv": [0, 0, 0, 6], "texture": "#2"},
				"up": {"uv": [0, 0, 6, 0], "texture": "#2"},
				"down": {"uv": [0, 0, 6, 0], "texture": "#2"}
			}
		},
		{
			"from": [3, 10, 8],
			"to": [3, 20, 14],
			"rotation": {"angle": 0, "axis": "y", "origin": [0, 0, 16]},
			"faces": {
				"north": {"uv": [0, 0, 0, 6], "texture": "#3"},
				"east": {"uv": [1.5, 3.25, 7.5, 13.25], "texture": "#3"},
				"south": {"uv": [0, 0, 0, 6], "texture": "#3"},
				"west": {"uv": [7.5, 3.25, 1.5, 13.25], "texture": "#3"},
				"up": {"uv": [0, 0, 6, 0], "rotation": 90, "texture": "#3"},
				"down": {"uv": [0, 0, 6, 0], "rotation": 270, "texture": "#3"}
			}
		},
		{
			"from": [3, 7, 2],
			"to": [3, 17, 8],
			"rotation": {"angle": 0, "axis": "y", "origin": [0, 0, 16]},
			"faces": {
				"north": {"uv": [0, 0, 0, 6], "texture": "#2"},
				"east": {"uv": [1.5, 3.25, 7.5, 13.25], "texture": "#2"},
				"south": {"uv": [0, 0, 0, 6], "texture": "#2"},
				"west": {"uv": [7.5, 3.25, 1.5, 13.25], "texture": "#2"},
				"up": {"uv": [0, 0, 6, 0], "rotation": 90, "texture": "#2"},
				"down": {"uv": [0, 0, 6, 0], "rotation": 270, "texture": "#2"}
			}
		},
		{
			"from": [13, 10, 2],
			"to": [13, 20, 8],
			"rotation": {"angle": 0, "axis": "y", "origin": [16, 0, 0]},
			"faces": {
				"north": {"uv": [0, 0, 0, 6], "texture": "#3"},
				"east": {"uv": [7.5, 3.25, 1.5, 13.25], "texture": "#3"},
				"south": {"uv": [0, 0, 0, 6], "texture": "#3"},
				"west": {"uv": [1.5, 3.25, 7.5, 13.25], "texture": "#3"},
				"up": {"uv": [6, 0, 0, 0], "rotation": 90, "texture": "#3"},
				"down": {"uv": [6, 0, 0, 0], "rotation": 270, "texture": "#3"}
			}
		},
		{
			"from": [13, 7, 8],
			"to": [13, 17, 14],
			"rotation": {"angle": 0, "axis": "y", "origin": [16, 0, 0]},
			"faces": {
				"north": {"uv": [0, 0, 0, 6], "texture": "#2"},
				"east": {"uv": [7.5, 3.25, 1.5, 13.25], "texture": "#2"},
				"south": {"uv": [0, 0, 0, 6], "texture": "#2"},
				"west": {"uv": [1.5, 3.25, 7.5, 13.25], "texture": "#2"},
				"up": {"uv": [6, 0, 0, 0], "rotation": 90, "texture": "#2"},
				"down": {"uv": [6, 0, 0, 0], "rotation": 270, "texture": "#2"}
			}
		}
	],
	"gui_light": "front",
	"display": {
		"thirdperson_righthand": {
			"rotation": [67.5, 0, 0],
			"translation": [0, 3, 8],
			"scale": [0.7, 0.7, 0.7]
		},
		"thirdperson_lefthand": {
			"rotation": [67.5, 0, 0],
			"translation": [0, 3, 8],
			"scale": [0.7, 0.7, 0.7]
		},
		"firstperson_righthand": {
			"translation": [3, 5.25, 0.5],
			"scale": [0.34766, 0.34766, 0.34766]
		},
		"firstperson_lefthand": {
			"translation": [3, 5.25, 0.5],
			"scale": [0.34766, 0.34766, 0.34766]
		},
		"ground": {
			"translation": [0, 9.75, 0],
			"scale": [0.5, 0.5, 0.5]
		},
		"gui": {
			"rotation": [30, -135, 0],
			"translation": [0.25, -1.5, -2],
			"scale": [0.39063, 0.39063, 0.39063]
		},
		"head": {
			"translation": [0, -15.25, -0.5],
			"scale": [0, 0, 0]
		},
		"fixed": {
			"rotation": [-90, 0, 0],
			"translation": [0, -0.25, -35.75],
			"scale": [2, 2, 2]
		}
	},
	"groups": [
		{
			"name": "group",
			"origin": [8, 12, 8],
			"color": 0,
			"children": [
				0,
				1,
				2,
				3,
				4,
				5,
				6,
				7,
				8,
				9,
				10,
				11,
				12,
				13,
				14,
				15,
				16,
				17,
				18,
				19,
				20,
				21,
				22,
				23,
				24,
				25,
				26,
				27,
				28,
				29,
				30,
				31,
				32,
				33,
				34,
				35,
				36,
				37,
				38,
				39,
				40,
				41,
				42,
				43,
				44,
				45,
				46,
				47,
				48,
				49,
				50,
				51,
				52,
				53,
				54
			]
		}
	]
}