{
	"credit": "MadewithBlockbench",
	"texture_size": [32, 32],
	"textures": {
		"0": "devil_animated_weapon_set:bowtex",
		"particle": "devil_animated_weapon_set:bowtex"
	},
	"elements": [
		{
			"from": [1, 5.5, 0],
			"to": [18, 5.5, 6],
			"rotation": {"angle": -22.5, "axis": "y", "origin": [9.5, 5.5, 5]},
			"faces": {
				"north": {"uv": [0, 8.5, 0, 0], "rotation": 90, "texture": "#0"},
				"east": {"uv": [0, 4, 0, 0], "rotation": 270, "texture": "#0"},
				"south": {"uv": [0, 8.5, 0, 0], "rotation": 90, "texture": "#0"},
				"west": {"uv": [0, 4, 0, 0], "rotation": 90, "texture": "#0"},
				"up": {"uv": [3.25, 6.125, 11.75, 3.125], "rotation": 180, "texture": "#0"},
				"down": {"uv": [11.75, 6.125, 3.25, 3.125], "texture": "#0"}
			}
		},
		{
			"from": [1, 5.5, 10],
			"to": [18, 5.5, 16],
			"rotation": {"angle": 22.5, "axis": "y", "origin": [9.5, 5.5, 11]},
			"faces": {
				"north": {"uv": [0, 0, 0, 8.5], "rotation": 90, "texture": "#0"},
				"east": {"uv": [0, 0, 0, 4], "rotation": 270, "texture": "#0"},
				"south": {"uv": [0, 0, 0, 8.5], "rotation": 90, "texture": "#0"},
				"west": {"uv": [0, 0, 0, 4], "rotation": 90, "texture": "#0"},
				"up": {"uv": [3.25, 3.125, 11.75, 6.125], "rotation": 180, "texture": "#0"},
				"down": {"uv": [11.75, 3.125, 3.25, 6.125], "texture": "#0"}
			}
		},
		{
			"from": [13.5, -6.3, 7.1],
			"to": [15.5, -3.3, 8.9],
			"rotation": {"angle": -45, "axis": "z", "origin": [11.9, -3, 8]},
			"faces": {
				"north": {"uv": [3, 8.375, 2, 9.875], "rotation": 180, "texture": "#0"},
				"east": {"uv": [7.5, 10, 8.5, 11.5], "rotation": 180, "texture": "#0"},
				"south": {"uv": [2, 8.375, 3, 9.875], "rotation": 180, "texture": "#0"},
				"west": {"uv": [5, 10, 6, 11.5], "rotation": 180, "texture": "#0"},
				"up": {"uv": [5, 9, 6, 10], "texture": "#0"},
				"down": {"uv": [1.5, 12.375, 2.5, 13.375], "texture": "#0"}
			}
		},
		{
			"from": [12.1, -9.6, 7.2],
			"to": [14.1, -6.6, 8.8],
			"rotation": {"angle": -22.5, "axis": "z", "origin": [11.9, -3, 8]},
			"faces": {
				"north": {"uv": [3, 8.375, 4, 9.875], "rotation": 180, "texture": "#0"},
				"east": {"uv": [6.75, 10, 7.5, 11.5], "rotation": 180, "texture": "#0"},
				"south": {"uv": [3, 8.375, 4, 9.875], "rotation": 180, "texture": "#0"},
				"west": {"uv": [6, 10, 6.75, 11.5], "rotation": 180, "texture": "#0"},
				"up": {"uv": [5, 11.5, 6, 12.25], "texture": "#0"},
				"down": {"uv": [6, 9.25, 7, 10], "texture": "#0"}
			}
		},
		{
			"from": [13.2, -4.7, 7],
			"to": [15.2, 0.3, 9],
			"rotation": {"angle": -22.5, "axis": "z", "origin": [12, -2.9, 8.1]},
			"faces": {
				"north": {"uv": [2, 8.375, 1, 10.875], "rotation": 180, "texture": "#0"},
				"east": {"uv": [1.5, 13.5, 2.5, 16], "rotation": 180, "texture": "#0"},
				"south": {"uv": [1, 8.375, 2, 10.875], "rotation": 180, "texture": "#0"},
				"west": {"uv": [4, 8.5, 5, 11], "rotation": 180, "texture": "#0"},
				"up": {"uv": [2.5, 15, 3.5, 16], "texture": "#0"},
				"down": {"uv": [2.5, 16, 3.5, 15], "texture": "#0"}
			}
		},
		{
			"from": [14, -1.5, 7.5],
			"to": [16, 4.5, 8.5],
			"rotation": {"angle": 0, "axis": "y", "origin": [8, 18, 8.1]},
			"faces": {
				"north": {"uv": [1, 10.875, 0, 7.875], "rotation": 180, "texture": "#0"},
				"east": {"uv": [1, 16, 1.5, 13], "rotation": 180, "texture": "#0"},
				"south": {"uv": [0, 10.875, 1, 7.875], "rotation": 180, "texture": "#0"},
				"west": {"uv": [3.5, 16, 4, 13], "rotation": 180, "texture": "#0"},
				"up": {"uv": [1, 12.5, 0, 13], "rotation": 180, "texture": "#0"},
				"down": {"uv": [1, 12.5, 0, 13], "texture": "#0"}
			}
		},
		{
			"from": [14, 6.5, 7.5],
			"to": [16, 12.5, 8.5],
			"rotation": {"angle": 0, "axis": "y", "origin": [8, -7, 8.1]},
			"faces": {
				"north": {"uv": [1, 7.875, 0, 10.875], "rotation": 180, "texture": "#0"},
				"east": {"uv": [1, 13, 1.5, 16], "rotation": 180, "texture": "#0"},
				"south": {"uv": [0, 7.875, 1, 10.875], "rotation": 180, "texture": "#0"},
				"west": {"uv": [3.5, 13, 4, 16], "rotation": 180, "texture": "#0"},
				"up": {"uv": [1, 13, 0, 12.5], "texture": "#0"},
				"down": {"uv": [1, 13, 0, 12.5], "rotation": 180, "texture": "#0"}
			}
		},
		{
			"from": [13.2, 10.7, 7],
			"to": [15.2, 15.7, 9],
			"rotation": {"angle": 22.5, "axis": "z", "origin": [12, 13.9, 8.1]},
			"faces": {
				"north": {"uv": [2, 10.875, 1, 8.375], "rotation": 180, "texture": "#0"},
				"east": {"uv": [1.5, 16, 2.5, 13.5], "rotation": 180, "texture": "#0"},
				"south": {"uv": [1, 10.875, 2, 8.375], "rotation": 180, "texture": "#0"},
				"west": {"uv": [4, 11, 5, 8.5], "rotation": 180, "texture": "#0"},
				"up": {"uv": [2.5, 15, 3.5, 16], "texture": "#0"},
				"down": {"uv": [2.5, 16, 3.5, 15], "texture": "#0"}
			}
		},
		{
			"from": [13.5, 14.3, 7.1],
			"to": [15.5, 17.3, 8.9],
			"rotation": {"angle": 45, "axis": "z", "origin": [11.9, 14, 8]},
			"faces": {
				"north": {"uv": [3, 9.875, 2, 8.375], "rotation": 180, "texture": "#0"},
				"east": {"uv": [7.5, 11.5, 8.5, 10], "rotation": 180, "texture": "#0"},
				"south": {"uv": [2, 9.875, 3, 8.375], "rotation": 180, "texture": "#0"},
				"west": {"uv": [5, 11.5, 6, 10], "rotation": 180, "texture": "#0"},
				"up": {"uv": [1.5, 13.375, 2.5, 12.375], "texture": "#0"},
				"down": {"uv": [5, 10, 6, 9], "texture": "#0"}
			}
		},
		{
			"from": [12.1, 17.6, 7.2],
			"to": [14.1, 20.6, 8.8],
			"rotation": {"angle": 22.5, "axis": "z", "origin": [11.9, 14, 8]},
			"faces": {
				"north": {"uv": [3, 9.875, 4, 8.375], "rotation": 180, "texture": "#0"},
				"east": {"uv": [6.75, 11.5, 7.5, 10], "rotation": 180, "texture": "#0"},
				"south": {"uv": [3, 9.875, 4, 8.375], "rotation": 180, "texture": "#0"},
				"west": {"uv": [6, 11.5, 6.75, 10], "rotation": 180, "texture": "#0"},
				"up": {"uv": [6, 10, 7, 9.25], "texture": "#0"},
				"down": {"uv": [5, 12.25, 6, 11.5], "texture": "#0"}
			}
		},
		{
			"from": [9.8, -8.9, 8],
			"to": [10.3, 5.6, 8],
			"rotation": {"angle": 0, "axis": "y", "origin": [18.5, 3.35, 7.5]},
			"faces": {
				"north": {"uv": [12, 5.75, 11.75, 0], "rotation": 180, "texture": "#0"},
				"east": {"uv": [8, 0, 13.75, 0], "rotation": 90, "texture": "#0"},
				"south": {"uv": [11.75, 5.75, 12, 0], "rotation": 180, "texture": "#0"},
				"west": {"uv": [8, 0, 13.75, 0], "rotation": 90, "texture": "#0"},
				"up": {"uv": [8, 0.25, 8, 0], "rotation": 90, "texture": "#0"},
				"down": {"uv": [8, 0.25, 8, 0], "rotation": 90, "texture": "#0"}
			}
		},
		{
			"from": [9.8, 5.4, 8],
			"to": [10.3, 19.9, 8],
			"rotation": {"angle": 0, "axis": "y", "origin": [18.5, 12.65, 7.5]},
			"faces": {
				"north": {"uv": [12, 0, 11.75, 5.75], "rotation": 180, "texture": "#0"},
				"east": {"uv": [13.75, 0, 8, 0], "rotation": 90, "texture": "#0"},
				"south": {"uv": [11.75, 0, 12, 5.75], "rotation": 180, "texture": "#0"},
				"west": {"uv": [13.75, 0, 8, 0], "rotation": 90, "texture": "#0"},
				"up": {"uv": [8, 0.25, 8, 0], "rotation": 90, "texture": "#0"},
				"down": {"uv": [8, 0.25, 8, 0], "rotation": 90, "texture": "#0"}
			}
		},
		{
			"from": [13.4, 4.4, 7],
			"to": [16.4, 6.6, 9],
			"rotation": {"angle": 0, "axis": "y", "origin": [12, 5.5, 9.5]},
			"faces": {
				"north": {"uv": [16, 7.5, 14.5, 8.5], "texture": "#0"},
				"east": {"uv": [15, 4.5, 16, 5.5], "rotation": 270, "texture": "#0"},
				"south": {"uv": [14.5, 7.5, 16, 8.5], "texture": "#0"},
				"west": {"uv": [15, 4.5, 16, 5.5], "rotation": 90, "texture": "#0"},
				"up": {"uv": [16, 5.5, 14.5, 6.5], "rotation": 180, "texture": "#0"},
				"down": {"uv": [14.5, 5.5, 16, 6.5], "texture": "#0"}
			}
		},
		{
			"from": [16.48346, 15.40395, 7.6],
			"to": [17.48346, 17.40395, 8.4],
			"rotation": {"angle": 45, "axis": "z", "origin": [16.96611, 11.91075, 8.025]},
			"faces": {
				"north": {"uv": [1.5, 5.5, 2.5, 5], "rotation": 270, "texture": "#0"},
				"east": {"uv": [1.5, 6.5, 2.5, 6], "rotation": 270, "texture": "#0"},
				"south": {"uv": [2.5, 5.5, 1.5, 5], "rotation": 90, "texture": "#0"},
				"west": {"uv": [1.5, 6, 2.5, 5.5], "rotation": 270, "texture": "#0"},
				"up": {"uv": [0, 6, 0.5, 5.5], "rotation": 90, "texture": "#0"},
				"down": {"uv": [0, 6, 0.5, 5.5], "rotation": 90, "texture": "#0"}
			}
		},
		{
			"from": [12.88346, 13.83666, 7.5],
			"to": [14.88346, 14.83666, 8.5],
			"rotation": {"angle": -22.5, "axis": "z", "origin": [16.26611, 12.91075, 8.025]},
			"faces": {
				"north": {"uv": [0.5, 6.125, 1.5, 6.625], "rotation": 180, "texture": "#0"},
				"east": {"uv": [0.5, 6.125, 0, 6.625], "rotation": 180, "texture": "#0"},
				"south": {"uv": [1.5, 6.125, 0.5, 6.625], "rotation": 180, "texture": "#0"},
				"west": {"uv": [0.5, 6.125, 0, 6.625], "rotation": 180, "texture": "#0"},
				"up": {"uv": [1.5, 7.125, 0.5, 7.625], "texture": "#0"},
				"down": {"uv": [1.5, 6.625, 0.5, 7.125], "texture": "#0"}
			}
		},
		{
			"from": [16.90451, 9.98633, 7.6],
			"to": [17.90451, 11.98633, 8.4],
			"rotation": {"angle": 0, "axis": "y", "origin": [16.26611, 12.91075, 8.025]},
			"faces": {
				"north": {"uv": [3.5, 7.125, 4.5, 6.625], "rotation": 270, "texture": "#0"},
				"east": {"uv": [3.5, 7.625, 4.5, 7.125], "rotation": 270, "texture": "#0"},
				"south": {"uv": [3.5, 7.125, 4.5, 6.625], "rotation": 90, "texture": "#0"},
				"west": {"uv": [4, 6.625, 5, 6.125], "rotation": 270, "texture": "#0"},
				"up": {"uv": [3.5, 6.625, 4, 6.125], "rotation": 90, "texture": "#0"},
				"down": {"uv": [3.5, 6.625, 4, 6.125], "rotation": 90, "texture": "#0"}
			}
		},
		{
			"from": [16.42589, 12.96963, 7.6],
			"to": [17.42589, 14.96963, 8.4],
			"rotation": {"angle": 45, "axis": "z", "origin": [16.26611, 12.91075, 8.025]},
			"faces": {
				"north": {"uv": [3.5, 7.125, 4.5, 6.625], "rotation": 270, "texture": "#0"},
				"east": {"uv": [4.5, 7.625, 3.5, 7.125], "rotation": 270, "texture": "#0"},
				"south": {"uv": [4.5, 7.125, 3.5, 6.625], "rotation": 90, "texture": "#0"},
				"west": {"uv": [5, 6.625, 4, 6.125], "rotation": 270, "texture": "#0"},
				"up": {"uv": [4, 6.625, 3.5, 6.125], "rotation": 90, "texture": "#0"},
				"down": {"uv": [4, 6.625, 3.5, 6.125], "rotation": 90, "texture": "#0"}
			}
		},
		{
			"from": [17.06153, 13.95819, 7.8],
			"to": [19.06153, 14.45819, 8.3],
			"rotation": {"angle": 45, "axis": "z", "origin": [16.26611, 12.91075, 8.025]},
			"faces": {
				"north": {"uv": [1.25, 7.875, 2.25, 7.625], "rotation": 180, "texture": "#0"},
				"east": {"uv": [0.25, 7.875, 0, 7.625], "rotation": 180, "texture": "#0"},
				"south": {"uv": [2.25, 7.875, 1.25, 7.625], "rotation": 180, "texture": "#0"},
				"west": {"uv": [0.25, 7.875, 0, 7.625], "rotation": 180, "texture": "#0"},
				"up": {"uv": [1.25, 7.875, 0.25, 7.625], "texture": "#0"},
				"down": {"uv": [3.25, 7.875, 2.25, 7.625], "texture": "#0"}
			}
		},
		{
			"from": [16.5, 12.2, 7.8],
			"to": [18.5, 12.7, 8.3],
			"rotation": {"angle": 22.5, "axis": "z", "origin": [16.26611, 12.91075, 8.025]},
			"faces": {
				"north": {"uv": [1.25, 7.625, 2.25, 7.875], "rotation": 180, "texture": "#0"},
				"east": {"uv": [0.25, 7.625, 0, 7.875], "rotation": 180, "texture": "#0"},
				"south": {"uv": [2.25, 7.625, 1.25, 7.875], "rotation": 180, "texture": "#0"},
				"west": {"uv": [0.25, 7.625, 0, 7.875], "rotation": 180, "texture": "#0"},
				"up": {"uv": [3.25, 7.625, 2.25, 7.875], "texture": "#0"},
				"down": {"uv": [1.25, 7.625, 0.25, 7.875], "texture": "#0"}
			}
		},
		{
			"from": [16.4, 11.4, 7.5],
			"to": [17.4, 13.4, 8.5],
			"rotation": {"angle": 22.5, "axis": "z", "origin": [16.26611, 12.91075, 8.025]},
			"faces": {
				"north": {"uv": [3.5, 6.625, 2.5, 6.125], "rotation": 270, "texture": "#0"},
				"east": {"uv": [2.5, 7.125, 3.5, 6.625], "rotation": 270, "texture": "#0"},
				"south": {"uv": [2.5, 6.625, 3.5, 6.125], "rotation": 90, "texture": "#0"},
				"west": {"uv": [2.5, 7.625, 3.5, 7.125], "rotation": 270, "texture": "#0"},
				"up": {"uv": [0, 7.625, 0.5, 7.125], "rotation": 90, "texture": "#0"},
				"down": {"uv": [0, 7.625, 0.5, 7.125], "rotation": 90, "texture": "#0"}
			}
		},
		{
			"from": [17.84015, 10.89777, 7.8],
			"to": [19.84015, 11.39777, 8.3],
			"rotation": {"angle": 0, "axis": "y", "origin": [16.26611, 12.91075, 8.025]},
			"faces": {
				"north": {"uv": [1.25, 7.625, 2.25, 7.875], "rotation": 180, "texture": "#0"},
				"east": {"uv": [0.25, 7.625, 0, 7.875], "rotation": 180, "texture": "#0"},
				"south": {"uv": [2.25, 7.625, 1.25, 7.875], "rotation": 180, "texture": "#0"},
				"west": {"uv": [0.25, 7.625, 0, 7.875], "rotation": 180, "texture": "#0"},
				"up": {"uv": [3.25, 7.625, 2.25, 7.875], "texture": "#0"},
				"down": {"uv": [1.25, 7.625, 0.25, 7.875], "texture": "#0"}
			}
		},
		{
			"from": [18.34933, 9.86394, 7.8],
			"to": [20.34933, 10.36394, 8.3],
			"rotation": {"angle": -22.5, "axis": "z", "origin": [16.26611, 12.91075, 8.025]},
			"faces": {
				"north": {"uv": [2.25, 7.875, 1.25, 7.625], "texture": "#0"},
				"east": {"uv": [0, 7.875, 0.25, 7.625], "texture": "#0"},
				"south": {"uv": [1.25, 7.875, 2.25, 7.625], "texture": "#0"},
				"west": {"uv": [0, 7.875, 0.25, 7.625], "texture": "#0"},
				"up": {"uv": [2.25, 7.875, 3.25, 7.625], "rotation": 180, "texture": "#0"},
				"down": {"uv": [0.25, 7.875, 1.25, 7.625], "rotation": 180, "texture": "#0"}
			}
		},
		{
			"from": [17.88346, 8.43666, 7.5],
			"to": [18.88346, 10.93666, 8.5],
			"rotation": {"angle": -22.5, "axis": "z", "origin": [16.26611, 12.91075, 8.025]},
			"faces": {
				"north": {"uv": [6.25, 6.625, 5, 6.125], "rotation": 270, "texture": "#0"},
				"east": {"uv": [4.5, 7.125, 5.75, 6.625], "rotation": 270, "texture": "#0"},
				"south": {"uv": [5, 6.625, 6.25, 6.125], "rotation": 90, "texture": "#0"},
				"west": {"uv": [4.5, 7.625, 5.75, 7.125], "rotation": 270, "texture": "#0"},
				"up": {"uv": [5.75, 7.125, 6.25, 6.625], "rotation": 90, "texture": "#0"},
				"down": {"uv": [5.75, 7.625, 6.25, 7.125], "rotation": 90, "texture": "#0"}
			}
		},
		{
			"from": [17.88346, 0.06334, 7.5],
			"to": [18.88346, 2.56334, 8.5],
			"rotation": {"angle": 22.5, "axis": "z", "origin": [16.26611, -1.91075, 8.025]},
			"faces": {
				"north": {"uv": [5, 6.625, 6.25, 6.125], "rotation": 270, "texture": "#0"},
				"east": {"uv": [5.75, 7.125, 4.5, 6.625], "rotation": 270, "texture": "#0"},
				"south": {"uv": [6.25, 6.625, 5, 6.125], "rotation": 90, "texture": "#0"},
				"west": {"uv": [5.75, 7.625, 4.5, 7.125], "rotation": 270, "texture": "#0"},
				"up": {"uv": [6.25, 7.625, 5.75, 7.125], "rotation": 90, "texture": "#0"},
				"down": {"uv": [6.25, 7.125, 5.75, 6.625], "rotation": 90, "texture": "#0"}
			}
		},
		{
			"from": [18.34933, 0.63606, 7.8],
			"to": [20.34933, 1.13606, 8.3],
			"rotation": {"angle": 22.5, "axis": "z", "origin": [16.26611, -1.91075, 8.025]},
			"faces": {
				"north": {"uv": [2.25, 7.625, 1.25, 7.875], "texture": "#0"},
				"east": {"uv": [0, 7.625, 0.25, 7.875], "texture": "#0"},
				"south": {"uv": [1.25, 7.625, 2.25, 7.875], "texture": "#0"},
				"west": {"uv": [0, 7.625, 0.25, 7.875], "texture": "#0"},
				"up": {"uv": [0.25, 7.625, 1.25, 7.875], "rotation": 180, "texture": "#0"},
				"down": {"uv": [2.25, 7.625, 3.25, 7.875], "rotation": 180, "texture": "#0"}
			}
		},
		{
			"from": [17.84015, -0.39777, 7.8],
			"to": [19.84015, 0.10223, 8.3],
			"rotation": {"angle": 0, "axis": "y", "origin": [16.26611, -1.91075, 8.025]},
			"faces": {
				"north": {"uv": [1.25, 7.875, 2.25, 7.625], "rotation": 180, "texture": "#0"},
				"east": {"uv": [0.25, 7.875, 0, 7.625], "rotation": 180, "texture": "#0"},
				"south": {"uv": [2.25, 7.875, 1.25, 7.625], "rotation": 180, "texture": "#0"},
				"west": {"uv": [0.25, 7.875, 0, 7.625], "rotation": 180, "texture": "#0"},
				"up": {"uv": [1.25, 7.875, 0.25, 7.625], "texture": "#0"},
				"down": {"uv": [3.25, 7.875, 2.25, 7.625], "texture": "#0"}
			}
		},
		{
			"from": [16.4, -2.4, 7.5],
			"to": [17.4, -0.4, 8.5],
			"rotation": {"angle": -22.5, "axis": "z", "origin": [16.26611, -1.91075, 8.025]},
			"faces": {
				"north": {"uv": [2.5, 6.625, 3.5, 6.125], "rotation": 270, "texture": "#0"},
				"east": {"uv": [3.5, 7.125, 2.5, 6.625], "rotation": 270, "texture": "#0"},
				"south": {"uv": [3.5, 6.625, 2.5, 6.125], "rotation": 90, "texture": "#0"},
				"west": {"uv": [3.5, 7.625, 2.5, 7.125], "rotation": 270, "texture": "#0"},
				"up": {"uv": [0.5, 7.625, 0, 7.125], "rotation": 90, "texture": "#0"},
				"down": {"uv": [0.5, 7.625, 0, 7.125], "rotation": 90, "texture": "#0"}
			}
		},
		{
			"from": [16.5, -1.7, 7.8],
			"to": [18.5, -1.2, 8.3],
			"rotation": {"angle": -22.5, "axis": "z", "origin": [16.26611, -1.91075, 8.025]},
			"faces": {
				"north": {"uv": [1.25, 7.875, 2.25, 7.625], "rotation": 180, "texture": "#0"},
				"east": {"uv": [0.25, 7.875, 0, 7.625], "rotation": 180, "texture": "#0"},
				"south": {"uv": [2.25, 7.875, 1.25, 7.625], "rotation": 180, "texture": "#0"},
				"west": {"uv": [0.25, 7.875, 0, 7.625], "rotation": 180, "texture": "#0"},
				"up": {"uv": [1.25, 7.875, 0.25, 7.625], "texture": "#0"},
				"down": {"uv": [3.25, 7.875, 2.25, 7.625], "texture": "#0"}
			}
		},
		{
			"from": [17.06153, -3.45819, 7.8],
			"to": [19.06153, -2.95819, 8.3],
			"rotation": {"angle": -45, "axis": "z", "origin": [16.26611, -1.91075, 8.025]},
			"faces": {
				"north": {"uv": [1.25, 7.625, 2.25, 7.875], "rotation": 180, "texture": "#0"},
				"east": {"uv": [0.25, 7.625, 0, 7.875], "rotation": 180, "texture": "#0"},
				"south": {"uv": [2.25, 7.625, 1.25, 7.875], "rotation": 180, "texture": "#0"},
				"west": {"uv": [0.25, 7.625, 0, 7.875], "rotation": 180, "texture": "#0"},
				"up": {"uv": [3.25, 7.625, 2.25, 7.875], "texture": "#0"},
				"down": {"uv": [1.25, 7.625, 0.25, 7.875], "texture": "#0"}
			}
		},
		{
			"from": [16.42589, -3.96963, 7.6],
			"to": [17.42589, -1.96963, 8.4],
			"rotation": {"angle": -45, "axis": "z", "origin": [16.26611, -1.91075, 8.025]},
			"faces": {
				"north": {"uv": [4.5, 7.125, 3.5, 6.625], "rotation": 270, "texture": "#0"},
				"east": {"uv": [3.5, 7.625, 4.5, 7.125], "rotation": 270, "texture": "#0"},
				"south": {"uv": [3.5, 7.125, 4.5, 6.625], "rotation": 90, "texture": "#0"},
				"west": {"uv": [4, 6.625, 5, 6.125], "rotation": 270, "texture": "#0"},
				"up": {"uv": [3.5, 6.625, 4, 6.125], "rotation": 90, "texture": "#0"},
				"down": {"uv": [3.5, 6.625, 4, 6.125], "rotation": 90, "texture": "#0"}
			}
		},
		{
			"from": [16.90451, -0.98633, 7.6],
			"to": [17.90451, 1.01367, 8.4],
			"rotation": {"angle": 0, "axis": "y", "origin": [16.26611, -1.91075, 8.025]},
			"faces": {
				"north": {"uv": [4.5, 7.125, 3.5, 6.625], "rotation": 270, "texture": "#0"},
				"east": {"uv": [4.5, 7.625, 3.5, 7.125], "rotation": 270, "texture": "#0"},
				"south": {"uv": [4.5, 7.125, 3.5, 6.625], "rotation": 90, "texture": "#0"},
				"west": {"uv": [5, 6.625, 4, 6.125], "rotation": 270, "texture": "#0"},
				"up": {"uv": [4, 6.625, 3.5, 6.125], "rotation": 90, "texture": "#0"},
				"down": {"uv": [4, 6.625, 3.5, 6.125], "rotation": 90, "texture": "#0"}
			}
		},
		{
			"from": [12.88346, -3.83666, 7.5],
			"to": [14.88346, -2.83666, 8.5],
			"rotation": {"angle": 22.5, "axis": "z", "origin": [16.26611, -1.91075, 8.025]},
			"faces": {
				"north": {"uv": [0.5, 6.625, 1.5, 6.125], "rotation": 180, "texture": "#0"},
				"east": {"uv": [0.5, 6.625, 0, 6.125], "rotation": 180, "texture": "#0"},
				"south": {"uv": [1.5, 6.625, 0.5, 6.125], "rotation": 180, "texture": "#0"},
				"west": {"uv": [0.5, 6.625, 0, 6.125], "rotation": 180, "texture": "#0"},
				"up": {"uv": [1.5, 7.125, 0.5, 6.625], "texture": "#0"},
				"down": {"uv": [1.5, 7.625, 0.5, 7.125], "texture": "#0"}
			}
		},
		{
			"from": [8.9, 20.9, 8],
			"to": [10.9, 23.9, 8],
			"rotation": {"angle": 22.5, "axis": "z", "origin": [11, 22.5, 8]},
			"faces": {
				"north": {"uv": [1.75, 1.5, 0.75, 0], "texture": "#0"},
				"east": {"uv": [0, 1.5, 0, 0], "texture": "#0"},
				"south": {"uv": [0.75, 1.5, 1.75, 0], "texture": "#0"},
				"west": {"uv": [0, 1.5, 0, 0], "texture": "#0"},
				"up": {"uv": [0, 0, 1, 0], "texture": "#0"},
				"down": {"uv": [0, 0, 1, 0], "texture": "#0"}
			}
		},
		{
			"from": [10.8, -12.5, 8],
			"to": [12.8, -9.5, 8],
			"rotation": {"angle": -22.5, "axis": "z", "origin": [11, -6.5, 8]},
			"faces": {
				"north": {"uv": [1.75, 0, 0.75, 1.5], "texture": "#0"},
				"east": {"uv": [0, 0, 0, 1.5], "texture": "#0"},
				"south": {"uv": [0.75, 0, 1.75, 1.5], "texture": "#0"},
				"west": {"uv": [0, 0, 0, 1.5], "texture": "#0"},
				"up": {"uv": [0, 0, 1, 0], "texture": "#0"},
				"down": {"uv": [0, 0, 1, 0], "texture": "#0"}
			}
		}
	],
	"gui_light": "front",
	"display": {
		"thirdperson_righthand": {
			"rotation": [0, 90, 0],
			"translation": [0, 0, 5],
			"scale": [0.7, 0.7, 0.7]
		},
		"thirdperson_lefthand": {
			"rotation": [0, -90, 0],
			"translation": [0, 0, 5],
			"scale": [0.7, 0.7, 0.7]
		},
		"firstperson_righthand": {
			"rotation": [6, 90, 0],
			"translation": [12.75, 7, -3],
			"scale": [0.88008, 0.88008, 0.88008]
		},
		"firstperson_lefthand": {
			"rotation": [6, -90, 0],
			"translation": [12.75, 7, -3],
			"scale": [0.88008, 0.88008, 0.88008]
		},
		"ground": {
			"rotation": [0, 0, 45],
			"translation": [-2, 9.75, 0],
			"scale": [0.5, 0.5, 0.5]
		},
		"gui": {
			"rotation": [0, 180, 45],
			"translation": [1.75, 0.25, -2],
			"scale": [0.57313, 0.57313, 0.57313]
		},
		"head": {
			"translation": [0, -15.25, -0.5],
			"scale": [0, 0, 0]
		},
		"fixed": {
			"translation": [-13.25, 5, -2],
			"scale": [2, 2, 2]
		}
	}
}