{
	"credit": "MadewithBlockbench",
	"texture_size": [32, 32],
	"textures": {
		"0": "devil_animated_weapon_set:chesttex",
		"1": "devil_animated_weapon_set:symbol",
		"2": "devil_animated_weapon_set:bloodrain1",
		"3": "devil_animated_weapon_set:bloodrain2",
		"particle": "devil_animated_weapon_set:chesttex"
	},
	"elements": [
		{
			"from": [8, 8.4, 9.9],
			"to": [16.4, 11.4, 12.9],
			"rotation": {"angle": -22.5, "axis": "x", "origin": [11.25, 14, 8]},
			"faces": {
				"north": {"uv": [3.125, 2.75, 5.25, 3.5], "texture": "#0"},
				"east": {"uv": [5.25, 2.25, 6, 3], "texture": "#0"},
				"south": {"uv": [3.125, 2.75, 5.25, 3.5], "texture": "#0"},
				"west": {"uv": [5.25, 2.25, 6, 3], "texture": "#0"},
				"up": {"uv": [8, 0.75, 5.875, 0], "texture": "#0"},
				"down": {"uv": [8, 0, 5.875, 0.75], "texture": "#0"}
			}
		},
		{
			"from": [-0.4, 8.4, 9.9],
			"to": [8, 11.4, 12.9],
			"rotation": {"angle": -22.5, "axis": "x", "origin": [4.75, 14, 8]},
			"faces": {
				"north": {"uv": [5.25, 2.75, 3.125, 3.5], "texture": "#0"},
				"east": {"uv": [6, 2.25, 5.25, 3], "texture": "#0"},
				"south": {"uv": [5.25, 2.75, 3.125, 3.5], "texture": "#0"},
				"west": {"uv": [6, 2.25, 5.25, 3], "texture": "#0"},
				"up": {"uv": [5.875, 0.75, 8, 0], "texture": "#0"},
				"down": {"uv": [5.875, 0, 8, 0.75], "texture": "#0"}
			}
		},
		{
			"from": [-0.4, 8.4, 3.1],
			"to": [8, 11.4, 6.1],
			"rotation": {"angle": 22.5, "axis": "x", "origin": [4.75, 14, 8]},
			"faces": {
				"north": {"uv": [3.125, 2.75, 5.25, 3.5], "texture": "#0"},
				"east": {"uv": [5.25, 2.25, 6, 3], "texture": "#0"},
				"south": {"uv": [3.125, 2.75, 5.25, 3.5], "texture": "#0"},
				"west": {"uv": [5.25, 2.25, 6, 3], "texture": "#0"},
				"up": {"uv": [5.875, 0, 8, 0.75], "texture": "#0"},
				"down": {"uv": [5.875, 0.75, 8, 0], "texture": "#0"}
			}
		},
		{
			"from": [8, 8.4, 3.1],
			"to": [16.4, 11.4, 6.1],
			"rotation": {"angle": 22.5, "axis": "x", "origin": [11.25, 14, 8]},
			"faces": {
				"north": {"uv": [5.25, 2.75, 3.125, 3.5], "texture": "#0"},
				"east": {"uv": [6, 2.25, 5.25, 3], "texture": "#0"},
				"south": {"uv": [5.25, 2.75, 3.125, 3.5], "texture": "#0"},
				"west": {"uv": [6, 2.25, 5.25, 3], "texture": "#0"},
				"up": {"uv": [8, 0, 5.875, 0.75], "texture": "#0"},
				"down": {"uv": [8, 0.75, 5.875, 0], "texture": "#0"}
			}
		},
		{
			"from": [13.7, 8.3, 5.2],
			"to": [16.5, 8.8, 8.7],
			"rotation": {"angle": 45, "axis": "x", "origin": [23.1, 14.3, 16.7]},
			"faces": {
				"north": {"uv": [15.8125, 10.5, 15.0625, 10.625], "texture": "#0"},
				"east": {"uv": [15.9375, 10.625, 15.0625, 10.75], "texture": "#0"},
				"south": {"uv": [15.8125, 10.375, 15.0625, 10.5], "texture": "#0"},
				"west": {"uv": [15.0625, 10.625, 15.9375, 10.75], "texture": "#0"},
				"up": {"uv": [15.0625, 10.75, 15.9375, 11.5], "rotation": 90, "texture": "#0"},
				"down": {"uv": [15.0625, 10.75, 15.9375, 11.5], "rotation": 270, "texture": "#0"}
			}
		},
		{
			"from": [13.7, 13.5, 2.5],
			"to": [16.5, 14, 6],
			"rotation": {"angle": 0, "axis": "y", "origin": [23.1, 14.3, 16.7]},
			"faces": {
				"north": {"uv": [15.8125, 10.5, 15.0625, 10.625], "texture": "#0"},
				"east": {"uv": [15.9375, 10.625, 15.0625, 10.75], "texture": "#0"},
				"south": {"uv": [15.8125, 10.375, 15.0625, 10.5], "texture": "#0"},
				"west": {"uv": [15.0625, 10.625, 15.9375, 10.75], "texture": "#0"},
				"up": {"uv": [15.0625, 10.75, 15.9375, 11.5], "rotation": 90, "texture": "#0"},
				"down": {"uv": [15.0625, 10.75, 15.9375, 11.5], "rotation": 270, "texture": "#0"}
			}
		},
		{
			"from": [13.7, 10.5, 3.4],
			"to": [16.5, 11, 6.9],
			"rotation": {"angle": 22.5, "axis": "x", "origin": [23.1, 14.3, 16.7]},
			"faces": {
				"north": {"uv": [15.8125, 10.5, 15.0625, 10.625], "texture": "#0"},
				"east": {"uv": [15.9375, 10.625, 15.0625, 10.75], "texture": "#0"},
				"south": {"uv": [15.8125, 10.375, 15.0625, 10.5], "texture": "#0"},
				"west": {"uv": [15.0625, 10.625, 15.9375, 10.75], "texture": "#0"},
				"up": {"uv": [15.0625, 10.75, 15.9375, 11.5], "rotation": 90, "texture": "#0"},
				"down": {"uv": [15.0625, 10.75, 15.9375, 11.5], "rotation": 270, "texture": "#0"}
			}
		},
		{
			"from": [13.8, 14, 2.8],
			"to": [16.4, 15.5, 5.8],
			"rotation": {"angle": 0, "axis": "y", "origin": [23.1, 14.3, 16.7]},
			"faces": {
				"north": {"uv": [14.0625, 9.25, 13.4375, 9.625], "texture": "#0"},
				"east": {"uv": [12.6875, 9.5, 11.9375, 9.875], "texture": "#0"},
				"south": {"uv": [14.0625, 8.875, 13.4375, 9.25], "texture": "#0"},
				"west": {"uv": [11.9375, 9.5, 12.6875, 9.875], "texture": "#0"},
				"up": {"uv": [12.6875, 9.5, 13.4375, 8.875], "rotation": 90, "texture": "#0"},
				"down": {"uv": [11.9375, 8.875, 12.6875, 9.5], "rotation": 270, "texture": "#0"}
			}
		},
		{
			"from": [13.9, 10.2, 3.6],
			"to": [16.3, 12.2, 6.6],
			"rotation": {"angle": 22.5, "axis": "x", "origin": [23.1, 14.3, 16.7]},
			"faces": {
				"north": {"uv": [13.3125, 10, 12.6875, 10.5], "texture": "#0"},
				"east": {"uv": [12.6875, 10.5625, 11.9375, 11.0625], "texture": "#0"},
				"south": {"uv": [13.3125, 9.5, 12.6875, 10], "texture": "#0"},
				"west": {"uv": [11.9375, 10.5625, 12.6875, 11.0625], "texture": "#0"},
				"up": {"uv": [11.9375, 10.5625, 12.6875, 9.9375], "rotation": 90, "texture": "#0"},
				"down": {"uv": [11.9375, 10.5625, 12.6875, 9.9375], "rotation": 270, "texture": "#0"}
			}
		},
		{
			"from": [14, 22.4, 9.8],
			"to": [16.2, 25.4, 11.8],
			"rotation": {"angle": -45, "axis": "x", "origin": [23.1, 14.3, 16.7]},
			"faces": {
				"north": {"uv": [12.4375, 11.875, 11.9375, 12.625], "texture": "#0"},
				"east": {"uv": [12.4375, 11.125, 11.9375, 11.875], "texture": "#0"},
				"south": {"uv": [13.1875, 11.5625, 12.6875, 12.3125], "texture": "#0"},
				"west": {"uv": [11.9375, 11.125, 12.4375, 11.875], "texture": "#0"},
				"up": {"uv": [12.6875, 10.5625, 13.1875, 11.0625], "rotation": 90, "texture": "#0"},
				"down": {"uv": [12.6875, 11.0625, 13.1875, 11.5625], "rotation": 270, "texture": "#0"}
			}
		},
		{
			"from": [14.1, 19.6, 8.1],
			"to": [16.1, 22.1, 10.1],
			"rotation": {"angle": -22.5, "axis": "x", "origin": [23.1, 14.3, 16.7]},
			"faces": {
				"north": {"uv": [13.1875, 13.5625, 12.6875, 14.1875], "texture": "#0"},
				"east": {"uv": [13.1875, 12.3125, 12.6875, 12.9375], "texture": "#0"},
				"south": {"uv": [13.1875, 12.9375, 12.6875, 13.5625], "texture": "#0"},
				"west": {"uv": [12.6875, 12.3125, 13.1875, 12.9375], "texture": "#0"},
				"up": {"uv": [11.9375, 13.625, 12.4375, 13.125], "rotation": 90, "texture": "#0"},
				"down": {"uv": [11.9375, 13.125, 12.4375, 12.625], "rotation": 270, "texture": "#0"}
			}
		},
		{
			"from": [14.4, 16.3, 7.7],
			"to": [15.8, 18.8, 9.7],
			"rotation": {"angle": 0, "axis": "y", "origin": [23.1, 14.3, 16.7]},
			"faces": {
				"north": {"uv": [13.0625, 14.425, 12.6875, 15.05], "texture": "#0"},
				"east": {"uv": [12.4375, 13.625, 11.9375, 14.25], "texture": "#0"},
				"south": {"uv": [12.3125, 15, 11.9375, 15.625], "texture": "#0"},
				"west": {"uv": [11.9375, 13.625, 12.4375, 14.25], "texture": "#0"},
				"up": {"uv": [11.9375, 14.625, 12.4375, 14.25], "rotation": 90, "texture": "#0"},
				"down": {"uv": [11.9375, 14.625, 12.4375, 15], "rotation": 270, "texture": "#0"}
			}
		},
		{
			"from": [14.5, 13.3, 8.7],
			"to": [15.7, 15.3, 10.7],
			"rotation": {"angle": 22.5, "axis": "x", "origin": [23.1, 14.3, 16.7]},
			"faces": {
				"north": {"uv": [12.5625, 15.125, 12.3125, 15.625], "texture": "#0"},
				"east": {"uv": [13.3125, 15.125, 12.8125, 15.625], "texture": "#0"},
				"south": {"uv": [12.8125, 15.125, 12.5625, 15.625], "texture": "#0"},
				"west": {"uv": [12.8125, 15.125, 13.3125, 15.625], "texture": "#0"},
				"up": {"uv": [12.4375, 15.625, 12.9375, 15.875], "rotation": 90, "texture": "#0"},
				"down": {"uv": [11.9375, 15.625, 12.4375, 15.875], "rotation": 270, "texture": "#0"}
			}
		},
		{
			"from": [14.6, 10.8, 10.7],
			"to": [15.6, 12.8, 12.7],
			"rotation": {"angle": 45, "axis": "x", "origin": [23.1, 14.3, 16.7]},
			"faces": {
				"north": {"uv": [13.4375, 13, 13.1875, 13.5], "texture": "#0"},
				"east": {"uv": [14.6875, 12.125, 14.1875, 12.625], "texture": "#0"},
				"south": {"uv": [13.6875, 13, 13.4375, 13.5], "texture": "#0"},
				"west": {"uv": [14.1875, 12.125, 14.6875, 12.625], "texture": "#0"},
				"up": {"uv": [13.1875, 12.75, 13.6875, 12.5], "rotation": 90, "texture": "#0"},
				"down": {"uv": [13.1875, 13, 13.6875, 12.75], "rotation": 270, "texture": "#0"}
			}
		},
		{
			"from": [0.4, 10.8, 10.7],
			"to": [1.4, 12.8, 12.7],
			"rotation": {"angle": 45, "axis": "x", "origin": [-7.1, 14.3, 16.7]},
			"faces": {
				"north": {"uv": [13.1875, 13, 13.4375, 13.5], "texture": "#0"},
				"east": {"uv": [14.6875, 12.125, 14.1875, 12.625], "texture": "#0"},
				"south": {"uv": [13.4375, 13, 13.6875, 13.5], "texture": "#0"},
				"west": {"uv": [14.1875, 12.125, 14.6875, 12.625], "texture": "#0"},
				"up": {"uv": [13.1875, 12.5, 13.6875, 12.75], "rotation": 90, "texture": "#0"},
				"down": {"uv": [13.1875, 12.75, 13.6875, 13], "rotation": 270, "texture": "#0"}
			}
		},
		{
			"from": [0.3, 13.3, 8.7],
			"to": [1.5, 15.3, 10.7],
			"rotation": {"angle": 22.5, "axis": "x", "origin": [-7.1, 14.3, 16.7]},
			"faces": {
				"north": {"uv": [12.3125, 15.125, 12.5625, 15.625], "texture": "#0"},
				"east": {"uv": [13.3125, 15.125, 12.8125, 15.625], "texture": "#0"},
				"south": {"uv": [12.5625, 15.125, 12.8125, 15.625], "texture": "#0"},
				"west": {"uv": [12.8125, 15.125, 13.3125, 15.625], "texture": "#0"},
				"up": {"uv": [12.4375, 15.875, 12.9375, 15.625], "rotation": 90, "texture": "#0"},
				"down": {"uv": [11.9375, 15.875, 12.4375, 15.625], "rotation": 270, "texture": "#0"}
			}
		},
		{
			"from": [0.2, 16.3, 7.7],
			"to": [1.6, 18.8, 9.7],
			"rotation": {"angle": 0, "axis": "y", "origin": [-7.1, 14.3, 16.7]},
			"faces": {
				"north": {"uv": [12.6875, 14.425, 13.0625, 15.05], "texture": "#0"},
				"east": {"uv": [12.4375, 13.625, 11.9375, 14.25], "texture": "#0"},
				"south": {"uv": [11.9375, 15, 12.3125, 15.625], "texture": "#0"},
				"west": {"uv": [11.9375, 13.625, 12.4375, 14.25], "texture": "#0"},
				"up": {"uv": [11.9375, 14.25, 12.4375, 14.625], "rotation": 90, "texture": "#0"},
				"down": {"uv": [11.9375, 15, 12.4375, 14.625], "rotation": 270, "texture": "#0"}
			}
		},
		{
			"from": [-0.1, 19.6, 8.1],
			"to": [1.9, 22.1, 10.1],
			"rotation": {"angle": -22.5, "axis": "x", "origin": [-7.1, 14.3, 16.7]},
			"faces": {
				"north": {"uv": [12.6875, 13.5625, 13.1875, 14.1875], "texture": "#0"},
				"east": {"uv": [13.1875, 12.3125, 12.6875, 12.9375], "texture": "#0"},
				"south": {"uv": [12.6875, 12.9375, 13.1875, 13.5625], "texture": "#0"},
				"west": {"uv": [12.6875, 12.3125, 13.1875, 12.9375], "texture": "#0"},
				"up": {"uv": [11.9375, 13.125, 12.4375, 13.625], "rotation": 90, "texture": "#0"},
				"down": {"uv": [11.9375, 12.625, 12.4375, 13.125], "rotation": 270, "texture": "#0"}
			}
		},
		{
			"from": [-0.2, 22.4, 9.8],
			"to": [2, 25.4, 11.8],
			"rotation": {"angle": -45, "axis": "x", "origin": [-7.1, 14.3, 16.7]},
			"faces": {
				"north": {"uv": [11.9375, 11.875, 12.4375, 12.625], "texture": "#0"},
				"east": {"uv": [12.4375, 11.125, 11.9375, 11.875], "texture": "#0"},
				"south": {"uv": [12.6875, 11.5625, 13.1875, 12.3125], "texture": "#0"},
				"west": {"uv": [11.9375, 11.125, 12.4375, 11.875], "texture": "#0"},
				"up": {"uv": [12.6875, 11.0625, 13.1875, 10.5625], "rotation": 90, "texture": "#0"},
				"down": {"uv": [12.6875, 11.5625, 13.1875, 11.0625], "rotation": 270, "texture": "#0"}
			}
		},
		{
			"from": [-0.3, 10.2, 3.6],
			"to": [2.1, 12.2, 6.6],
			"rotation": {"angle": 22.5, "axis": "x", "origin": [-7.1, 14.3, 16.7]},
			"faces": {
				"north": {"uv": [12.6875, 10, 13.3125, 10.5], "texture": "#0"},
				"east": {"uv": [12.6875, 10.5625, 11.9375, 11.0625], "texture": "#0"},
				"south": {"uv": [12.6875, 9.5, 13.3125, 10], "texture": "#0"},
				"west": {"uv": [11.9375, 10.5625, 12.6875, 11.0625], "texture": "#0"},
				"up": {"uv": [11.9375, 9.9375, 12.6875, 10.5625], "rotation": 90, "texture": "#0"},
				"down": {"uv": [11.9375, 9.9375, 12.6875, 10.5625], "rotation": 270, "texture": "#0"}
			}
		},
		{
			"from": [-0.5, 10.5, 3.4],
			"to": [2.3, 11, 6.9],
			"rotation": {"angle": 22.5, "axis": "x", "origin": [-7.1, 14.3, 16.7]},
			"faces": {
				"north": {"uv": [15.0625, 10.5, 15.8125, 10.625], "texture": "#0"},
				"east": {"uv": [15.9375, 10.625, 15.0625, 10.75], "texture": "#0"},
				"south": {"uv": [15.0625, 10.375, 15.8125, 10.5], "texture": "#0"},
				"west": {"uv": [15.0625, 10.625, 15.9375, 10.75], "texture": "#0"},
				"up": {"uv": [15.0625, 11.5, 15.9375, 10.75], "rotation": 90, "texture": "#0"},
				"down": {"uv": [15.0625, 11.5, 15.9375, 10.75], "rotation": 270, "texture": "#0"}
			}
		},
		{
			"from": [-0.5, 8.3, 5.2],
			"to": [2.3, 8.8, 8.7],
			"rotation": {"angle": 45, "axis": "x", "origin": [-7.1, 14.3, 16.7]},
			"faces": {
				"north": {"uv": [15.0625, 10.5, 15.8125, 10.625], "texture": "#0"},
				"east": {"uv": [15.9375, 10.625, 15.0625, 10.75], "texture": "#0"},
				"south": {"uv": [15.0625, 10.375, 15.8125, 10.5], "texture": "#0"},
				"west": {"uv": [15.0625, 10.625, 15.9375, 10.75], "texture": "#0"},
				"up": {"uv": [15.0625, 11.5, 15.9375, 10.75], "rotation": 90, "texture": "#0"},
				"down": {"uv": [15.0625, 11.5, 15.9375, 10.75], "rotation": 270, "texture": "#0"}
			}
		},
		{
			"from": [-0.5, 13.5, 2.5],
			"to": [2.3, 14, 6],
			"rotation": {"angle": 0, "axis": "y", "origin": [-7.1, 14.3, 16.7]},
			"faces": {
				"north": {"uv": [15.0625, 10.5, 15.8125, 10.625], "texture": "#0"},
				"east": {"uv": [15.9375, 10.625, 15.0625, 10.75], "texture": "#0"},
				"south": {"uv": [15.0625, 10.375, 15.8125, 10.5], "texture": "#0"},
				"west": {"uv": [15.0625, 10.625, 15.9375, 10.75], "texture": "#0"},
				"up": {"uv": [15.0625, 11.5, 15.9375, 10.75], "rotation": 90, "texture": "#0"},
				"down": {"uv": [15.0625, 11.5, 15.9375, 10.75], "rotation": 270, "texture": "#0"}
			}
		},
		{
			"from": [-0.4, 14, 2.8],
			"to": [2.2, 15.5, 5.8],
			"rotation": {"angle": 0, "axis": "y", "origin": [-7.1, 14.3, 16.7]},
			"faces": {
				"north": {"uv": [13.4375, 9.25, 14.0625, 9.625], "texture": "#0"},
				"east": {"uv": [12.6875, 9.5, 11.9375, 9.875], "texture": "#0"},
				"south": {"uv": [13.4375, 8.875, 14.0625, 9.25], "texture": "#0"},
				"west": {"uv": [11.9375, 9.5, 12.6875, 9.875], "texture": "#0"},
				"up": {"uv": [12.6875, 8.875, 13.4375, 9.5], "rotation": 90, "texture": "#0"},
				"down": {"uv": [11.9375, 9.5, 12.6875, 8.875], "rotation": 270, "texture": "#0"}
			}
		},
		{
			"from": [8, 11.5, 2.5],
			"to": [16.5, 13.5, 13.5],
			"rotation": {"angle": 0, "axis": "y", "origin": [14.5, 7.5, 0]},
			"faces": {
				"north": {"uv": [3.125, 2.25, 5.25, 2.75], "texture": "#0"},
				"east": {"uv": [3.125, 1.75, 5.875, 2.25], "texture": "#0"},
				"south": {"uv": [3.125, 2.75, 5.25, 2.25], "texture": "#0"},
				"west": {"uv": [3.125, 1.75, 5.875, 2.25], "texture": "#0"},
				"up": {"uv": [2.125, 9.8125, 0, 12.5625], "texture": "#0"},
				"down": {"uv": [2.125, 9.8125, 0, 12.5625], "texture": "#0"}
			}
		},
		{
			"from": [-0.5, 11.5, 2.5],
			"to": [8, 13.5, 13.5],
			"rotation": {"angle": 0, "axis": "y", "origin": [1.5, 7.5, 0]},
			"faces": {
				"north": {"uv": [5.25, 2.25, 3.125, 2.75], "texture": "#0"},
				"east": {"uv": [5.875, 1.75, 3.125, 2.25], "texture": "#0"},
				"south": {"uv": [5.25, 2.75, 3.125, 2.25], "texture": "#0"},
				"west": {"uv": [5.875, 1.75, 3.125, 2.25], "texture": "#0"},
				"up": {"uv": [0, 9.8125, 2.125, 12.5625], "texture": "#0"},
				"down": {"uv": [0, 9.8125, 2.125, 12.5625], "texture": "#0"}
			}
		},
		{
			"from": [-1, 0.5, 0],
			"to": [8, 2.5, 16],
			"rotation": {"angle": 0, "axis": "y", "origin": [8, 5.5, 0]},
			"faces": {
				"north": {"uv": [2.25, 8.0625, 2.75, 5.8125], "rotation": 90, "texture": "#0"},
				"east": {"uv": [2.25, 1.8125, 2.75, 5.8125], "rotation": 90, "texture": "#0"},
				"south": {"uv": [2.25, 5.8125, 2.75, 8.0625], "rotation": 90, "texture": "#0"},
				"west": {"uv": [2.25, 1.8125, 2.75, 5.8125], "rotation": 90, "texture": "#0"},
				"up": {"uv": [2.25, 9.8125, 0, 5.8125], "texture": "#0"},
				"down": {"uv": [2.25, 1.8125, 0, 5.8125], "texture": "#0"}
			}
		},
		{
			"from": [8, 0.5, 0],
			"to": [17, 2.5, 16],
			"rotation": {"angle": 0, "axis": "y", "origin": [12.5, 5.5, 0]},
			"faces": {
				"north": {"uv": [2.25, 5.8125, 2.75, 8.0625], "rotation": 90, "texture": "#0"},
				"east": {"uv": [2.25, 1.8125, 2.75, 5.8125], "rotation": 90, "texture": "#0"},
				"south": {"uv": [2.25, 8.0625, 2.75, 5.8125], "rotation": 90, "texture": "#0"},
				"west": {"uv": [2.25, 1.8125, 2.75, 5.8125], "rotation": 90, "texture": "#0"},
				"up": {"uv": [2.25, 9.8125, 0, 5.8125], "texture": "#0"},
				"down": {"uv": [2.25, 1.8125, 0, 5.8125], "texture": "#0"}
			}
		},
		{
			"from": [-1, 9.5, 0],
			"to": [8, 11.5, 16],
			"rotation": {"angle": 0, "axis": "y", "origin": [8, 7.5, 0]},
			"faces": {
				"north": {"uv": [5.75, 3.5, 8, 4], "texture": "#0"},
				"east": {"uv": [3, 4, 3.5, 8], "rotation": 90, "texture": "#0"},
				"south": {"uv": [5.75, 3.5, 8, 4], "texture": "#0"},
				"west": {"uv": [3, 4, 3.5, 8], "rotation": 90, "texture": "#0"},
				"up": {"uv": [5.75, 8, 3.5, 4], "texture": "#0"},
				"down": {"uv": [8, 4, 5.75, 8], "texture": "#0"}
			}
		},
		{
			"from": [8, 9.5, 0],
			"to": [17, 11.5, 16],
			"rotation": {"angle": 0, "axis": "y", "origin": [8, 7.5, 0]},
			"faces": {
				"north": {"uv": [8, 3.5, 5.75, 4], "texture": "#0"},
				"east": {"uv": [3, 8, 3.5, 4], "rotation": 90, "texture": "#0"},
				"south": {"uv": [8, 3.5, 5.75, 4], "texture": "#0"},
				"west": {"uv": [3, 8, 3.5, 4], "rotation": 90, "texture": "#0"},
				"up": {"uv": [3.5, 8, 5.75, 4], "texture": "#0"},
				"down": {"uv": [5.75, 4, 8, 8], "texture": "#0"}
			}
		},
		{
			"from": [-0.5, 2.5, 0.5],
			"to": [8, 9.5, 15.5],
			"rotation": {"angle": 0, "axis": "y", "origin": [8, 5.5, 0]},
			"faces": {
				"north": {"uv": [3.75, 0, 5.875, 1.75], "texture": "#0"},
				"east": {"uv": [0, 0, 3.75, 1.75], "texture": "#0"},
				"south": {"uv": [5.875, 0, 3.75, 1.75], "texture": "#0"},
				"west": {"uv": [0, 0, 3.75, 1.75], "texture": "#0"},
				"up": {"uv": [2.125, 5.5, 0, 1.75], "texture": "#0"},
				"down": {"uv": [2.125, 1.75, 0, 5.5], "texture": "#0"}
			}
		},
		{
			"from": [8, 2.5, 0.5],
			"to": [16.5, 9.5, 15.5],
			"rotation": {"angle": 0, "axis": "y", "origin": [8, 5.5, 0]},
			"faces": {
				"north": {"uv": [5.875, 0, 3.75, 1.75], "texture": "#0"},
				"east": {"uv": [3.75, 0, 0, 1.75], "texture": "#0"},
				"south": {"uv": [3.75, 0, 5.875, 1.75], "texture": "#0"},
				"west": {"uv": [3.75, 0, 0, 1.75], "texture": "#0"},
				"up": {"uv": [0, 5.5, 2.125, 1.75], "texture": "#0"},
				"down": {"uv": [0, 1.75, 2.125, 5.5], "texture": "#0"}
			}
		},
		{
			"from": [17, 0, 8],
			"to": [17, 10, 14],
			"rotation": {"angle": 0, "axis": "y", "origin": [0, 0, 16]},
			"faces": {
				"north": {"uv": [0, 0, 0, 6], "texture": "#2"},
				"east": {"uv": [1.5, 3.25, 7.5, 13.25], "texture": "#2"},
				"south": {"uv": [0, 0, 0, 6], "texture": "#2"},
				"west": {"uv": [7.5, 3.25, 1.5, 13.25], "texture": "#2"},
				"up": {"uv": [0, 0, 6, 0], "rotation": 90, "texture": "#2"},
				"down": {"uv": [0, 0, 6, 0], "rotation": 270, "texture": "#2"}
			}
		},
		{
			"from": [17, 0, 2],
			"to": [17, 10, 8],
			"rotation": {"angle": 0, "axis": "y", "origin": [0, 0, 16]},
			"faces": {
				"north": {"uv": [0, 0, 0, 6], "texture": "#3"},
				"east": {"uv": [1.5, 3.25, 7.5, 13.25], "texture": "#3"},
				"south": {"uv": [0, 0, 0, 6], "texture": "#3"},
				"west": {"uv": [7.5, 3.25, 1.5, 13.25], "texture": "#3"},
				"up": {"uv": [0, 0, 6, 0], "rotation": 90, "texture": "#3"},
				"down": {"uv": [0, 0, 6, 0], "rotation": 270, "texture": "#3"}
			}
		},
		{
			"from": [-1, 0, 2],
			"to": [-1, 10, 8],
			"rotation": {"angle": 0, "axis": "y", "origin": [16, 0, 16]},
			"faces": {
				"north": {"uv": [0, 0, 0, 6], "texture": "#3"},
				"east": {"uv": [1.5, 3.25, 7.5, 13.25], "texture": "#3"},
				"south": {"uv": [0, 0, 0, 6], "texture": "#3"},
				"west": {"uv": [7.5, 3.25, 1.5, 13.25], "texture": "#3"},
				"up": {"uv": [0, 0, 6, 0], "rotation": 90, "texture": "#3"},
				"down": {"uv": [0, 0, 6, 0], "rotation": 270, "texture": "#3"}
			}
		},
		{
			"from": [-1, 0, 8],
			"to": [-1, 10, 14],
			"rotation": {"angle": 0, "axis": "y", "origin": [16, 0, 16]},
			"faces": {
				"north": {"uv": [0, 0, 0, 6], "texture": "#2"},
				"east": {"uv": [1.5, 3.25, 7.5, 13.25], "texture": "#2"},
				"south": {"uv": [0, 0, 0, 6], "texture": "#2"},
				"west": {"uv": [7.5, 3.25, 1.5, 13.25], "texture": "#2"},
				"up": {"uv": [0, 0, 6, 0], "rotation": 90, "texture": "#2"},
				"down": {"uv": [0, 0, 6, 0], "rotation": 270, "texture": "#2"}
			}
		},
		{
			"from": [4.7, 13.35, 9.15],
			"to": [5.2, 13.85, 11.15],
			"rotation": {"angle": -45, "axis": "x", "origin": [4.95, 15.6, 9.75]},
			"faces": {
				"north": {"uv": [9.5, 0.75, 9.625, 0.875], "rotation": 180, "texture": "#0"},
				"east": {"uv": [10.125, 0.75, 10.625, 0.875], "rotation": 180, "texture": "#0"},
				"south": {"uv": [9.5, 0.75, 9.625, 0.875], "rotation": 180, "texture": "#0"},
				"west": {"uv": [10.625, 0.75, 10.125, 0.875], "rotation": 180, "texture": "#0"},
				"up": {"uv": [10.625, 0.75, 11.125, 0.875], "rotation": 270, "texture": "#0"},
				"down": {"uv": [9.625, 0.75, 10.125, 0.875], "rotation": 90, "texture": "#0"}
			}
		},
		{
			"from": [4.4, 17.6, 7],
			"to": [5.4, 19.6, 8],
			"rotation": {"angle": 45, "axis": "x", "origin": [12.9, 19.6, 0]},
			"faces": {
				"north": {"uv": [9.75, 0.5, 10.25, 0.75], "rotation": 90, "texture": "#0"},
				"east": {"uv": [9.75, 0, 10.25, 0.25], "rotation": 270, "texture": "#0"},
				"south": {"uv": [9.75, 0.25, 10.25, 0.5], "rotation": 90, "texture": "#0"},
				"west": {"uv": [10.25, 0, 9.75, 0.25], "rotation": 90, "texture": "#0"},
				"up": {"uv": [9.5, 0, 9.75, 0.25], "rotation": 180, "texture": "#0"},
				"down": {"uv": [9.5, 0, 9.75, 0.25], "texture": "#0"}
			}
		},
		{
			"from": [4.7, 14, 5],
			"to": [5.2, 16, 5.5],
			"rotation": {"angle": -22.5, "axis": "x", "origin": [4.95, 15.6, 4.25]},
			"faces": {
				"north": {"uv": [9.625, 0.875, 10.125, 0.75], "rotation": 90, "texture": "#0"},
				"east": {"uv": [10.125, 0.875, 10.625, 0.75], "rotation": 270, "texture": "#0"},
				"south": {"uv": [10.625, 0.875, 11.125, 0.75], "rotation": 90, "texture": "#0"},
				"west": {"uv": [10.625, 0.875, 10.125, 0.75], "rotation": 90, "texture": "#0"},
				"up": {"uv": [9.5, 0.875, 9.625, 0.75], "rotation": 180, "texture": "#0"},
				"down": {"uv": [9.5, 0.875, 9.625, 0.75], "texture": "#0"}
			}
		},
		{
			"from": [4.5, 17.4, 3.7],
			"to": [5.3, 18.4, 5.7],
			"rotation": {"angle": -22.5, "axis": "x", "origin": [12.9, 19.6, 14]},
			"faces": {
				"north": {"uv": [11.5, 0, 11.25, 0.25], "rotation": 180, "texture": "#0"},
				"east": {"uv": [11.75, 0.25, 11.25, 0.5], "rotation": 180, "texture": "#0"},
				"south": {"uv": [11.5, 0, 11.25, 0.25], "rotation": 180, "texture": "#0"},
				"west": {"uv": [11.25, 0.25, 11.75, 0.5], "rotation": 180, "texture": "#0"},
				"up": {"uv": [11.75, 0.5, 11.25, 0.75], "rotation": 270, "texture": "#0"},
				"down": {"uv": [12, 0, 11.5, 0.25], "rotation": 90, "texture": "#0"}
			}
		},
		{
			"from": [4.7, 14.5, 7.5],
			"to": [5.2, 16.5, 8],
			"rotation": {"angle": 0, "axis": "y", "origin": [12.9, 19.6, 0]},
			"faces": {
				"north": {"uv": [10.625, 0.75, 11.125, 0.875], "rotation": 90, "texture": "#0"},
				"east": {"uv": [10.125, 0.75, 10.625, 0.875], "rotation": 270, "texture": "#0"},
				"south": {"uv": [9.625, 0.75, 10.125, 0.875], "rotation": 90, "texture": "#0"},
				"west": {"uv": [10.625, 0.75, 10.125, 0.875], "rotation": 90, "texture": "#0"},
				"up": {"uv": [9.5, 0.75, 9.625, 0.875], "rotation": 180, "texture": "#0"},
				"down": {"uv": [9.5, 0.75, 9.625, 0.875], "texture": "#0"}
			}
		},
		{
			"from": [4.4, 14.4, 6.8],
			"to": [5.4, 15.4, 8.8],
			"rotation": {"angle": 0, "axis": "y", "origin": [12.9, 19.6, 0]},
			"faces": {
				"north": {"uv": [9.5, 0.5, 9.75, 0.75], "rotation": 180, "texture": "#0"},
				"east": {"uv": [10.75, 0, 11.25, 0.25], "rotation": 180, "texture": "#0"},
				"south": {"uv": [9.5, 0.5, 9.75, 0.75], "rotation": 180, "texture": "#0"},
				"west": {"uv": [11.25, 0, 10.75, 0.25], "rotation": 180, "texture": "#0"},
				"up": {"uv": [10.75, 0.25, 11.25, 0.5], "rotation": 270, "texture": "#0"},
				"down": {"uv": [10.75, 0.5, 11.25, 0.75], "rotation": 90, "texture": "#0"}
			}
		},
		{
			"from": [4.5, 18.1, 9.7],
			"to": [5.3, 19.1, 11.7],
			"rotation": {"angle": 22.5, "axis": "x", "origin": [12.9, 19.6, 0]},
			"faces": {
				"north": {"uv": [11.25, 0, 11.5, 0.25], "rotation": 180, "texture": "#0"},
				"east": {"uv": [11.25, 0.25, 11.75, 0.5], "rotation": 180, "texture": "#0"},
				"south": {"uv": [11.25, 0, 11.5, 0.25], "rotation": 180, "texture": "#0"},
				"west": {"uv": [11.75, 0.25, 11.25, 0.5], "rotation": 180, "texture": "#0"},
				"up": {"uv": [11.25, 0.5, 11.75, 0.75], "rotation": 270, "texture": "#0"},
				"down": {"uv": [11.5, 0, 12, 0.25], "rotation": 90, "texture": "#0"}
			}
		},
		{
			"from": [4.7, 15, 9.5],
			"to": [5.2, 17, 10],
			"rotation": {"angle": 22.5, "axis": "x", "origin": [4.95, 15.6, 9.75]},
			"faces": {
				"north": {"uv": [10.625, 0.75, 11.125, 0.875], "rotation": 90, "texture": "#0"},
				"east": {"uv": [10.125, 0.75, 10.625, 0.875], "rotation": 270, "texture": "#0"},
				"south": {"uv": [9.625, 0.75, 10.125, 0.875], "rotation": 90, "texture": "#0"},
				"west": {"uv": [10.625, 0.75, 10.125, 0.875], "rotation": 90, "texture": "#0"},
				"up": {"uv": [9.5, 0.75, 9.625, 0.875], "rotation": 180, "texture": "#0"},
				"down": {"uv": [9.5, 0.75, 9.625, 0.875], "texture": "#0"}
			}
		},
		{
			"from": [4.4, 22.6, 10.9],
			"to": [5.4, 23.6, 13.4],
			"rotation": {"angle": 45, "axis": "x", "origin": [12.9, 19.6, 0]},
			"faces": {
				"north": {"uv": [12.375, 0.25, 12.625, 0.5], "rotation": 180, "texture": "#0"},
				"east": {"uv": [12, 0, 12.625, 0.25], "rotation": 180, "texture": "#0"},
				"south": {"uv": [12.375, 0.5, 12.625, 0.75], "rotation": 180, "texture": "#0"},
				"west": {"uv": [12.625, 0, 12, 0.25], "rotation": 180, "texture": "#0"},
				"up": {"uv": [11.75, 0.25, 12.375, 0.5], "rotation": 270, "texture": "#0"},
				"down": {"uv": [11.75, 0.5, 12.375, 0.75], "rotation": 90, "texture": "#0"}
			}
		},
		{
			"from": [10.6, 22.6, 10.9],
			"to": [11.6, 23.6, 13.4],
			"rotation": {"angle": 45, "axis": "x", "origin": [3.1, 19.6, 0]},
			"faces": {
				"north": {"uv": [12.625, 0.25, 12.375, 0.5], "rotation": 180, "texture": "#0"},
				"east": {"uv": [12, 0, 12.625, 0.25], "rotation": 180, "texture": "#0"},
				"south": {"uv": [12.625, 0.5, 12.375, 0.75], "rotation": 180, "texture": "#0"},
				"west": {"uv": [12.625, 0, 12, 0.25], "rotation": 180, "texture": "#0"},
				"up": {"uv": [11.75, 0.5, 12.375, 0.25], "rotation": 270, "texture": "#0"},
				"down": {"uv": [11.75, 0.75, 12.375, 0.5], "rotation": 90, "texture": "#0"}
			}
		},
		{
			"from": [10.8, 15, 9.5],
			"to": [11.3, 17, 10],
			"rotation": {"angle": 22.5, "axis": "x", "origin": [11.05, 15.6, 9.75]},
			"faces": {
				"north": {"uv": [10.625, 0.875, 11.125, 0.75], "rotation": 90, "texture": "#0"},
				"east": {"uv": [10.625, 0.875, 10.125, 0.75], "rotation": 90, "texture": "#0"},
				"south": {"uv": [9.625, 0.875, 10.125, 0.75], "rotation": 90, "texture": "#0"},
				"west": {"uv": [10.125, 0.875, 10.625, 0.75], "rotation": 270, "texture": "#0"},
				"up": {"uv": [9.625, 0.75, 9.5, 0.875], "rotation": 180, "texture": "#0"},
				"down": {"uv": [9.625, 0.75, 9.5, 0.875], "texture": "#0"}
			}
		},
		{
			"from": [10.7, 18.1, 9.7],
			"to": [11.5, 19.1, 11.7],
			"rotation": {"angle": 22.5, "axis": "x", "origin": [3.1, 19.6, 0]},
			"faces": {
				"north": {"uv": [11.5, 0, 11.25, 0.25], "rotation": 180, "texture": "#0"},
				"east": {"uv": [11.25, 0.25, 11.75, 0.5], "rotation": 180, "texture": "#0"},
				"south": {"uv": [11.5, 0, 11.25, 0.25], "rotation": 180, "texture": "#0"},
				"west": {"uv": [11.75, 0.25, 11.25, 0.5], "rotation": 180, "texture": "#0"},
				"up": {"uv": [11.25, 0.75, 11.75, 0.5], "rotation": 270, "texture": "#0"},
				"down": {"uv": [11.5, 0.25, 12, 0], "rotation": 90, "texture": "#0"}
			}
		},
		{
			"from": [10.6, 14.4, 6.8],
			"to": [11.6, 15.4, 8.8],
			"rotation": {"angle": 0, "axis": "y", "origin": [3.1, 19.6, 0]},
			"faces": {
				"north": {"uv": [9.75, 0.5, 9.5, 0.75], "rotation": 180, "texture": "#0"},
				"east": {"uv": [10.75, 0, 11.25, 0.25], "rotation": 180, "texture": "#0"},
				"south": {"uv": [9.75, 0.5, 9.5, 0.75], "rotation": 180, "texture": "#0"},
				"west": {"uv": [11.25, 0, 10.75, 0.25], "rotation": 180, "texture": "#0"},
				"up": {"uv": [10.75, 0.5, 11.25, 0.25], "rotation": 270, "texture": "#0"},
				"down": {"uv": [10.75, 0.75, 11.25, 0.5], "rotation": 90, "texture": "#0"}
			}
		},
		{
			"from": [10.8, 14.5, 7.5],
			"to": [11.3, 16.5, 8],
			"rotation": {"angle": 0, "axis": "y", "origin": [3.1, 19.6, 0]},
			"faces": {
				"north": {"uv": [10.625, 0.875, 11.125, 0.75], "rotation": 90, "texture": "#0"},
				"east": {"uv": [10.625, 0.875, 10.125, 0.75], "rotation": 90, "texture": "#0"},
				"south": {"uv": [9.625, 0.875, 10.125, 0.75], "rotation": 90, "texture": "#0"},
				"west": {"uv": [10.125, 0.875, 10.625, 0.75], "rotation": 270, "texture": "#0"},
				"up": {"uv": [9.625, 0.75, 9.5, 0.875], "rotation": 180, "texture": "#0"},
				"down": {"uv": [9.625, 0.75, 9.5, 0.875], "texture": "#0"}
			}
		},
		{
			"from": [10.7, 17.4, 3.7],
			"to": [11.5, 18.4, 5.7],
			"rotation": {"angle": -22.5, "axis": "x", "origin": [3.1, 19.6, 14]},
			"faces": {
				"north": {"uv": [11.25, 0, 11.5, 0.25], "rotation": 180, "texture": "#0"},
				"east": {"uv": [11.75, 0.25, 11.25, 0.5], "rotation": 180, "texture": "#0"},
				"south": {"uv": [11.25, 0, 11.5, 0.25], "rotation": 180, "texture": "#0"},
				"west": {"uv": [11.25, 0.25, 11.75, 0.5], "rotation": 180, "texture": "#0"},
				"up": {"uv": [11.75, 0.75, 11.25, 0.5], "rotation": 270, "texture": "#0"},
				"down": {"uv": [12, 0.25, 11.5, 0], "rotation": 90, "texture": "#0"}
			}
		},
		{
			"from": [10.8, 14, 5],
			"to": [11.3, 16, 5.5],
			"rotation": {"angle": -22.5, "axis": "x", "origin": [11.05, 15.6, 4.25]},
			"faces": {
				"north": {"uv": [9.625, 0.75, 10.125, 0.875], "rotation": 90, "texture": "#0"},
				"east": {"uv": [10.625, 0.75, 10.125, 0.875], "rotation": 90, "texture": "#0"},
				"south": {"uv": [10.625, 0.75, 11.125, 0.875], "rotation": 90, "texture": "#0"},
				"west": {"uv": [10.125, 0.75, 10.625, 0.875], "rotation": 270, "texture": "#0"},
				"up": {"uv": [9.625, 0.875, 9.5, 0.75], "rotation": 180, "texture": "#0"},
				"down": {"uv": [9.625, 0.875, 9.5, 0.75], "texture": "#0"}
			}
		},
		{
			"from": [10.6, 17.6, 7],
			"to": [11.6, 19.6, 8],
			"rotation": {"angle": 45, "axis": "x", "origin": [3.1, 19.6, 0]},
			"faces": {
				"north": {"uv": [9.75, 0.75, 10.25, 0.5], "rotation": 90, "texture": "#0"},
				"east": {"uv": [10.25, 0.25, 9.75, 0], "rotation": 90, "texture": "#0"},
				"south": {"uv": [9.75, 0.5, 10.25, 0.25], "rotation": 90, "texture": "#0"},
				"west": {"uv": [9.75, 0.25, 10.25, 0], "rotation": 270, "texture": "#0"},
				"up": {"uv": [9.75, 0, 9.5, 0.25], "rotation": 180, "texture": "#0"},
				"down": {"uv": [9.75, 0, 9.5, 0.25], "texture": "#0"}
			}
		},
		{
			"from": [10.8, 13.35, 9.15],
			"to": [11.3, 13.85, 11.15],
			"rotation": {"angle": -45, "axis": "x", "origin": [11.05, 15.6, 9.75]},
			"faces": {
				"north": {"uv": [9.625, 0.75, 9.5, 0.875], "rotation": 180, "texture": "#0"},
				"east": {"uv": [10.125, 0.75, 10.625, 0.875], "rotation": 180, "texture": "#0"},
				"south": {"uv": [9.625, 0.75, 9.5, 0.875], "rotation": 180, "texture": "#0"},
				"west": {"uv": [10.625, 0.75, 10.125, 0.875], "rotation": 180, "texture": "#0"},
				"up": {"uv": [10.625, 0.875, 11.125, 0.75], "rotation": 270, "texture": "#0"},
				"down": {"uv": [9.625, 0.875, 10.125, 0.75], "rotation": 90, "texture": "#0"}
			}
		},
		{
			"from": [16, 2.5, 0],
			"to": [17, 9.5, 1],
			"rotation": {"angle": 0, "axis": "y", "origin": [16, 0.5, 0]},
			"faces": {
				"north": {"uv": [2.25, 8.0625, 2.5, 9.8125], "texture": "#0"},
				"east": {"uv": [2.5, 8.0625, 2.75, 9.8125], "texture": "#0"},
				"south": {"uv": [2.25, 8.0625, 2.5, 9.8125], "texture": "#0"},
				"west": {"uv": [2.5, 8.0625, 2.75, 9.8125], "texture": "#0"},
				"up": {"uv": [3.5, 4, 3.25, 3.75], "texture": "#0"},
				"down": {"uv": [3.25, 3.75, 3, 4], "texture": "#0"}
			}
		},
		{
			"from": [16, 2.5, 15],
			"to": [17, 9.5, 16],
			"rotation": {"angle": 0, "axis": "y", "origin": [16, 0.5, 16]},
			"faces": {
				"north": {"uv": [2.5, 8.0625, 2.25, 9.8125], "texture": "#0"},
				"east": {"uv": [2.75, 8.0625, 2.5, 9.8125], "texture": "#0"},
				"south": {"uv": [2.5, 8.0625, 2.25, 9.8125], "texture": "#0"},
				"west": {"uv": [2.75, 8.0625, 2.5, 9.8125], "texture": "#0"},
				"up": {"uv": [3.5, 3.75, 3.25, 4], "texture": "#0"},
				"down": {"uv": [3.25, 4, 3, 3.75], "texture": "#0"}
			}
		},
		{
			"from": [-1, 2.5, 0],
			"to": [0, 9.5, 1],
			"rotation": {"angle": 0, "axis": "y", "origin": [0, 0.5, 0]},
			"faces": {
				"north": {"uv": [2.5, 8.0625, 2.25, 9.8125], "texture": "#0"},
				"east": {"uv": [2.75, 8.0625, 2.5, 9.8125], "texture": "#0"},
				"south": {"uv": [2.5, 8.0625, 2.25, 9.8125], "texture": "#0"},
				"west": {"uv": [2.75, 8.0625, 2.5, 9.8125], "texture": "#0"},
				"up": {"uv": [3.25, 4, 3.5, 3.75], "texture": "#0"},
				"down": {"uv": [3, 3.75, 3.25, 4], "texture": "#0"}
			}
		},
		{
			"from": [-1, 2.5, 15],
			"to": [0, 9.5, 16],
			"rotation": {"angle": 0, "axis": "y", "origin": [0, 0.5, 16]},
			"faces": {
				"north": {"uv": [2.25, 8.0625, 2.5, 9.8125], "texture": "#0"},
				"east": {"uv": [2.5, 8.0625, 2.75, 9.8125], "texture": "#0"},
				"south": {"uv": [2.25, 8.0625, 2.5, 9.8125], "texture": "#0"},
				"west": {"uv": [2.5, 8.0625, 2.75, 9.8125], "texture": "#0"},
				"up": {"uv": [3.25, 3.75, 3.5, 4], "texture": "#0"},
				"down": {"uv": [3, 4, 3.25, 3.75], "texture": "#0"}
			}
		},
		{
			"from": [7.5, 2.5, 15],
			"to": [8.5, 9.5, 16],
			"rotation": {"angle": 0, "axis": "y", "origin": [0, 0.5, 16]},
			"faces": {
				"north": {"uv": [2.25, 8.0625, 2.5, 9.8125], "texture": "#0"},
				"east": {"uv": [2.5, 8.0625, 2.75, 9.8125], "texture": "#0"},
				"south": {"uv": [2.25, 8.0625, 2.5, 9.8125], "texture": "#0"},
				"west": {"uv": [2.5, 8.0625, 2.75, 9.8125], "texture": "#0"},
				"up": {"uv": [3.25, 3.75, 3.5, 4], "texture": "#0"},
				"down": {"uv": [3, 4, 3.25, 3.75], "texture": "#0"}
			}
		},
		{
			"from": [7.5, 2.5, 0],
			"to": [8.5, 9.5, 1],
			"rotation": {"angle": 0, "axis": "y", "origin": [0, 0.5, 0]},
			"faces": {
				"north": {"uv": [2.5, 8.0625, 2.25, 9.8125], "texture": "#0"},
				"east": {"uv": [2.75, 8.0625, 2.5, 9.8125], "texture": "#0"},
				"south": {"uv": [2.5, 8.0625, 2.25, 9.8125], "texture": "#0"},
				"west": {"uv": [2.75, 8.0625, 2.5, 9.8125], "texture": "#0"},
				"up": {"uv": [3.25, 4, 3.5, 3.75], "texture": "#0"},
				"down": {"uv": [3, 3.75, 3.25, 4], "texture": "#0"}
			}
		},
		{
			"from": [5.5, 13.5, 5.5],
			"to": [10.5, 14.5, 10.5],
			"faces": {
				"north": {"uv": [5.875, 2, 7.125, 2.25], "texture": "#0"},
				"east": {"uv": [7.125, 2, 7.375, 0.75], "rotation": 90, "texture": "#0"},
				"south": {"uv": [5.875, 2, 7.125, 2.25], "texture": "#0"},
				"west": {"uv": [7.125, 0.75, 7.375, 2], "rotation": 90, "texture": "#0"},
				"up": {"uv": [7.125, 2, 5.875, 0.75], "texture": "#0"},
				"down": {"uv": [7.125, 2, 5.875, 0.75], "texture": "#0"}
			}
		},
		{
			"from": [6, 3, 6],
			"to": [10, 5, 6],
			"color": 2,
			"faces": {
				"north": {"uv": [3.6875, 0.75, 3.9375, 0.875], "texture": "#missing"},
				"east": {"uv": [0, 0, 0, 0.125], "texture": "#missing"},
				"south": {"uv": [3.6875, 0.875, 3.9375, 1], "texture": "#missing"},
				"west": {"uv": [0, 0, 0, 0.125], "texture": "#missing"},
				"up": {"uv": [0.25, 0, 0, 0], "texture": "#missing"},
				"down": {"uv": [0.25, 0, 0, 0], "texture": "#missing"}
			}
		},
		{
			"from": [10, 3, 6],
			"to": [10, 5, 10],
			"rotation": {"angle": 0, "axis": "y", "origin": [8, 4, 6]},
			"color": 2,
			"faces": {
				"north": {"uv": [0, 0, 0, 0.125], "texture": "#missing"},
				"east": {"uv": [3.6875, 1, 3.9375, 1.125], "texture": "#missing"},
				"south": {"uv": [0, 0, 0, 0.125], "texture": "#missing"},
				"west": {"uv": [3.6875, 1.125, 3.9375, 1.25], "texture": "#missing"},
				"up": {"uv": [0, 0.25, 0, 0], "texture": "#missing"},
				"down": {"uv": [0, 0, 0, 0.25], "texture": "#missing"}
			}
		},
		{
			"from": [6, 3, 6],
			"to": [6, 5, 10],
			"rotation": {"angle": 0, "axis": "y", "origin": [8, 4, 6]},
			"color": 2,
			"faces": {
				"north": {"uv": [0, 0, 0, 0.125], "texture": "#missing"},
				"east": {"uv": [3.6875, 3.625, 3.9375, 3.75], "texture": "#missing"},
				"south": {"uv": [0, 0, 0, 0.125], "texture": "#missing"},
				"west": {"uv": [0, 3.75, 0.25, 3.875], "texture": "#missing"},
				"up": {"uv": [0, 0.25, 0, 0], "texture": "#missing"},
				"down": {"uv": [0, 0, 0, 0.25], "texture": "#missing"}
			}
		},
		{
			"from": [6, 3, 10],
			"to": [10, 5, 10],
			"rotation": {"angle": 0, "axis": "y", "origin": [8, 4, 6]},
			"color": 2,
			"faces": {
				"north": {"uv": [0.25, 3.75, 0.5, 3.875], "texture": "#missing"},
				"east": {"uv": [0, 0, 0, 0.125], "texture": "#missing"},
				"south": {"uv": [0.5, 3.75, 0.75, 3.875], "texture": "#missing"},
				"west": {"uv": [0, 0, 0, 0.125], "texture": "#missing"},
				"up": {"uv": [0.25, 0, 0, 0], "texture": "#missing"},
				"down": {"uv": [0.25, 0, 0, 0], "texture": "#missing"}
			}
		},
		{
			"from": [7.5, 10.8, -1.4],
			"to": [8.5, 12.3, -0.4],
			"rotation": {"angle": 22.5, "axis": "x", "origin": [8, 11.25, -1.5]},
			"faces": {
				"north": {"uv": [9.25, 0, 9.5, 0.375], "texture": "#0"},
				"east": {"uv": [9.25, 0, 9, 0.375], "texture": "#0"},
				"south": {"uv": [9.25, 0, 9.5, 0.375], "texture": "#0"},
				"west": {"uv": [9, 0, 9.25, 0.375], "texture": "#0"},
				"up": {"uv": [9.375, 1.125, 9.625, 1.375], "rotation": 90, "texture": "#0"},
				"down": {"uv": [9.375, 1.125, 9.625, 1.375], "rotation": 270, "texture": "#0"}
			}
		},
		{
			"from": [6.5, 11, -1],
			"to": [9.5, 13, 1.5],
			"rotation": {"angle": 0, "axis": "y", "origin": [16, 6, -3.5]},
			"faces": {
				"north": {"uv": [8.75, 1.375, 9.5, 1.875], "texture": "#0"},
				"east": {"uv": [8.75, 0.5, 8.125, 1], "texture": "#0"},
				"south": {"uv": [8.125, 0, 8.875, 0.5], "texture": "#0"},
				"west": {"uv": [8.125, 0.5, 8.75, 1], "texture": "#0"},
				"up": {"uv": [8.125, 1, 8.75, 1.75], "rotation": 90, "texture": "#0"},
				"down": {"uv": [8.75, 0.5, 9.375, 1.25], "rotation": 270, "texture": "#0"}
			}
		},
		{
			"from": [7, 9.5, -1],
			"to": [9, 11, 0],
			"rotation": {"angle": 0, "axis": "y", "origin": [16, 6, -3.5]},
			"faces": {
				"north": {"uv": [8.375, 1.875, 8.875, 2.25], "texture": "#0"},
				"east": {"uv": [8.125, 1.875, 8.375, 2.25], "texture": "#0"},
				"south": {"uv": [8.375, 1.875, 8.875, 2.25], "texture": "#0"},
				"west": {"uv": [8.375, 1.875, 8.125, 2.25], "texture": "#0"},
				"up": {"uv": [8.125, 2.25, 8.375, 2.75], "rotation": 90, "texture": "#0"},
				"down": {"uv": [8.125, 2.25, 8.375, 2.75], "rotation": 270, "texture": "#0"}
			}
		},
		{
			"from": [17.4, 10.8, 0.5],
			"to": [18.4, 12.3, 1.5],
			"rotation": {"angle": 22.5, "axis": "z", "origin": [18.5, 11.25, 1]},
			"faces": {
				"north": {"uv": [9, 0, 9.25, 0.375], "texture": "#0"},
				"east": {"uv": [9.25, 0, 9.5, 0.375], "texture": "#0"},
				"south": {"uv": [9.25, 0, 9, 0.375], "texture": "#0"},
				"west": {"uv": [9.25, 0, 9.5, 0.375], "texture": "#0"},
				"up": {"uv": [9.375, 1.125, 9.625, 1.375], "rotation": 180, "texture": "#0"},
				"down": {"uv": [9.375, 1.125, 9.625, 1.375], "rotation": 180, "texture": "#0"}
			}
		},
		{
			"from": [15.5, 11, -0.5],
			"to": [18, 13, 2.5],
			"rotation": {"angle": 0, "axis": "y", "origin": [20.5, 6, 9]},
			"faces": {
				"north": {"uv": [8.125, 0.5, 8.75, 1], "texture": "#0"},
				"east": {"uv": [8.75, 1.375, 9.5, 1.875], "texture": "#0"},
				"south": {"uv": [8.75, 0.5, 8.125, 1], "texture": "#0"},
				"west": {"uv": [8.125, 0, 8.875, 0.5], "texture": "#0"},
				"up": {"uv": [8.125, 1, 8.75, 1.75], "rotation": 180, "texture": "#0"},
				"down": {"uv": [8.75, 0.5, 9.375, 1.25], "rotation": 180, "texture": "#0"}
			}
		},
		{
			"from": [13.89202, 1.5066, 0.1],
			"to": [14.89202, 3.5066, 1.1],
			"rotation": {"angle": 22.5, "axis": "z", "origin": [12.96611, 4.88925, 0.575]},
			"faces": {
				"north": {"uv": [10.25, 0, 9.75, 0.25], "rotation": 90, "texture": "#0"},
				"east": {"uv": [10.25, 0.5, 9.75, 0.75], "rotation": 270, "texture": "#0"},
				"south": {"uv": [9.75, 0, 10.25, 0.25], "rotation": 270, "texture": "#0"},
				"west": {"uv": [10.25, 0.25, 9.75, 0.5], "rotation": 270, "texture": "#0"},
				"up": {"uv": [9.75, 0, 9.5, 0.25], "rotation": 270, "texture": "#0"},
				"down": {"uv": [9.75, 0, 9.5, 0.25], "rotation": 270, "texture": "#0"}
			}
		},
		{
			"from": [13.12589, 2.83037, 0.2],
			"to": [14.12589, 4.83037, 1],
			"rotation": {"angle": 45, "axis": "z", "origin": [12.96611, 4.88925, 0.575]},
			"faces": {
				"north": {"uv": [11.75, 0.5, 11.25, 0.25], "rotation": 270, "texture": "#0"},
				"east": {"uv": [11.75, 0.75, 11.25, 0.5], "rotation": 90, "texture": "#0"},
				"south": {"uv": [11.25, 0.5, 11.75, 0.25], "rotation": 90, "texture": "#0"},
				"west": {"uv": [12, 0.25, 11.5, 0], "rotation": 90, "texture": "#0"},
				"up": {"uv": [11.5, 0.25, 11.25, 0], "rotation": 90, "texture": "#0"},
				"down": {"uv": [11.5, 0.25, 11.25, 0], "rotation": 90, "texture": "#0"}
			}
		},
		{
			"from": [13.76153, 3.34181, 0.3],
			"to": [15.76153, 3.84181, 0.8],
			"rotation": {"angle": 45, "axis": "z", "origin": [12.96611, 4.88925, 0.575]},
			"faces": {
				"north": {"uv": [10.625, 0.875, 10.125, 0.75], "texture": "#0"},
				"east": {"uv": [9.625, 0.875, 9.5, 0.75], "texture": "#0"},
				"south": {"uv": [10.125, 0.875, 10.625, 0.75], "texture": "#0"},
				"west": {"uv": [9.625, 0.875, 9.5, 0.75], "texture": "#0"},
				"up": {"uv": [11.125, 0.875, 10.625, 0.75], "texture": "#0"},
				"down": {"uv": [10.125, 0.875, 9.625, 0.75], "texture": "#0"}
			}
		},
		{
			"from": [11.45536, 5.02314, 0.1],
			"to": [13.45536, 6.02314, 1.1],
			"rotation": {"angle": -22.5, "axis": "z", "origin": [12.96611, 4.88925, 0.575]},
			"faces": {
				"north": {"uv": [10.75, 0.25, 11.25, 0], "texture": "#0"},
				"east": {"uv": [9.5, 0.75, 9.75, 0.5], "texture": "#0"},
				"south": {"uv": [11.25, 0.25, 10.75, 0], "texture": "#0"},
				"west": {"uv": [9.5, 0.75, 9.75, 0.5], "texture": "#0"},
				"up": {"uv": [10.75, 0.5, 11.25, 0.25], "texture": "#0"},
				"down": {"uv": [10.75, 0.75, 11.25, 0.5], "texture": "#0"}
			}
		},
		{
			"from": [12.25536, 5.12314, 0.3],
			"to": [12.75536, 7.12314, 0.8],
			"rotation": {"angle": -22.5, "axis": "z", "origin": [12.96611, 4.88925, 0.575]},
			"faces": {
				"north": {"uv": [10.625, 0.75, 10.125, 0.875], "rotation": 90, "texture": "#0"},
				"east": {"uv": [11.125, 0.75, 10.625, 0.875], "rotation": 270, "texture": "#0"},
				"south": {"uv": [10.125, 0.75, 10.625, 0.875], "rotation": 270, "texture": "#0"},
				"west": {"uv": [10.125, 0.75, 9.625, 0.875], "rotation": 270, "texture": "#0"},
				"up": {"uv": [9.625, 0.75, 9.5, 0.875], "rotation": 270, "texture": "#0"},
				"down": {"uv": [9.625, 0.75, 9.5, 0.875], "rotation": 270, "texture": "#0"}
			}
		},
		{
			"from": [10.04169, 5.52765, 0.2],
			"to": [12.04169, 6.52765, 1],
			"rotation": {"angle": 0, "axis": "y", "origin": [12.96611, 4.88925, 0.575]},
			"faces": {
				"north": {"uv": [11.25, 0.5, 11.75, 0.25], "texture": "#0"},
				"east": {"uv": [11.25, 0.25, 11.5, 0], "texture": "#0"},
				"south": {"uv": [11.25, 0.25, 11.75, 0.5], "rotation": 180, "texture": "#0"},
				"west": {"uv": [11.25, 0.25, 11.5, 0], "texture": "#0"},
				"up": {"uv": [11.25, 0.75, 11.75, 0.5], "texture": "#0"},
				"down": {"uv": [11.5, 0.25, 12, 0], "texture": "#0"}
			}
		},
		{
			"from": [10.95313, 6.46329, 0.3],
			"to": [11.45313, 8.46329, 0.8],
			"rotation": {"angle": 0, "axis": "y", "origin": [12.96611, 4.88925, 0.575]},
			"faces": {
				"north": {"uv": [10.625, 0.75, 10.125, 0.875], "rotation": 90, "texture": "#0"},
				"east": {"uv": [11.125, 0.75, 10.625, 0.875], "rotation": 270, "texture": "#0"},
				"south": {"uv": [10.125, 0.75, 10.625, 0.875], "rotation": 270, "texture": "#0"},
				"west": {"uv": [10.125, 0.75, 9.625, 0.875], "rotation": 270, "texture": "#0"},
				"up": {"uv": [9.625, 0.75, 9.5, 0.875], "rotation": 270, "texture": "#0"},
				"down": {"uv": [9.625, 0.75, 9.5, 0.875], "rotation": 270, "texture": "#0"}
			}
		},
		{
			"from": [9.9193, 6.97247, 0.3],
			"to": [10.4193, 8.97247, 0.8],
			"rotation": {"angle": 22.5, "axis": "z", "origin": [12.96611, 4.88925, 0.575]},
			"faces": {
				"north": {"uv": [10.125, 0.875, 10.625, 0.75], "rotation": 270, "texture": "#0"},
				"east": {"uv": [10.625, 0.875, 11.125, 0.75], "rotation": 90, "texture": "#0"},
				"south": {"uv": [10.625, 0.875, 10.125, 0.75], "rotation": 90, "texture": "#0"},
				"west": {"uv": [9.625, 0.875, 10.125, 0.75], "rotation": 90, "texture": "#0"},
				"up": {"uv": [9.5, 0.875, 9.625, 0.75], "rotation": 90, "texture": "#0"},
				"down": {"uv": [9.5, 0.875, 9.625, 0.75], "rotation": 90, "texture": "#0"}
			}
		},
		{
			"from": [8.49202, 6.5066, 0.1],
			"to": [10.99202, 7.5066, 1.1],
			"rotation": {"angle": 22.5, "axis": "z", "origin": [12.96611, 4.88925, 0.575]},
			"faces": {
				"north": {"uv": [12, 0.25, 12.625, 0], "texture": "#0"},
				"east": {"uv": [12.375, 0.5, 12.625, 0.25], "texture": "#0"},
				"south": {"uv": [12.625, 0.25, 12, 0], "texture": "#0"},
				"west": {"uv": [12.375, 0.75, 12.625, 0.5], "texture": "#0"},
				"up": {"uv": [11.75, 0.5, 12.375, 0.25], "texture": "#0"},
				"down": {"uv": [11.75, 0.75, 12.375, 0.5], "texture": "#0"}
			}
		},
		{
			"from": [2.54464, 5.02314, 0.1],
			"to": [4.54464, 6.02314, 1.1],
			"rotation": {"angle": 22.5, "axis": "z", "origin": [3.03389, 4.88925, 0.575]},
			"faces": {
				"north": {"uv": [11.25, 0.25, 10.75, 0], "texture": "#0"},
				"east": {"uv": [9.75, 0.75, 9.5, 0.5], "texture": "#0"},
				"south": {"uv": [10.75, 0.25, 11.25, 0], "texture": "#0"},
				"west": {"uv": [9.75, 0.75, 9.5, 0.5], "texture": "#0"},
				"up": {"uv": [11.25, 0.5, 10.75, 0.25], "texture": "#0"},
				"down": {"uv": [11.25, 0.75, 10.75, 0.5], "texture": "#0"}
			}
		},
		{
			"from": [1.87411, 2.83037, 0.2],
			"to": [2.87411, 4.83037, 1],
			"rotation": {"angle": -45, "axis": "z", "origin": [3.03389, 4.88925, 0.575]},
			"faces": {
				"north": {"uv": [11.75, 0.25, 11.25, 0.5], "rotation": 270, "texture": "#0"},
				"east": {"uv": [12, 0, 11.5, 0.25], "rotation": 90, "texture": "#0"},
				"south": {"uv": [11.25, 0.25, 11.75, 0.5], "rotation": 90, "texture": "#0"},
				"west": {"uv": [11.75, 0.5, 11.25, 0.75], "rotation": 90, "texture": "#0"},
				"up": {"uv": [11.5, 0, 11.25, 0.25], "rotation": 90, "texture": "#0"},
				"down": {"uv": [11.5, 0, 11.25, 0.25], "rotation": 90, "texture": "#0"}
			}
		},
		{
			"from": [1.10798, 1.5066, 0.1],
			"to": [2.10798, 3.5066, 1.1],
			"rotation": {"angle": -22.5, "axis": "z", "origin": [3.03389, 4.88925, 0.575]},
			"faces": {
				"north": {"uv": [10.25, 0.25, 9.75, 0], "rotation": 90, "texture": "#0"},
				"east": {"uv": [10.25, 0.5, 9.75, 0.25], "rotation": 270, "texture": "#0"},
				"south": {"uv": [9.75, 0.25, 10.25, 0], "rotation": 270, "texture": "#0"},
				"west": {"uv": [10.25, 0.75, 9.75, 0.5], "rotation": 270, "texture": "#0"},
				"up": {"uv": [9.75, 0.25, 9.5, 0], "rotation": 270, "texture": "#0"},
				"down": {"uv": [9.75, 0.25, 9.5, 0], "rotation": 270, "texture": "#0"}
			}
		},
		{
			"from": [3.95831, 5.52765, 0.2],
			"to": [5.95831, 6.52765, 1],
			"rotation": {"angle": 0, "axis": "y", "origin": [3.03389, 4.88925, 0.575]},
			"faces": {
				"north": {"uv": [11.75, 0.5, 11.25, 0.25], "texture": "#0"},
				"east": {"uv": [11.5, 0.25, 11.25, 0], "texture": "#0"},
				"south": {"uv": [11.75, 0.25, 11.25, 0.5], "rotation": 180, "texture": "#0"},
				"west": {"uv": [11.5, 0.25, 11.25, 0], "texture": "#0"},
				"up": {"uv": [11.75, 0.75, 11.25, 0.5], "texture": "#0"},
				"down": {"uv": [12, 0.25, 11.5, 0], "texture": "#0"}
			}
		},
		{
			"from": [5.00798, 6.5066, 0.1],
			"to": [7.50798, 7.5066, 1.1],
			"rotation": {"angle": -22.5, "axis": "z", "origin": [3.03389, 4.88925, 0.575]},
			"faces": {
				"north": {"uv": [12.625, 0.25, 12, 0], "texture": "#0"},
				"east": {"uv": [12.625, 0.75, 12.375, 0.5], "texture": "#0"},
				"south": {"uv": [12, 0.25, 12.625, 0], "texture": "#0"},
				"west": {"uv": [12.625, 0.5, 12.375, 0.25], "texture": "#0"},
				"up": {"uv": [12.375, 0.5, 11.75, 0.25], "texture": "#0"},
				"down": {"uv": [12.375, 0.75, 11.75, 0.5], "texture": "#0"}
			}
		},
		{
			"from": [4.54687, 6.46329, 0.3],
			"to": [5.04687, 8.46329, 0.8],
			"rotation": {"angle": 0, "axis": "y", "origin": [3.03389, 4.88925, 0.575]},
			"faces": {
				"north": {"uv": [10.625, 0.875, 10.125, 0.75], "rotation": 90, "texture": "#0"},
				"east": {"uv": [10.125, 0.875, 9.625, 0.75], "rotation": 270, "texture": "#0"},
				"south": {"uv": [10.125, 0.875, 10.625, 0.75], "rotation": 270, "texture": "#0"},
				"west": {"uv": [11.125, 0.875, 10.625, 0.75], "rotation": 270, "texture": "#0"},
				"up": {"uv": [9.625, 0.875, 9.5, 0.75], "rotation": 270, "texture": "#0"},
				"down": {"uv": [9.625, 0.875, 9.5, 0.75], "rotation": 270, "texture": "#0"}
			}
		},
		{
			"from": [3.24464, 5.12314, 0.3],
			"to": [3.74464, 7.12314, 0.8],
			"rotation": {"angle": 22.5, "axis": "z", "origin": [3.03389, 4.88925, 0.575]},
			"faces": {
				"north": {"uv": [10.625, 0.875, 10.125, 0.75], "rotation": 90, "texture": "#0"},
				"east": {"uv": [10.125, 0.875, 9.625, 0.75], "rotation": 270, "texture": "#0"},
				"south": {"uv": [10.125, 0.875, 10.625, 0.75], "rotation": 270, "texture": "#0"},
				"west": {"uv": [11.125, 0.875, 10.625, 0.75], "rotation": 270, "texture": "#0"},
				"up": {"uv": [9.625, 0.875, 9.5, 0.75], "rotation": 270, "texture": "#0"},
				"down": {"uv": [9.625, 0.875, 9.5, 0.75], "rotation": 270, "texture": "#0"}
			}
		},
		{
			"from": [0.23847, 3.34181, 0.3],
			"to": [2.23847, 3.84181, 0.8],
			"rotation": {"angle": -45, "axis": "z", "origin": [3.03389, 4.88925, 0.575]},
			"faces": {
				"north": {"uv": [10.125, 0.875, 10.625, 0.75], "texture": "#0"},
				"east": {"uv": [9.5, 0.875, 9.625, 0.75], "texture": "#0"},
				"south": {"uv": [10.625, 0.875, 10.125, 0.75], "texture": "#0"},
				"west": {"uv": [9.5, 0.875, 9.625, 0.75], "texture": "#0"},
				"up": {"uv": [10.625, 0.875, 11.125, 0.75], "texture": "#0"},
				"down": {"uv": [9.625, 0.875, 10.125, 0.75], "texture": "#0"}
			}
		},
		{
			"from": [5.5807, 6.97247, 0.3],
			"to": [6.0807, 8.97247, 0.8],
			"rotation": {"angle": -22.5, "axis": "z", "origin": [3.03389, 4.88925, 0.575]},
			"faces": {
				"north": {"uv": [10.125, 0.75, 10.625, 0.875], "rotation": 270, "texture": "#0"},
				"east": {"uv": [9.625, 0.75, 10.125, 0.875], "rotation": 90, "texture": "#0"},
				"south": {"uv": [10.625, 0.75, 10.125, 0.875], "rotation": 90, "texture": "#0"},
				"west": {"uv": [10.625, 0.75, 11.125, 0.875], "rotation": 90, "texture": "#0"},
				"up": {"uv": [9.5, 0.75, 9.625, 0.875], "rotation": 90, "texture": "#0"},
				"down": {"uv": [9.5, 0.75, 9.625, 0.875], "rotation": 90, "texture": "#0"}
			}
		},
		{
			"from": [11.45536, 5.02314, 14.9],
			"to": [13.45536, 6.02314, 15.9],
			"rotation": {"angle": -22.5, "axis": "z", "origin": [12.96611, 4.88925, 15.425]},
			"faces": {
				"north": {"uv": [10.75, 0.25, 11.25, 0], "texture": "#0"},
				"east": {"uv": [9.75, 0.75, 9.5, 0.5], "texture": "#0"},
				"south": {"uv": [11.25, 0.25, 10.75, 0], "texture": "#0"},
				"west": {"uv": [9.75, 0.75, 9.5, 0.5], "texture": "#0"},
				"up": {"uv": [10.75, 0.25, 11.25, 0.5], "texture": "#0"},
				"down": {"uv": [10.75, 0.5, 11.25, 0.75], "texture": "#0"}
			}
		},
		{
			"from": [13.12589, 2.83037, 15],
			"to": [14.12589, 4.83037, 15.8],
			"rotation": {"angle": 45, "axis": "z", "origin": [12.96611, 4.88925, 15.425]},
			"faces": {
				"north": {"uv": [11.25, 0.25, 11.75, 0.5], "rotation": 90, "texture": "#0"},
				"east": {"uv": [11.75, 0.5, 11.25, 0.75], "rotation": 90, "texture": "#0"},
				"south": {"uv": [11.75, 0.25, 11.25, 0.5], "rotation": 270, "texture": "#0"},
				"west": {"uv": [12, 0, 11.5, 0.25], "rotation": 90, "texture": "#0"},
				"up": {"uv": [11.25, 0.25, 11.5, 0], "rotation": 90, "texture": "#0"},
				"down": {"uv": [11.25, 0.25, 11.5, 0], "rotation": 90, "texture": "#0"}
			}
		},
		{
			"from": [13.89202, 1.5066, 14.9],
			"to": [14.89202, 3.5066, 15.9],
			"rotation": {"angle": 22.5, "axis": "z", "origin": [12.96611, 4.88925, 15.425]},
			"faces": {
				"north": {"uv": [9.75, 0.25, 10.25, 0], "rotation": 270, "texture": "#0"},
				"east": {"uv": [10.25, 0.75, 9.75, 0.5], "rotation": 270, "texture": "#0"},
				"south": {"uv": [10.25, 0.25, 9.75, 0], "rotation": 90, "texture": "#0"},
				"west": {"uv": [10.25, 0.5, 9.75, 0.25], "rotation": 270, "texture": "#0"},
				"up": {"uv": [9.5, 0, 9.75, 0.25], "rotation": 270, "texture": "#0"},
				"down": {"uv": [9.5, 0, 9.75, 0.25], "rotation": 270, "texture": "#0"}
			}
		},
		{
			"from": [13.76153, 3.34181, 15.2],
			"to": [15.76153, 3.84181, 15.7],
			"rotation": {"angle": 45, "axis": "z", "origin": [12.96611, 4.88925, 15.425]},
			"faces": {
				"north": {"uv": [10.625, 0.875, 10.125, 0.75], "texture": "#0"},
				"east": {"uv": [9.5, 0.875, 9.625, 0.75], "texture": "#0"},
				"south": {"uv": [10.125, 0.875, 10.625, 0.75], "texture": "#0"},
				"west": {"uv": [9.5, 0.875, 9.625, 0.75], "texture": "#0"},
				"up": {"uv": [11.125, 0.75, 10.625, 0.875], "texture": "#0"},
				"down": {"uv": [10.125, 0.75, 9.625, 0.875], "texture": "#0"}
			}
		},
		{
			"from": [12.25536, 5.12314, 15.2],
			"to": [12.75536, 7.12314, 15.7],
			"rotation": {"angle": -22.5, "axis": "z", "origin": [12.96611, 4.88925, 15.425]},
			"faces": {
				"north": {"uv": [10.125, 0.875, 10.625, 0.75], "rotation": 270, "texture": "#0"},
				"east": {"uv": [11.125, 0.875, 10.625, 0.75], "rotation": 270, "texture": "#0"},
				"south": {"uv": [10.625, 0.875, 10.125, 0.75], "rotation": 90, "texture": "#0"},
				"west": {"uv": [10.125, 0.875, 9.625, 0.75], "rotation": 270, "texture": "#0"},
				"up": {"uv": [9.5, 0.75, 9.625, 0.875], "rotation": 270, "texture": "#0"},
				"down": {"uv": [9.5, 0.75, 9.625, 0.875], "rotation": 270, "texture": "#0"}
			}
		},
		{
			"from": [10.95313, 6.46329, 15.2],
			"to": [11.45313, 8.46329, 15.7],
			"rotation": {"angle": 0, "axis": "y", "origin": [12.96611, 4.88925, 15.425]},
			"faces": {
				"north": {"uv": [10.125, 0.875, 10.625, 0.75], "rotation": 270, "texture": "#0"},
				"east": {"uv": [11.125, 0.875, 10.625, 0.75], "rotation": 270, "texture": "#0"},
				"south": {"uv": [10.625, 0.875, 10.125, 0.75], "rotation": 90, "texture": "#0"},
				"west": {"uv": [10.125, 0.875, 9.625, 0.75], "rotation": 270, "texture": "#0"},
				"up": {"uv": [9.5, 0.75, 9.625, 0.875], "rotation": 270, "texture": "#0"},
				"down": {"uv": [9.5, 0.75, 9.625, 0.875], "rotation": 270, "texture": "#0"}
			}
		},
		{
			"from": [10.04169, 5.52765, 15],
			"to": [12.04169, 6.52765, 15.8],
			"rotation": {"angle": 0, "axis": "y", "origin": [12.96611, 4.88925, 15.425]},
			"faces": {
				"north": {"uv": [11.75, 0.25, 11.25, 0.5], "rotation": 180, "texture": "#0"},
				"east": {"uv": [11.5, 0.25, 11.25, 0], "texture": "#0"},
				"south": {"uv": [11.75, 0.5, 11.25, 0.25], "texture": "#0"},
				"west": {"uv": [11.5, 0.25, 11.25, 0], "texture": "#0"},
				"up": {"uv": [11.25, 0.5, 11.75, 0.75], "texture": "#0"},
				"down": {"uv": [11.5, 0, 12, 0.25], "texture": "#0"}
			}
		},
		{
			"from": [9.9193, 6.97247, 15.2],
			"to": [10.4193, 8.97247, 15.7],
			"rotation": {"angle": 22.5, "axis": "z", "origin": [12.96611, 4.88925, 15.425]},
			"faces": {
				"north": {"uv": [10.625, 0.75, 10.125, 0.875], "rotation": 90, "texture": "#0"},
				"east": {"uv": [10.625, 0.75, 11.125, 0.875], "rotation": 90, "texture": "#0"},
				"south": {"uv": [10.125, 0.75, 10.625, 0.875], "rotation": 270, "texture": "#0"},
				"west": {"uv": [9.625, 0.75, 10.125, 0.875], "rotation": 90, "texture": "#0"},
				"up": {"uv": [9.625, 0.875, 9.5, 0.75], "rotation": 90, "texture": "#0"},
				"down": {"uv": [9.625, 0.875, 9.5, 0.75], "rotation": 90, "texture": "#0"}
			}
		},
		{
			"from": [8.49202, 6.5066, 14.9],
			"to": [10.99202, 7.5066, 15.9],
			"rotation": {"angle": 22.5, "axis": "z", "origin": [12.96611, 4.88925, 15.425]},
			"faces": {
				"north": {"uv": [12, 0.25, 12.625, 0], "texture": "#0"},
				"east": {"uv": [12.625, 0.5, 12.375, 0.25], "texture": "#0"},
				"south": {"uv": [12.625, 0.25, 12, 0], "texture": "#0"},
				"west": {"uv": [12.625, 0.75, 12.375, 0.5], "texture": "#0"},
				"up": {"uv": [11.75, 0.25, 12.375, 0.5], "texture": "#0"},
				"down": {"uv": [11.75, 0.5, 12.375, 0.75], "texture": "#0"}
			}
		},
		{
			"from": [5.00798, 6.5066, 14.9],
			"to": [7.50798, 7.5066, 15.9],
			"rotation": {"angle": -22.5, "axis": "z", "origin": [3.03389, 4.88925, 15.425]},
			"faces": {
				"north": {"uv": [12.625, 0.25, 12, 0], "texture": "#0"},
				"east": {"uv": [12.375, 0.75, 12.625, 0.5], "texture": "#0"},
				"south": {"uv": [12, 0.25, 12.625, 0], "texture": "#0"},
				"west": {"uv": [12.375, 0.5, 12.625, 0.25], "texture": "#0"},
				"up": {"uv": [12.375, 0.25, 11.75, 0.5], "texture": "#0"},
				"down": {"uv": [12.375, 0.5, 11.75, 0.75], "texture": "#0"}
			}
		},
		{
			"from": [5.5807, 6.97247, 15.2],
			"to": [6.0807, 8.97247, 15.7],
			"rotation": {"angle": -22.5, "axis": "z", "origin": [3.03389, 4.88925, 15.425]},
			"faces": {
				"north": {"uv": [10.625, 0.875, 10.125, 0.75], "rotation": 90, "texture": "#0"},
				"east": {"uv": [9.625, 0.875, 10.125, 0.75], "rotation": 90, "texture": "#0"},
				"south": {"uv": [10.125, 0.875, 10.625, 0.75], "rotation": 270, "texture": "#0"},
				"west": {"uv": [10.625, 0.875, 11.125, 0.75], "rotation": 90, "texture": "#0"},
				"up": {"uv": [9.625, 0.75, 9.5, 0.875], "rotation": 90, "texture": "#0"},
				"down": {"uv": [9.625, 0.75, 9.5, 0.875], "rotation": 90, "texture": "#0"}
			}
		},
		{
			"from": [4.54687, 6.46329, 15.2],
			"to": [5.04687, 8.46329, 15.7],
			"rotation": {"angle": 0, "axis": "y", "origin": [3.03389, 4.88925, 15.425]},
			"faces": {
				"north": {"uv": [10.125, 0.75, 10.625, 0.875], "rotation": 270, "texture": "#0"},
				"east": {"uv": [10.125, 0.75, 9.625, 0.875], "rotation": 270, "texture": "#0"},
				"south": {"uv": [10.625, 0.75, 10.125, 0.875], "rotation": 90, "texture": "#0"},
				"west": {"uv": [11.125, 0.75, 10.625, 0.875], "rotation": 270, "texture": "#0"},
				"up": {"uv": [9.5, 0.875, 9.625, 0.75], "rotation": 270, "texture": "#0"},
				"down": {"uv": [9.5, 0.875, 9.625, 0.75], "rotation": 270, "texture": "#0"}
			}
		},
		{
			"from": [3.95831, 5.52765, 15],
			"to": [5.95831, 6.52765, 15.8],
			"rotation": {"angle": 0, "axis": "y", "origin": [3.03389, 4.88925, 15.425]},
			"faces": {
				"north": {"uv": [11.25, 0.25, 11.75, 0.5], "rotation": 180, "texture": "#0"},
				"east": {"uv": [11.25, 0.25, 11.5, 0], "texture": "#0"},
				"south": {"uv": [11.25, 0.5, 11.75, 0.25], "texture": "#0"},
				"west": {"uv": [11.25, 0.25, 11.5, 0], "texture": "#0"},
				"up": {"uv": [11.75, 0.5, 11.25, 0.75], "texture": "#0"},
				"down": {"uv": [12, 0, 11.5, 0.25], "texture": "#0"}
			}
		},
		{
			"from": [3.24464, 5.12314, 15.2],
			"to": [3.74464, 7.12314, 15.7],
			"rotation": {"angle": 22.5, "axis": "z", "origin": [3.03389, 4.88925, 15.425]},
			"faces": {
				"north": {"uv": [10.125, 0.75, 10.625, 0.875], "rotation": 270, "texture": "#0"},
				"east": {"uv": [10.125, 0.75, 9.625, 0.875], "rotation": 270, "texture": "#0"},
				"south": {"uv": [10.625, 0.75, 10.125, 0.875], "rotation": 90, "texture": "#0"},
				"west": {"uv": [11.125, 0.75, 10.625, 0.875], "rotation": 270, "texture": "#0"},
				"up": {"uv": [9.5, 0.875, 9.625, 0.75], "rotation": 270, "texture": "#0"},
				"down": {"uv": [9.5, 0.875, 9.625, 0.75], "rotation": 270, "texture": "#0"}
			}
		},
		{
			"from": [2.54464, 5.02314, 14.9],
			"to": [4.54464, 6.02314, 15.9],
			"rotation": {"angle": 22.5, "axis": "z", "origin": [3.03389, 4.88925, 15.425]},
			"faces": {
				"north": {"uv": [11.25, 0.25, 10.75, 0], "texture": "#0"},
				"east": {"uv": [9.5, 0.75, 9.75, 0.5], "texture": "#0"},
				"south": {"uv": [10.75, 0.25, 11.25, 0], "texture": "#0"},
				"west": {"uv": [9.5, 0.75, 9.75, 0.5], "texture": "#0"},
				"up": {"uv": [11.25, 0.25, 10.75, 0.5], "texture": "#0"},
				"down": {"uv": [11.25, 0.5, 10.75, 0.75], "texture": "#0"}
			}
		},
		{
			"from": [0.23847, 3.34181, 15.2],
			"to": [2.23847, 3.84181, 15.7],
			"rotation": {"angle": -45, "axis": "z", "origin": [3.03389, 4.88925, 15.425]},
			"faces": {
				"north": {"uv": [10.125, 0.875, 10.625, 0.75], "texture": "#0"},
				"east": {"uv": [9.625, 0.875, 9.5, 0.75], "texture": "#0"},
				"south": {"uv": [10.625, 0.875, 10.125, 0.75], "texture": "#0"},
				"west": {"uv": [9.625, 0.875, 9.5, 0.75], "texture": "#0"},
				"up": {"uv": [10.625, 0.75, 11.125, 0.875], "texture": "#0"},
				"down": {"uv": [9.625, 0.75, 10.125, 0.875], "texture": "#0"}
			}
		},
		{
			"from": [1.87411, 2.83037, 15],
			"to": [2.87411, 4.83037, 15.8],
			"rotation": {"angle": -45, "axis": "z", "origin": [3.03389, 4.88925, 15.425]},
			"faces": {
				"north": {"uv": [11.25, 0.5, 11.75, 0.25], "rotation": 90, "texture": "#0"},
				"east": {"uv": [12, 0.25, 11.5, 0], "rotation": 90, "texture": "#0"},
				"south": {"uv": [11.75, 0.5, 11.25, 0.25], "rotation": 270, "texture": "#0"},
				"west": {"uv": [11.75, 0.75, 11.25, 0.5], "rotation": 90, "texture": "#0"},
				"up": {"uv": [11.25, 0, 11.5, 0.25], "rotation": 90, "texture": "#0"},
				"down": {"uv": [11.25, 0, 11.5, 0.25], "rotation": 90, "texture": "#0"}
			}
		},
		{
			"from": [1.10798, 1.5066, 14.9],
			"to": [2.10798, 3.5066, 15.9],
			"rotation": {"angle": -22.5, "axis": "z", "origin": [3.03389, 4.88925, 15.425]},
			"faces": {
				"north": {"uv": [9.75, 0, 10.25, 0.25], "rotation": 270, "texture": "#0"},
				"east": {"uv": [10.25, 0.25, 9.75, 0.5], "rotation": 270, "texture": "#0"},
				"south": {"uv": [10.25, 0, 9.75, 0.25], "rotation": 90, "texture": "#0"},
				"west": {"uv": [10.25, 0.5, 9.75, 0.75], "rotation": 270, "texture": "#0"},
				"up": {"uv": [9.5, 0.25, 9.75, 0], "rotation": 270, "texture": "#0"},
				"down": {"uv": [9.5, 0.25, 9.75, 0], "rotation": 270, "texture": "#0"}
			}
		},
		{
			"from": [17, 9.5, 0],
			"to": [18, 11, 2],
			"rotation": {"angle": 0, "axis": "y", "origin": [20.5, 6, 9]},
			"faces": {
				"north": {"uv": [8.375, 1.875, 8.125, 2.25], "texture": "#0"},
				"east": {"uv": [8.375, 1.875, 8.875, 2.25], "texture": "#0"},
				"south": {"uv": [8.125, 1.875, 8.375, 2.25], "texture": "#0"},
				"west": {"uv": [8.375, 1.875, 8.875, 2.25], "texture": "#0"},
				"up": {"uv": [8.125, 2.25, 8.375, 2.75], "rotation": 180, "texture": "#0"},
				"down": {"uv": [8.125, 2.25, 8.375, 2.75], "rotation": 180, "texture": "#0"}
			}
		},
		{
			"from": [-2, 9.5, 0],
			"to": [-1, 11, 2],
			"rotation": {"angle": 0, "axis": "y", "origin": [-4.5, 6, 9]},
			"faces": {
				"north": {"uv": [8.125, 1.875, 8.375, 2.25], "texture": "#0"},
				"east": {"uv": [8.875, 1.875, 8.375, 2.25], "texture": "#0"},
				"south": {"uv": [8.375, 1.875, 8.125, 2.25], "texture": "#0"},
				"west": {"uv": [8.875, 1.875, 8.375, 2.25], "texture": "#0"},
				"up": {"uv": [8.375, 2.25, 8.125, 2.75], "rotation": 180, "texture": "#0"},
				"down": {"uv": [8.375, 2.25, 8.125, 2.75], "rotation": 180, "texture": "#0"}
			}
		},
		{
			"from": [-2, 11, -0.5],
			"to": [0.5, 13, 2.5],
			"rotation": {"angle": 0, "axis": "y", "origin": [-4.5, 6, 9]},
			"faces": {
				"north": {"uv": [8.75, 0.5, 8.125, 1], "texture": "#0"},
				"east": {"uv": [8.875, 0, 8.125, 0.5], "texture": "#0"},
				"south": {"uv": [8.125, 0.5, 8.75, 1], "texture": "#0"},
				"west": {"uv": [9.5, 1.375, 8.75, 1.875], "texture": "#0"},
				"up": {"uv": [8.75, 1, 8.125, 1.75], "rotation": 180, "texture": "#0"},
				"down": {"uv": [9.375, 0.5, 8.75, 1.25], "rotation": 180, "texture": "#0"}
			}
		},
		{
			"from": [-2.4, 10.8, 0.5],
			"to": [-1.4, 12.3, 1.5],
			"rotation": {"angle": -22.5, "axis": "z", "origin": [-2.5, 11.25, 1]},
			"faces": {
				"north": {"uv": [9.25, 0, 9, 0.375], "texture": "#0"},
				"east": {"uv": [9.5, 0, 9.25, 0.375], "texture": "#0"},
				"south": {"uv": [9, 0, 9.25, 0.375], "texture": "#0"},
				"west": {"uv": [9.5, 0, 9.25, 0.375], "texture": "#0"},
				"up": {"uv": [9.625, 1.125, 9.375, 1.375], "rotation": 180, "texture": "#0"},
				"down": {"uv": [9.625, 1.125, 9.375, 1.375], "rotation": 180, "texture": "#0"}
			}
		},
		{
			"from": [-2, 9.5, 14],
			"to": [-1, 11, 16],
			"rotation": {"angle": 0, "axis": "y", "origin": [-4.5, 6, 7]},
			"faces": {
				"north": {"uv": [8.125, 1.875, 8.375, 2.25], "texture": "#0"},
				"east": {"uv": [8.375, 1.875, 8.875, 2.25], "texture": "#0"},
				"south": {"uv": [8.375, 1.875, 8.125, 2.25], "texture": "#0"},
				"west": {"uv": [8.375, 1.875, 8.875, 2.25], "texture": "#0"},
				"up": {"uv": [8.375, 2.75, 8.125, 2.25], "rotation": 180, "texture": "#0"},
				"down": {"uv": [8.375, 2.75, 8.125, 2.25], "rotation": 180, "texture": "#0"}
			}
		},
		{
			"from": [-2, 11, 13.5],
			"to": [0.5, 13, 16.5],
			"rotation": {"angle": 0, "axis": "y", "origin": [-4.5, 6, 7]},
			"faces": {
				"north": {"uv": [8.75, 0.5, 8.125, 1], "texture": "#0"},
				"east": {"uv": [8.125, 0, 8.875, 0.5], "texture": "#0"},
				"south": {"uv": [8.125, 0.5, 8.75, 1], "texture": "#0"},
				"west": {"uv": [8.75, 1.375, 9.5, 1.875], "texture": "#0"},
				"up": {"uv": [8.75, 1.75, 8.125, 1], "rotation": 180, "texture": "#0"},
				"down": {"uv": [9.375, 1.25, 8.75, 0.5], "rotation": 180, "texture": "#0"}
			}
		},
		{
			"from": [-2.4, 10.8, 14.5],
			"to": [-1.4, 12.3, 15.5],
			"rotation": {"angle": -22.5, "axis": "z", "origin": [-2.5, 11.25, 15]},
			"faces": {
				"north": {"uv": [9.25, 0, 9, 0.375], "texture": "#0"},
				"east": {"uv": [9.25, 0, 9.5, 0.375], "texture": "#0"},
				"south": {"uv": [9, 0, 9.25, 0.375], "texture": "#0"},
				"west": {"uv": [9.25, 0, 9.5, 0.375], "texture": "#0"},
				"up": {"uv": [9.625, 1.375, 9.375, 1.125], "rotation": 180, "texture": "#0"},
				"down": {"uv": [9.625, 1.375, 9.375, 1.125], "rotation": 180, "texture": "#0"}
			}
		},
		{
			"from": [15.5, 11, 13.5],
			"to": [18, 13, 16.5],
			"rotation": {"angle": 0, "axis": "y", "origin": [20.5, 6, 7]},
			"faces": {
				"north": {"uv": [8.125, 0.5, 8.75, 1], "texture": "#0"},
				"east": {"uv": [9.5, 1.375, 8.75, 1.875], "texture": "#0"},
				"south": {"uv": [8.75, 0.5, 8.125, 1], "texture": "#0"},
				"west": {"uv": [8.875, 0, 8.125, 0.5], "texture": "#0"},
				"up": {"uv": [8.125, 1.75, 8.75, 1], "rotation": 180, "texture": "#0"},
				"down": {"uv": [8.75, 1.25, 9.375, 0.5], "rotation": 180, "texture": "#0"}
			}
		},
		{
			"from": [17.4, 10.8, 14.5],
			"to": [18.4, 12.3, 15.5],
			"rotation": {"angle": 22.5, "axis": "z", "origin": [18.5, 11.25, 15]},
			"faces": {
				"north": {"uv": [9, 0, 9.25, 0.375], "texture": "#0"},
				"east": {"uv": [9.5, 0, 9.25, 0.375], "texture": "#0"},
				"south": {"uv": [9.25, 0, 9, 0.375], "texture": "#0"},
				"west": {"uv": [9.5, 0, 9.25, 0.375], "texture": "#0"},
				"up": {"uv": [9.375, 1.375, 9.625, 1.125], "rotation": 180, "texture": "#0"},
				"down": {"uv": [9.375, 1.375, 9.625, 1.125], "rotation": 180, "texture": "#0"}
			}
		},
		{
			"from": [17, 9.5, 14],
			"to": [18, 11, 16],
			"rotation": {"angle": 0, "axis": "y", "origin": [20.5, 6, 7]},
			"faces": {
				"north": {"uv": [8.375, 1.875, 8.125, 2.25], "texture": "#0"},
				"east": {"uv": [8.875, 1.875, 8.375, 2.25], "texture": "#0"},
				"south": {"uv": [8.125, 1.875, 8.375, 2.25], "texture": "#0"},
				"west": {"uv": [8.875, 1.875, 8.375, 2.25], "texture": "#0"},
				"up": {"uv": [8.125, 2.75, 8.375, 2.25], "rotation": 180, "texture": "#0"},
				"down": {"uv": [8.125, 2.75, 8.375, 2.25], "rotation": 180, "texture": "#0"}
			}
		},
		{
			"from": [7.5, 10.8, 16.4],
			"to": [8.5, 12.3, 17.4],
			"rotation": {"angle": -22.5, "axis": "x", "origin": [8, 11.25, 17.5]},
			"faces": {
				"north": {"uv": [9.5, 0, 9.25, 0.375], "texture": "#0"},
				"east": {"uv": [9, 0, 9.25, 0.375], "texture": "#0"},
				"south": {"uv": [9.5, 0, 9.25, 0.375], "texture": "#0"},
				"west": {"uv": [9.25, 0, 9, 0.375], "texture": "#0"},
				"up": {"uv": [9.625, 1.125, 9.375, 1.375], "rotation": 90, "texture": "#0"},
				"down": {"uv": [9.625, 1.125, 9.375, 1.375], "rotation": 270, "texture": "#0"}
			}
		},
		{
			"from": [6.5, 11, 14.5],
			"to": [9.5, 13, 17],
			"rotation": {"angle": 0, "axis": "y", "origin": [16, 6, 19.5]},
			"faces": {
				"north": {"uv": [8.875, 0, 8.125, 0.5], "texture": "#0"},
				"east": {"uv": [8.125, 0.5, 8.75, 1], "texture": "#0"},
				"south": {"uv": [9.5, 1.375, 8.75, 1.875], "texture": "#0"},
				"west": {"uv": [8.75, 0.5, 8.125, 1], "texture": "#0"},
				"up": {"uv": [8.75, 1, 8.125, 1.75], "rotation": 90, "texture": "#0"},
				"down": {"uv": [9.375, 0.5, 8.75, 1.25], "rotation": 270, "texture": "#0"}
			}
		},
		{
			"from": [7, 9.5, 16],
			"to": [9, 11, 17],
			"rotation": {"angle": 0, "axis": "y", "origin": [16, 6, 19.5]},
			"faces": {
				"north": {"uv": [8.875, 1.875, 8.375, 2.25], "texture": "#0"},
				"east": {"uv": [8.375, 1.875, 8.125, 2.25], "texture": "#0"},
				"south": {"uv": [8.875, 1.875, 8.375, 2.25], "texture": "#0"},
				"west": {"uv": [8.125, 1.875, 8.375, 2.25], "texture": "#0"},
				"up": {"uv": [8.375, 2.25, 8.125, 2.75], "rotation": 90, "texture": "#0"},
				"down": {"uv": [8.375, 2.25, 8.125, 2.75], "rotation": 270, "texture": "#0"}
			}
		},
		{
			"from": [1.1, 19, -2],
			"to": [1.1, 27, 15],
			"rotation": {"angle": 22.5, "axis": "x", "origin": [0.1, 0, 0]},
			"faces": {
				"north": {"uv": [0, 0, 0, 2], "texture": "#0"},
				"east": {"uv": [4.25, 12.5625, 0, 14.5625], "texture": "#0"},
				"south": {"uv": [0, 0, 0, 2], "texture": "#0"},
				"west": {"uv": [0, 12.5625, 4.25, 14.5625], "texture": "#0"},
				"up": {"uv": [0, 0, 0, 4.25], "texture": "#0"},
				"down": {"uv": [0, 0, 0, 4.25], "texture": "#0"}
			}
		},
		{
			"from": [15.1, 19, -2],
			"to": [15.1, 27, 15],
			"rotation": {"angle": 22.5, "axis": "x", "origin": [16.1, 0, 0]},
			"faces": {
				"north": {"uv": [0, 0, 0, 2], "texture": "#0"},
				"east": {"uv": [4.25, 12.5625, 0, 14.5625], "texture": "#0"},
				"south": {"uv": [0, 0, 0, 2], "texture": "#0"},
				"west": {"uv": [0, 12.5625, 4.25, 14.5625], "texture": "#0"},
				"up": {"uv": [0, 0, 0, 4.25], "texture": "#0"},
				"down": {"uv": [0, 0, 0, 4.25], "texture": "#0"}
			}
		},
		{
			"from": [2.5, -0.2, -0.1],
			"to": [13.5, 10.8, -0.1],
			"rotation": {"angle": 0, "axis": "y", "origin": [0, -2, -6]},
			"faces": {
				"north": {"uv": [2.5, 2.375, 13.5, 13.375], "texture": "#1"},
				"east": {"uv": [0, 0, 0, 1.75], "texture": "#1"},
				"south": {"uv": [13.5, 2.375, 2.5, 13.375], "texture": "#1"},
				"west": {"uv": [0, 0, 0, 1.75], "texture": "#1"},
				"up": {"uv": [0, 0, 1.75, 0], "texture": "#1"},
				"down": {"uv": [0, 0, 1.75, 0], "texture": "#1"}
			}
		}
	],
	"gui_light": "front",
	"display": {
		"thirdperson_righthand": {
			"rotation": [67.5, 0, 0],
			"translation": [0, 2.75, 0.25],
			"scale": [0.30586, 0.30586, 0.30586]
		},
		"thirdperson_lefthand": {
			"rotation": [67.5, 0, 0],
			"translation": [0, 2.75, 0.25],
			"scale": [0.30586, 0.30586, 0.30586]
		},
		"firstperson_righthand": {
			"translation": [-0.25, 4, 1.75],
			"scale": [0.27734, 0.27734, 0.27734]
		},
		"firstperson_lefthand": {
			"translation": [-0.25, 4, 1.75],
			"scale": [0.27734, 0.27734, 0.27734]
		},
		"ground": {
			"translation": [0, 6, 0],
			"scale": [0.5, 0.5, 0.5]
		},
		"gui": {
			"rotation": [30, -135, 0],
			"translation": [0, -1.25, 0],
			"scale": [0.5, 0.5, 0.5]
		},
		"head": {
			"rotation": [0, 180, 0],
			"translation": [0, -31.2, 0],
			"scale": [1.6, 1.6, 1.6]
		},
		"fixed": {
			"rotation": [-90, 0, 0],
			"translation": [0, 0, -15],
			"scale": [2, 2, 2]
		}
	},
	"groups": [
		{
			"name": "group",
			"origin": [8, 19, 12],
			"color": 0,
			"children": [
				0,
				1,
				2,
				3,
				4,
				5,
				6,
				7,
				8,
				9,
				10,
				11,
				12,
				13,
				14,
				15,
				16,
				17,
				18,
				19,
				20,
				21,
				22,
				23,
				24,
				25,
				26,
				27,
				28,
				29,
				30,
				31,
				32,
				33,
				34,
				35,
				36,
				37,
				38,
				39,
				40,
				41,
				42,
				43,
				44,
				45,
				46,
				47,
				48,
				49,
				50,
				51,
				52,
				53,
				54,
				55,
				56,
				57,
				58,
				59,
				60
			]
		},
		61,
		62,
		63,
		64,
		65,
		66,
		67,
		68,
		69,
		70,
		71,
		72,
		73,
		74,
		75,
		76,
		77,
		78,
		79,
		80,
		81,
		82,
		83,
		84,
		85,
		86,
		87,
		88,
		89,
		90,
		91,
		92,
		93,
		94,
		95,
		96,
		97,
		98,
		99,
		100,
		101,
		102,
		103,
		104,
		105,
		106,
		107,
		108,
		109,
		110,
		111,
		112,
		113,
		114,
		115,
		116,
		117,
		118,
		119,
		120,
		121
	]
}