{
	"credit": "Made with Blockbench",
	"texture_size": [32, 32],
	"textures": {
		"0": "devil_animated_weapon_set:crossbowtex",
		"1": "devil_animated_weapon_set:bloodline",
		"2": "devil_animated_weapon_set:bloodrain1",
		"3": "devil_animated_weapon_set:bloodrain2",
		"particle": "devil_animated_weapon_set:crossbowtex"
	},
	"elements": [
		{
			"from": [14, 3.4, 9],
			"to": [16, 4.4, 15],
			"rotation": {"angle": 0, "axis": "y", "origin": [8, 4, -4.5]},
			"faces": {
				"north": {"uv": [1, 12.5, 0, 13], "texture": "#0"},
				"east": {"uv": [1, 16, 1.5, 13], "rotation": 270, "texture": "#0"},
				"south": {"uv": [1, 12.5, 0, 13], "texture": "#0"},
				"west": {"uv": [3.5, 16, 4, 13], "rotation": 90, "texture": "#0"},
				"up": {"uv": [0, 10.875, 1, 7.875], "rotation": 180, "texture": "#0"},
				"down": {"uv": [0, 16, 1, 13], "texture": "#0"}
			}
		},
		{
			"from": [-2, 11, 8],
			"to": [15, 18, 8],
			"rotation": {"angle": -22.5, "axis": "z", "origin": [0.1, 0, 16]},
			"faces": {
				"north": {"uv": [3.25, 2.625, 11.75, 6.125], "texture": "#0"},
				"east": {"uv": [0, 0, 0, 4], "texture": "#0"},
				"south": {"uv": [11.75, 2.625, 3.25, 6.125], "texture": "#0"},
				"west": {"uv": [0, 0, 0, 4], "texture": "#0"},
				"up": {"uv": [0, 0, 0, 8.5], "rotation": 90, "texture": "#0"},
				"down": {"uv": [0, 0, 0, 8.5], "rotation": 270, "texture": "#0"}
			}
		},
		{
			"from": [13.2, 3, 13.2],
			"to": [15.2, 5, 18.2],
			"rotation": {"angle": -22.5, "axis": "y", "origin": [12, 4, 16.4]},
			"faces": {
				"north": {"uv": [2.5, 15, 3.5, 16], "rotation": 180, "texture": "#0"},
				"east": {"uv": [1.5, 13.5, 2.5, 16], "rotation": 270, "texture": "#0"},
				"south": {"uv": [2.5, 16, 3.5, 15], "texture": "#0"},
				"west": {"uv": [4, 8.5, 5, 11], "rotation": 90, "texture": "#0"},
				"up": {"uv": [1, 8.375, 2, 10.875], "rotation": 180, "texture": "#0"},
				"down": {"uv": [3.5, 12.5, 2.5, 15], "texture": "#0"}
			}
		},
		{
			"from": [13.5, 4, 16.8],
			"to": [15.5, 6, 19.8],
			"rotation": {"angle": -45, "axis": "y", "origin": [11.9, 4, 16.5]},
			"faces": {
				"north": {"uv": [5, 9, 6, 10], "rotation": 180, "texture": "#0"},
				"east": {"uv": [7.5, 10, 8.5, 11.5], "rotation": 270, "texture": "#0"},
				"south": {"uv": [1.5, 12.375, 2.5, 13.375], "texture": "#0"},
				"west": {"uv": [5, 10, 6, 11.5], "rotation": 90, "texture": "#0"},
				"up": {"uv": [2, 8.375, 3, 9.875], "rotation": 180, "texture": "#0"},
				"down": {"uv": [6, 12.5, 5, 14], "texture": "#0"}
			}
		},
		{
			"from": [12.1, 5.2, 20.1],
			"to": [14.1, 6.7, 23.1],
			"rotation": {"angle": -22.5, "axis": "y", "origin": [11.9, 4, 16.5]},
			"faces": {
				"north": {"uv": [5, 11.5, 6, 12.25], "rotation": 180, "texture": "#0"},
				"east": {"uv": [6.75, 10, 7.5, 11.5], "rotation": 270, "texture": "#0"},
				"south": {"uv": [6, 9.25, 7, 10], "texture": "#0"},
				"west": {"uv": [6, 10, 6.75, 11.5], "rotation": 90, "texture": "#0"},
				"up": {"uv": [3, 8.375, 4, 9.875], "rotation": 180, "texture": "#0"},
				"down": {"uv": [5, 11, 4, 12.5], "texture": "#0"}
			}
		},
		{
			"from": [14, 3.4, 1],
			"to": [16, 4.4, 7],
			"rotation": {"angle": 0, "axis": "y", "origin": [8, 4, 20.5]},
			"faces": {
				"north": {"uv": [0, 12.5, 1, 13], "texture": "#0"},
				"east": {"uv": [1, 13, 1.5, 16], "rotation": 270, "texture": "#0"},
				"south": {"uv": [0, 12.5, 1, 13], "texture": "#0"},
				"west": {"uv": [3.5, 13, 4, 16], "rotation": 90, "texture": "#0"},
				"up": {"uv": [0, 7.875, 1, 10.875], "rotation": 180, "texture": "#0"},
				"down": {"uv": [0, 13, 1, 16], "texture": "#0"}
			}
		},
		{
			"from": [13.2, 3, -2.2],
			"to": [15.2, 5, 2.8],
			"rotation": {"angle": 22.5, "axis": "y", "origin": [12, 4, -0.4]},
			"faces": {
				"north": {"uv": [3.5, 16, 2.5, 15], "texture": "#0"},
				"east": {"uv": [1.5, 16, 2.5, 13.5], "rotation": 270, "texture": "#0"},
				"south": {"uv": [3.5, 15, 2.5, 16], "rotation": 180, "texture": "#0"},
				"west": {"uv": [4, 11, 5, 8.5], "rotation": 90, "texture": "#0"},
				"up": {"uv": [1, 10.875, 2, 8.375], "rotation": 180, "texture": "#0"},
				"down": {"uv": [3.5, 15, 2.5, 12.5], "texture": "#0"}
			}
		},
		{
			"from": [13.5, 4, -3.8],
			"to": [15.5, 6, -0.8],
			"rotation": {"angle": 45, "axis": "y", "origin": [11.9, 4, -0.5]},
			"faces": {
				"north": {"uv": [2.5, 12.375, 1.5, 13.375], "texture": "#0"},
				"east": {"uv": [7.5, 11.5, 8.5, 10], "rotation": 270, "texture": "#0"},
				"south": {"uv": [6, 9, 5, 10], "rotation": 180, "texture": "#0"},
				"west": {"uv": [5, 11.5, 6, 10], "rotation": 90, "texture": "#0"},
				"up": {"uv": [2, 9.875, 3, 8.375], "rotation": 180, "texture": "#0"},
				"down": {"uv": [6, 14, 5, 12.5], "texture": "#0"}
			}
		},
		{
			"from": [12.1, 5.2, -7.1],
			"to": [14.1, 6.7, -4.1],
			"rotation": {"angle": 22.5, "axis": "y", "origin": [11.9, 4, -0.5]},
			"faces": {
				"north": {"uv": [7, 9.25, 6, 10], "texture": "#0"},
				"east": {"uv": [6.75, 11.5, 7.5, 10], "rotation": 270, "texture": "#0"},
				"south": {"uv": [6, 11.5, 5, 12.25], "rotation": 180, "texture": "#0"},
				"west": {"uv": [6, 11.5, 6.75, 10], "rotation": 90, "texture": "#0"},
				"up": {"uv": [3, 9.875, 4, 8.375], "rotation": 180, "texture": "#0"},
				"down": {"uv": [5, 12.5, 4, 11], "texture": "#0"}
			}
		},
		{
			"from": [12.1, 5.2, 20.1],
			"to": [14.1, 6.7, 23.1],
			"rotation": {"angle": -22.5, "axis": "y", "origin": [11.9, 4, 16.5]},
			"faces": {
				"north": {"uv": [5, 11.5, 6, 12.25], "rotation": 180, "texture": "#0"},
				"east": {"uv": [6.75, 10, 7.5, 11.5], "rotation": 270, "texture": "#0"},
				"south": {"uv": [6, 9.25, 7, 10], "texture": "#0"},
				"west": {"uv": [6, 10, 6.75, 11.5], "rotation": 90, "texture": "#0"},
				"up": {"uv": [3, 8.375, 4, 9.875], "rotation": 180, "texture": "#0"},
				"down": {"uv": [5, 11, 4, 12.5], "texture": "#0"}
			}
		},
		{
			"from": [13.5, 4, 16.8],
			"to": [15.5, 6, 19.8],
			"rotation": {"angle": -45, "axis": "y", "origin": [11.9, 4, 16.5]},
			"faces": {
				"north": {"uv": [5, 9, 6, 10], "rotation": 180, "texture": "#0"},
				"east": {"uv": [7.5, 10, 8.5, 11.5], "rotation": 270, "texture": "#0"},
				"south": {"uv": [1.5, 12.375, 2.5, 13.375], "texture": "#0"},
				"west": {"uv": [5, 10, 6, 11.5], "rotation": 90, "texture": "#0"},
				"up": {"uv": [2, 8.375, 3, 9.875], "rotation": 180, "texture": "#0"},
				"down": {"uv": [6, 12.5, 5, 14], "texture": "#0"}
			}
		},
		{
			"from": [13.2, 3, 13.2],
			"to": [15.2, 5, 18.2],
			"rotation": {"angle": -22.5, "axis": "y", "origin": [12, 4, 16.4]},
			"faces": {
				"north": {"uv": [2.5, 15, 3.5, 16], "rotation": 180, "texture": "#0"},
				"east": {"uv": [1.5, 13.5, 2.5, 16], "rotation": 270, "texture": "#0"},
				"south": {"uv": [2.5, 16, 3.5, 15], "texture": "#0"},
				"west": {"uv": [4, 8.5, 5, 11], "rotation": 90, "texture": "#0"},
				"up": {"uv": [1, 8.375, 2, 10.875], "rotation": 180, "texture": "#0"},
				"down": {"uv": [3.5, 12.5, 2.5, 15], "texture": "#0"}
			}
		},
		{
			"from": [14, 3.4, 9],
			"to": [16, 4.4, 15],
			"rotation": {"angle": 0, "axis": "y", "origin": [8, 4, -4.5]},
			"faces": {
				"north": {"uv": [1, 12.5, 0, 13], "texture": "#0"},
				"east": {"uv": [1, 16, 1.5, 13], "rotation": 270, "texture": "#0"},
				"south": {"uv": [1, 12.5, 0, 13], "texture": "#0"},
				"west": {"uv": [3.5, 16, 4, 13], "rotation": 90, "texture": "#0"},
				"up": {"uv": [0, 10.875, 1, 7.875], "rotation": 180, "texture": "#0"},
				"down": {"uv": [0, 16, 1, 13], "texture": "#0"}
			}
		},
		{
			"from": [7.8, 6.5, -1.4],
			"to": [8.3, 6.5, 13.1],
			"rotation": {"angle": -22.5, "axis": "y", "origin": [19.5, 6, 5.85]},
			"faces": {
				"north": {"uv": [8, 0, 8, 0.25], "rotation": 90, "texture": "#0"},
				"east": {"uv": [13.75, 0, 8, 0], "rotation": 180, "texture": "#0"},
				"south": {"uv": [8, 0, 8, 0.25], "rotation": 270, "texture": "#0"},
				"west": {"uv": [13.75, 0, 8, 0], "texture": "#0"},
				"up": {"uv": [11.75, 0, 12, 5.75], "rotation": 180, "texture": "#0"},
				"down": {"uv": [12, 0, 11.75, 5.75], "texture": "#0"}
			}
		},
		{
			"from": [7.8, 6.5, 2.9],
			"to": [8.3, 6.5, 17.4],
			"rotation": {"angle": 22.5, "axis": "y", "origin": [19.5, 6, 10.15]},
			"faces": {
				"north": {"uv": [8, 0.25, 8, 0], "rotation": 270, "texture": "#0"},
				"east": {"uv": [8, 0, 13.75, 0], "rotation": 180, "texture": "#0"},
				"south": {"uv": [8, 0.25, 8, 0], "rotation": 90, "texture": "#0"},
				"west": {"uv": [8, 0, 13.75, 0], "texture": "#0"},
				"up": {"uv": [11.75, 5.75, 12, 0], "rotation": 180, "texture": "#0"},
				"down": {"uv": [12, 5.75, 11.75, 0], "texture": "#0"}
			}
		},
		{
			"from": [-14, 4, 6.8],
			"to": [-7, 6.2, 9.1],
			"rotation": {"angle": 0, "axis": "y", "origin": [0, -5.9, 0]},
			"faces": {
				"north": {"uv": [15, 1, 16, 4.5], "rotation": 270, "texture": "#0"},
				"east": {"uv": [15, 0, 16, 1], "rotation": 90, "texture": "#0"},
				"south": {"uv": [16, 1, 15, 4.5], "rotation": 90, "texture": "#0"},
				"west": {"uv": [14, 0, 15, 1], "rotation": 90, "texture": "#0"},
				"up": {"uv": [12, 1, 13, 4.5], "rotation": 90, "texture": "#0"},
				"down": {"uv": [14, 1, 15, 4.5], "rotation": 90, "texture": "#0"}
			}
		},
		{
			"from": [-4, 4.5, 7],
			"to": [14, 6.5, 9],
			"faces": {
				"north": {"uv": [7, 13, 16, 14], "texture": "#0"},
				"east": {"uv": [6, 15, 7, 16], "texture": "#0"},
				"south": {"uv": [16, 13, 7, 14], "texture": "#0"},
				"west": {"uv": [5, 15, 6, 16], "texture": "#0"},
				"up": {"uv": [7, 15, 16, 16], "texture": "#0"},
				"down": {"uv": [7, 14, 16, 15], "texture": "#0"}
			}
		},
		{
			"from": [13.4, 5.2, 6.9],
			"to": [16.4, 7.2, 9.1],
			"rotation": {"angle": -22.5, "axis": "z", "origin": [12, 5.5, 8]},
			"faces": {
				"north": {"uv": [16, 5.5, 14.5, 6.5], "texture": "#0"},
				"east": {"uv": [15, 4.5, 16, 5.5], "texture": "#0"},
				"south": {"uv": [14.5, 5.5, 16, 6.5], "texture": "#0"},
				"west": {"uv": [15, 4.5, 16, 5.5], "texture": "#0"},
				"up": {"uv": [14.5, 7.5, 16, 8.5], "texture": "#0"},
				"down": {"uv": [14.5, 6.5, 16, 7.5], "texture": "#0"}
			}
		},
		{
			"from": [-4, 3.5, 7],
			"to": [3, 4.5, 9],
			"rotation": {"angle": 0, "axis": "y", "origin": [10, 9, 0]},
			"faces": {
				"north": {"uv": [12.5, 11.5, 16, 12], "texture": "#0"},
				"east": {"uv": [11.5, 12.5, 12.5, 13], "texture": "#0"},
				"south": {"uv": [16, 11.5, 12.5, 12], "texture": "#0"},
				"west": {"uv": [11.5, 12, 12.5, 12.5], "texture": "#0"},
				"up": {"uv": [12.5, 12, 16, 13], "texture": "#0"},
				"down": {"uv": [12.5, 12, 16, 13], "texture": "#0"}
			}
		},
		{
			"from": [-6.7, 2.7, 7.1],
			"to": [-3.7, 3.7, 8.9],
			"rotation": {"angle": -22.5, "axis": "z", "origin": [-2, 3.5, 8]},
			"faces": {
				"north": {"uv": [12, 5, 13.5, 5.5], "texture": "#0"},
				"east": {"uv": [12.5, 4.5, 13.5, 5], "texture": "#0"},
				"south": {"uv": [12, 5, 13.5, 5.5], "texture": "#0"},
				"west": {"uv": [12.5, 4.5, 13.5, 5], "texture": "#0"},
				"up": {"uv": [13.5, 4.5, 15, 5.5], "texture": "#0"},
				"down": {"uv": [13.5, 4.5, 15, 5.5], "texture": "#0"}
			}
		},
		{
			"from": [-6.4, 6.3, 7.1],
			"to": [-3.4, 7.3, 8.9],
			"rotation": {"angle": 22.5, "axis": "z", "origin": [-2, 5.5, 8]},
			"faces": {
				"north": {"uv": [13, 9, 14.5, 9.5], "texture": "#0"},
				"east": {"uv": [13.5, 8.5, 14.5, 9], "texture": "#0"},
				"south": {"uv": [13, 9, 14.5, 9.5], "texture": "#0"},
				"west": {"uv": [13.5, 8.5, 14.5, 9], "texture": "#0"},
				"up": {"uv": [14.5, 8.5, 16, 9.5], "texture": "#0"},
				"down": {"uv": [14.5, 8.5, 16, 9.5], "texture": "#0"}
			}
		},
		{
			"from": [8, 3.5, 7],
			"to": [12, 4.5, 9],
			"rotation": {"angle": 0, "axis": "y", "origin": [-2, 10, 0]},
			"faces": {
				"north": {"uv": [13, 10, 15, 10.5], "texture": "#0"},
				"east": {"uv": [15, 10, 16, 10.5], "texture": "#0"},
				"south": {"uv": [13, 10, 15, 10.5], "texture": "#0"},
				"west": {"uv": [15, 10, 16, 10.5], "texture": "#0"},
				"up": {"uv": [14, 10.5, 16, 11.5], "texture": "#0"},
				"down": {"uv": [14, 10.5, 16, 11.5], "texture": "#0"}
			}
		},
		{
			"from": [5.6, 2.8, 7.1],
			"to": [8.6, 3.8, 8.9],
			"rotation": {"angle": -22.5, "axis": "z", "origin": [10, 4.5, 8]},
			"faces": {
				"north": {"uv": [15, 9.5, 13.5, 10], "texture": "#0"},
				"east": {"uv": [16, 9.5, 15, 10], "texture": "#0"},
				"south": {"uv": [15, 9.5, 13.5, 10], "texture": "#0"},
				"west": {"uv": [16, 9.5, 15, 10], "texture": "#0"},
				"up": {"uv": [14, 10.5, 12.5, 11.5], "texture": "#0"},
				"down": {"uv": [14, 10.5, 12.5, 11.5], "texture": "#0"}
			}
		},
		{
			"from": [11.2, 1.3, 7.1],
			"to": [14.2, 2.3, 8.9],
			"rotation": {"angle": 22.5, "axis": "z", "origin": [6, 4.5, 8]},
			"faces": {
				"north": {"uv": [15, 9.5, 13.5, 10], "texture": "#0"},
				"east": {"uv": [16, 9.5, 15, 10], "texture": "#0"},
				"south": {"uv": [15, 9.5, 13.5, 10], "texture": "#0"},
				"west": {"uv": [16, 9.5, 15, 10], "texture": "#0"},
				"up": {"uv": [14, 10.5, 12.5, 11.5], "texture": "#0"},
				"down": {"uv": [14, 10.5, 12.5, 11.5], "texture": "#0"}
			}
		},
		{
			"from": [-7, 4.5, 7],
			"to": [-4, 5.5, 9],
			"rotation": {"angle": 0, "axis": "y", "origin": [-4, 0, 16]},
			"faces": {
				"north": {"uv": [8.5, 12.5, 10, 13], "texture": "#0"},
				"east": {"uv": [7.5, 12.5, 8.5, 13], "texture": "#0"},
				"south": {"uv": [8.5, 12.5, 10, 13], "texture": "#0"},
				"west": {"uv": [7.5, 12.5, 8.5, 13], "texture": "#0"},
				"up": {"uv": [10, 12, 11.5, 13], "texture": "#0"},
				"down": {"uv": [10, 11, 11.5, 12], "texture": "#0"}
			}
		},
		{
			"from": [8, 5, 4],
			"to": [13, 5, 7],
			"faces": {
				"north": {"uv": [0, 0, 10, 0], "texture": "#0"},
				"east": {"uv": [0, 0, 6, 0], "texture": "#0"},
				"south": {"uv": [0, 0, 10, 0], "texture": "#0"},
				"west": {"uv": [0, 0, 6, 0], "texture": "#0"},
				"up": {"uv": [2.5, 1.5, 0, 0], "texture": "#0"},
				"down": {"uv": [2.5, 0, 0, 1.5], "texture": "#0"}
			}
		},
		{
			"from": [8, 5, 9],
			"to": [13, 5, 12],
			"rotation": {"angle": 0, "axis": "y", "origin": [0, 0, 16]},
			"faces": {
				"north": {"uv": [10, 0, 0, 0], "texture": "#0"},
				"east": {"uv": [6, 0, 0, 0], "texture": "#0"},
				"south": {"uv": [10, 0, 0, 0], "texture": "#0"},
				"west": {"uv": [6, 0, 0, 0], "texture": "#0"},
				"up": {"uv": [2.5, 0, 0, 1.5], "texture": "#0"},
				"down": {"uv": [2.5, 1.5, 0, 0], "texture": "#0"}
			}
		},
		{
			"from": [7, 6.5, 7.5],
			"to": [14, 8.5, 7.5],
			"faces": {
				"north": {"uv": [0, 1.5, 3.5, 2.5], "texture": "#0"},
				"east": {"uv": [0, 0, 0, 1], "texture": "#0"},
				"south": {"uv": [3.5, 1.5, 0, 2.5], "texture": "#0"},
				"west": {"uv": [0, 0, 0, 1], "texture": "#0"},
				"up": {"uv": [0, 0, 3.5, 0], "texture": "#0"},
				"down": {"uv": [0, 0, 3.5, 0], "texture": "#0"}
			}
		},
		{
			"from": [7, 6.5, 8.5],
			"to": [14, 8.5, 8.5],
			"rotation": {"angle": 0, "axis": "y", "origin": [0, 0, 16]},
			"faces": {
				"north": {"uv": [0, 1.5, 3.5, 2.5], "texture": "#0"},
				"east": {"uv": [0, 0, 0, 1], "texture": "#0"},
				"south": {"uv": [3.5, 1.5, 0, 2.5], "texture": "#0"},
				"west": {"uv": [0, 0, 0, 1], "texture": "#0"},
				"up": {"uv": [0, 0, 3.5, 0], "texture": "#0"},
				"down": {"uv": [0, 0, 3.5, 0], "texture": "#0"}
			}
		},
		{
			"from": [3, 5, 7.5],
			"to": [5, 7, 8.5],
			"rotation": {"angle": 45, "axis": "z", "origin": [4, 7, 8]},
			"faces": {
				"north": {"uv": [9, 11.5, 10, 12.5], "texture": "#0"},
				"east": {"uv": [10, 11, 9, 11.5], "rotation": 90, "texture": "#0"},
				"south": {"uv": [9, 11.5, 10, 12.5], "rotation": 90, "texture": "#0"},
				"west": {"uv": [8.5, 11.5, 9, 12.5], "texture": "#0"},
				"up": {"uv": [9, 11, 10, 11.5], "texture": "#0"},
				"down": {"uv": [9, 11, 10, 11.5], "texture": "#0"}
			}
		},
		{
			"from": [3.9, 3.4, 6],
			"to": [5.9, 5.4, 8],
			"rotation": {"angle": 45, "axis": "z", "origin": [5, 4, 8]},
			"faces": {
				"north": {"uv": [11.5, 11, 12.5, 12], "texture": "#0"},
				"east": {"uv": [11.5, 10, 10.5, 11], "rotation": 90, "texture": "#0"},
				"south": {"uv": [11.5, 11, 12.5, 12], "texture": "#0"},
				"west": {"uv": [11.5, 10, 12.5, 11], "texture": "#0"},
				"up": {"uv": [10.5, 10, 11.5, 11], "texture": "#0"},
				"down": {"uv": [12.5, 10, 11.5, 11], "rotation": 90, "texture": "#0"}
			}
		},
		{
			"from": [3.9, 3.4, 8],
			"to": [5.9, 5.4, 10],
			"rotation": {"angle": 45, "axis": "z", "origin": [5, 4, 8]},
			"faces": {
				"north": {"uv": [12.5, 11, 11.5, 12], "texture": "#0"},
				"east": {"uv": [11.5, 11, 10.5, 10], "rotation": 90, "texture": "#0"},
				"south": {"uv": [12.5, 11, 11.5, 12], "texture": "#0"},
				"west": {"uv": [12.5, 10, 11.5, 11], "texture": "#0"},
				"up": {"uv": [10.5, 11, 11.5, 10], "texture": "#0"},
				"down": {"uv": [11.5, 10, 12.5, 11], "rotation": 90, "texture": "#0"}
			}
		},
		{
			"from": [4.4, 3.9, 4],
			"to": [5.4, 4.9, 6],
			"rotation": {"angle": 45, "axis": "z", "origin": [5, 4, 8]},
			"faces": {
				"north": {"uv": [7, 12.5, 7.5, 13], "texture": "#0"},
				"east": {"uv": [6, 11.5, 6.5, 12.5], "rotation": 90, "texture": "#0"},
				"south": {"uv": [7, 12.5, 7.5, 13], "texture": "#0"},
				"west": {"uv": [6.5, 11.5, 7, 12.5], "rotation": 90, "texture": "#0"},
				"up": {"uv": [6, 11.5, 6.5, 12.5], "texture": "#0"},
				"down": {"uv": [6.5, 11.5, 7, 12.5], "texture": "#0"}
			}
		},
		{
			"from": [4.4, 3.9, 10],
			"to": [5.4, 4.9, 12],
			"rotation": {"angle": 45, "axis": "z", "origin": [5, 4, 8]},
			"faces": {
				"north": {"uv": [7.5, 12.5, 7, 13], "texture": "#0"},
				"east": {"uv": [6, 12.5, 6.5, 11.5], "rotation": 90, "texture": "#0"},
				"south": {"uv": [7.5, 12.5, 7, 13], "texture": "#0"},
				"west": {"uv": [6.5, 12.5, 7, 11.5], "rotation": 90, "texture": "#0"},
				"up": {"uv": [6, 12.5, 6.5, 11.5], "texture": "#0"},
				"down": {"uv": [6.5, 12.5, 7, 11.5], "texture": "#0"}
			}
		},
		{
			"from": [1, 3, 5],
			"to": [7, 5.5, 5],
			"faces": {
				"north": {"uv": [0, 11.125, 3, 12.375], "texture": "#0"},
				"east": {"uv": [0, 0, 0, 1.25], "texture": "#0"},
				"south": {"uv": [3, 11.125, 0, 12.375], "texture": "#0"},
				"west": {"uv": [0, 0, 0, 1.25], "texture": "#0"},
				"up": {"uv": [0, 0, 2.5, 0], "texture": "#0"},
				"down": {"uv": [0, 0, 2.5, 0], "texture": "#0"}
			}
		},
		{
			"from": [16.48346, 3.6, -3.90395],
			"to": [17.48346, 4.4, -1.90395],
			"rotation": {"angle": 45, "axis": "y", "origin": [16.96611, 4.025, 1.58925]},
			"faces": {
				"north": {"uv": [0, 6, 0.5, 5.5], "rotation": 270, "texture": "#0"},
				"east": {"uv": [1.5, 6.5, 2.5, 6], "texture": "#0"},
				"south": {"uv": [0, 6, 0.5, 5.5], "rotation": 90, "texture": "#0"},
				"west": {"uv": [1.5, 6, 2.5, 5.5], "rotation": 180, "texture": "#0"},
				"up": {"uv": [2.5, 5.5, 1.5, 5], "rotation": 90, "texture": "#0"},
				"down": {"uv": [1.5, 5.5, 2.5, 5], "rotation": 90, "texture": "#0"}
			}
		},
		{
			"from": [13.58346, 3.5, -0.33666],
			"to": [15.58346, 4.5, 0.66334],
			"rotation": {"angle": -22.5, "axis": "y", "origin": [16.96611, 4.025, 1.58925]},
			"faces": {
				"north": {"uv": [1.5, 7.125, 0.5, 7.625], "rotation": 180, "texture": "#0"},
				"east": {"uv": [0.5, 6.125, 0, 6.625], "rotation": 270, "texture": "#0"},
				"south": {"uv": [1.5, 6.625, 0.5, 7.125], "texture": "#0"},
				"west": {"uv": [0.5, 6.125, 0, 6.625], "rotation": 90, "texture": "#0"},
				"up": {"uv": [1.5, 6.125, 0.5, 6.625], "rotation": 180, "texture": "#0"},
				"down": {"uv": [0.5, 6.125, 1.5, 6.625], "texture": "#0"}
			}
		},
		{
			"from": [17.60451, 3.6, 2.51367],
			"to": [18.60451, 4.4, 4.51367],
			"rotation": {"angle": 0, "axis": "y", "origin": [16.96611, 4.025, 1.58925]},
			"faces": {
				"north": {"uv": [3.5, 6.625, 4, 6.125], "rotation": 270, "texture": "#0"},
				"east": {"uv": [3.5, 7.625, 4.5, 7.125], "texture": "#0"},
				"south": {"uv": [3.5, 6.625, 4, 6.125], "rotation": 90, "texture": "#0"},
				"west": {"uv": [4, 6.625, 5, 6.125], "rotation": 180, "texture": "#0"},
				"up": {"uv": [3.5, 7.125, 4.5, 6.625], "rotation": 90, "texture": "#0"},
				"down": {"uv": [3.5, 7.125, 4.5, 6.625], "rotation": 90, "texture": "#0"}
			}
		},
		{
			"from": [17.12589, 3.6, -0.46963],
			"to": [18.12589, 4.4, 1.53037],
			"rotation": {"angle": 45, "axis": "y", "origin": [16.96611, 4.025, 1.58925]},
			"faces": {
				"north": {"uv": [4, 6.625, 3.5, 6.125], "rotation": 270, "texture": "#0"},
				"east": {"uv": [4.5, 7.625, 3.5, 7.125], "texture": "#0"},
				"south": {"uv": [4, 6.625, 3.5, 6.125], "rotation": 90, "texture": "#0"},
				"west": {"uv": [5, 6.625, 4, 6.125], "rotation": 180, "texture": "#0"},
				"up": {"uv": [4.5, 7.125, 3.5, 6.625], "rotation": 90, "texture": "#0"},
				"down": {"uv": [3.5, 7.125, 4.5, 6.625], "rotation": 90, "texture": "#0"}
			}
		},
		{
			"from": [17.76153, 3.8, 0.04181],
			"to": [19.76153, 4.3, 0.54181],
			"rotation": {"angle": 45, "axis": "y", "origin": [16.96611, 4.025, 1.58925]},
			"faces": {
				"north": {"uv": [1.25, 7.875, 0.25, 7.625], "rotation": 180, "texture": "#0"},
				"east": {"uv": [0.25, 7.875, 0, 7.625], "rotation": 270, "texture": "#0"},
				"south": {"uv": [3.25, 7.875, 2.25, 7.625], "texture": "#0"},
				"west": {"uv": [0.25, 7.875, 0, 7.625], "rotation": 90, "texture": "#0"},
				"up": {"uv": [2.25, 7.875, 1.25, 7.625], "rotation": 180, "texture": "#0"},
				"down": {"uv": [1.25, 7.875, 2.25, 7.625], "texture": "#0"}
			}
		},
		{
			"from": [17.2, 3.8, 1.8],
			"to": [19.2, 4.3, 2.3],
			"rotation": {"angle": 22.5, "axis": "y", "origin": [16.96611, 4.025, 1.58925]},
			"faces": {
				"north": {"uv": [3.25, 7.625, 2.25, 7.875], "rotation": 180, "texture": "#0"},
				"east": {"uv": [0.25, 7.625, 0, 7.875], "rotation": 270, "texture": "#0"},
				"south": {"uv": [1.25, 7.625, 0.25, 7.875], "texture": "#0"},
				"west": {"uv": [0.25, 7.625, 0, 7.875], "rotation": 90, "texture": "#0"},
				"up": {"uv": [2.25, 7.625, 1.25, 7.875], "rotation": 180, "texture": "#0"},
				"down": {"uv": [1.25, 7.625, 2.25, 7.875], "texture": "#0"}
			}
		},
		{
			"from": [17.1, 3.5, 1.1],
			"to": [18.1, 4.5, 3.1],
			"rotation": {"angle": 22.5, "axis": "y", "origin": [16.96611, 4.025, 1.58925]},
			"faces": {
				"north": {"uv": [0, 7.625, 0.5, 7.125], "rotation": 270, "texture": "#0"},
				"east": {"uv": [2.5, 7.125, 3.5, 6.625], "texture": "#0"},
				"south": {"uv": [0, 7.625, 0.5, 7.125], "rotation": 90, "texture": "#0"},
				"west": {"uv": [2.5, 7.625, 3.5, 7.125], "rotation": 180, "texture": "#0"},
				"up": {"uv": [2.5, 6.625, 3.5, 6.125], "rotation": 90, "texture": "#0"},
				"down": {"uv": [3.5, 6.625, 2.5, 6.125], "rotation": 90, "texture": "#0"}
			}
		},
		{
			"from": [18.54015, 3.8, 3.10223],
			"to": [20.54015, 4.3, 3.60223],
			"rotation": {"angle": 0, "axis": "y", "origin": [16.96611, 4.025, 1.58925]},
			"faces": {
				"north": {"uv": [3.25, 7.625, 2.25, 7.875], "rotation": 180, "texture": "#0"},
				"east": {"uv": [0.25, 7.625, 0, 7.875], "rotation": 270, "texture": "#0"},
				"south": {"uv": [1.25, 7.625, 0.25, 7.875], "texture": "#0"},
				"west": {"uv": [0.25, 7.625, 0, 7.875], "rotation": 90, "texture": "#0"},
				"up": {"uv": [2.25, 7.625, 1.25, 7.875], "rotation": 180, "texture": "#0"},
				"down": {"uv": [1.25, 7.625, 2.25, 7.875], "texture": "#0"}
			}
		},
		{
			"from": [19.04933, 3.8, 4.13606],
			"to": [21.04933, 4.3, 4.63606],
			"rotation": {"angle": -22.5, "axis": "y", "origin": [16.96611, 4.025, 1.58925]},
			"faces": {
				"north": {"uv": [2.25, 7.875, 3.25, 7.625], "texture": "#0"},
				"east": {"uv": [0, 7.875, 0.25, 7.625], "rotation": 90, "texture": "#0"},
				"south": {"uv": [0.25, 7.875, 1.25, 7.625], "rotation": 180, "texture": "#0"},
				"west": {"uv": [0, 7.875, 0.25, 7.625], "rotation": 270, "texture": "#0"},
				"up": {"uv": [1.25, 7.875, 2.25, 7.625], "texture": "#0"},
				"down": {"uv": [2.25, 7.875, 1.25, 7.625], "rotation": 180, "texture": "#0"}
			}
		},
		{
			"from": [18.58346, 3.5, 3.56334],
			"to": [19.58346, 4.5, 6.06334],
			"rotation": {"angle": -22.5, "axis": "y", "origin": [16.96611, 4.025, 1.58925]},
			"faces": {
				"north": {"uv": [5.75, 7.125, 6.25, 6.625], "rotation": 270, "texture": "#0"},
				"east": {"uv": [4.5, 7.125, 5.75, 6.625], "texture": "#0"},
				"south": {"uv": [5.75, 7.625, 6.25, 7.125], "rotation": 90, "texture": "#0"},
				"west": {"uv": [4.5, 7.625, 5.75, 7.125], "rotation": 180, "texture": "#0"},
				"up": {"uv": [5, 6.625, 6.25, 6.125], "rotation": 90, "texture": "#0"},
				"down": {"uv": [6.25, 6.625, 5, 6.125], "rotation": 90, "texture": "#0"}
			}
		},
		{
			"from": [18.58346, 3.5, 9.93666],
			"to": [19.58346, 4.5, 12.43666],
			"rotation": {"angle": 22.5, "axis": "y", "origin": [16.96611, 4.025, 14.41075]},
			"faces": {
				"north": {"uv": [5.75, 7.125, 6.25, 7.625], "rotation": 90, "texture": "#0"},
				"east": {"uv": [5.75, 7.125, 4.5, 6.625], "texture": "#0"},
				"south": {"uv": [5.75, 6.625, 6.25, 7.125], "rotation": 270, "texture": "#0"},
				"west": {"uv": [5.75, 7.625, 4.5, 7.125], "rotation": 180, "texture": "#0"},
				"up": {"uv": [6.25, 6.625, 5, 6.125], "rotation": 90, "texture": "#0"},
				"down": {"uv": [5, 6.625, 6.25, 6.125], "rotation": 90, "texture": "#0"}
			}
		},
		{
			"from": [19.04933, 3.8, 11.36394],
			"to": [21.04933, 4.3, 11.86394],
			"rotation": {"angle": 22.5, "axis": "y", "origin": [16.96611, 4.025, 14.41075]},
			"faces": {
				"north": {"uv": [1.25, 7.875, 0.25, 7.625], "rotation": 180, "texture": "#0"},
				"east": {"uv": [0, 7.625, 0.25, 7.875], "rotation": 90, "texture": "#0"},
				"south": {"uv": [3.25, 7.875, 2.25, 7.625], "texture": "#0"},
				"west": {"uv": [0, 7.625, 0.25, 7.875], "rotation": 270, "texture": "#0"},
				"up": {"uv": [1.25, 7.625, 2.25, 7.875], "texture": "#0"},
				"down": {"uv": [2.25, 7.625, 1.25, 7.875], "rotation": 180, "texture": "#0"}
			}
		},
		{
			"from": [17.60451, 3.6, 11.48633],
			"to": [18.60451, 4.4, 13.48633],
			"rotation": {"angle": 0, "axis": "y", "origin": [16.96611, 4.025, 14.41075]},
			"faces": {
				"north": {"uv": [3.5, 6.125, 4, 6.625], "rotation": 90, "texture": "#0"},
				"east": {"uv": [4.5, 7.625, 3.5, 7.125], "texture": "#0"},
				"south": {"uv": [3.5, 6.125, 4, 6.625], "rotation": 270, "texture": "#0"},
				"west": {"uv": [5, 6.625, 4, 6.125], "rotation": 180, "texture": "#0"},
				"up": {"uv": [4.5, 7.125, 3.5, 6.625], "rotation": 90, "texture": "#0"},
				"down": {"uv": [4.5, 7.125, 3.5, 6.625], "rotation": 90, "texture": "#0"}
			}
		},
		{
			"from": [18.54015, 3.8, 12.39777],
			"to": [20.54015, 4.3, 12.89777],
			"rotation": {"angle": 0, "axis": "y", "origin": [16.96611, 4.025, 14.41075]},
			"faces": {
				"north": {"uv": [0.25, 7.625, 1.25, 7.875], "texture": "#0"},
				"east": {"uv": [0.25, 7.875, 0, 7.625], "rotation": 270, "texture": "#0"},
				"south": {"uv": [2.25, 7.625, 3.25, 7.875], "rotation": 180, "texture": "#0"},
				"west": {"uv": [0.25, 7.875, 0, 7.625], "rotation": 90, "texture": "#0"},
				"up": {"uv": [2.25, 7.875, 1.25, 7.625], "rotation": 180, "texture": "#0"},
				"down": {"uv": [1.25, 7.875, 2.25, 7.625], "texture": "#0"}
			}
		},
		{
			"from": [17.1, 3.5, 12.9],
			"to": [18.1, 4.5, 14.9],
			"rotation": {"angle": -22.5, "axis": "y", "origin": [16.96611, 4.025, 14.41075]},
			"faces": {
				"north": {"uv": [0, 7.125, 0.5, 7.625], "rotation": 90, "texture": "#0"},
				"east": {"uv": [3.5, 7.125, 2.5, 6.625], "texture": "#0"},
				"south": {"uv": [0, 7.125, 0.5, 7.625], "rotation": 270, "texture": "#0"},
				"west": {"uv": [3.5, 7.625, 2.5, 7.125], "rotation": 180, "texture": "#0"},
				"up": {"uv": [3.5, 6.625, 2.5, 6.125], "rotation": 90, "texture": "#0"},
				"down": {"uv": [2.5, 6.625, 3.5, 6.125], "rotation": 90, "texture": "#0"}
			}
		},
		{
			"from": [17.2, 3.8, 13.7],
			"to": [19.2, 4.3, 14.2],
			"rotation": {"angle": -22.5, "axis": "y", "origin": [16.96611, 4.025, 14.41075]},
			"faces": {
				"north": {"uv": [0.25, 7.625, 1.25, 7.875], "texture": "#0"},
				"east": {"uv": [0.25, 7.875, 0, 7.625], "rotation": 270, "texture": "#0"},
				"south": {"uv": [2.25, 7.625, 3.25, 7.875], "rotation": 180, "texture": "#0"},
				"west": {"uv": [0.25, 7.875, 0, 7.625], "rotation": 90, "texture": "#0"},
				"up": {"uv": [2.25, 7.875, 1.25, 7.625], "rotation": 180, "texture": "#0"},
				"down": {"uv": [1.25, 7.875, 2.25, 7.625], "texture": "#0"}
			}
		},
		{
			"from": [17.12589, 3.6, 14.46963],
			"to": [18.12589, 4.4, 16.46963],
			"rotation": {"angle": -45, "axis": "y", "origin": [16.96611, 4.025, 14.41075]},
			"faces": {
				"north": {"uv": [4, 6.125, 3.5, 6.625], "rotation": 90, "texture": "#0"},
				"east": {"uv": [3.5, 7.625, 4.5, 7.125], "texture": "#0"},
				"south": {"uv": [4, 6.125, 3.5, 6.625], "rotation": 270, "texture": "#0"},
				"west": {"uv": [4, 6.625, 5, 6.125], "rotation": 180, "texture": "#0"},
				"up": {"uv": [3.5, 7.125, 4.5, 6.625], "rotation": 90, "texture": "#0"},
				"down": {"uv": [4.5, 7.125, 3.5, 6.625], "rotation": 90, "texture": "#0"}
			}
		},
		{
			"from": [17.76153, 3.8, 15.45819],
			"to": [19.76153, 4.3, 15.95819],
			"rotation": {"angle": -45, "axis": "y", "origin": [16.96611, 4.025, 14.41075]},
			"faces": {
				"north": {"uv": [2.25, 7.875, 3.25, 7.625], "texture": "#0"},
				"east": {"uv": [0.25, 7.625, 0, 7.875], "rotation": 270, "texture": "#0"},
				"south": {"uv": [0.25, 7.875, 1.25, 7.625], "rotation": 180, "texture": "#0"},
				"west": {"uv": [0.25, 7.625, 0, 7.875], "rotation": 90, "texture": "#0"},
				"up": {"uv": [2.25, 7.625, 1.25, 7.875], "rotation": 180, "texture": "#0"},
				"down": {"uv": [1.25, 7.625, 2.25, 7.875], "texture": "#0"}
			}
		},
		{
			"from": [13.58346, 3.5, 15.33666],
			"to": [15.58346, 4.5, 16.33666],
			"rotation": {"angle": 22.5, "axis": "y", "origin": [16.96611, 4.025, 14.41075]},
			"faces": {
				"north": {"uv": [0.5, 6.625, 1.5, 7.125], "texture": "#0"},
				"east": {"uv": [0.5, 6.625, 0, 6.125], "rotation": 270, "texture": "#0"},
				"south": {"uv": [0.5, 7.125, 1.5, 7.625], "rotation": 180, "texture": "#0"},
				"west": {"uv": [0.5, 6.625, 0, 6.125], "rotation": 90, "texture": "#0"},
				"up": {"uv": [1.5, 6.625, 0.5, 6.125], "rotation": 180, "texture": "#0"},
				"down": {"uv": [0.5, 6.625, 1.5, 6.125], "texture": "#0"}
			}
		},
		{
			"from": [1, 3, 11],
			"to": [7, 5.5, 11],
			"rotation": {"angle": 0, "axis": "y", "origin": [0, 0, 16]},
			"faces": {
				"north": {"uv": [0, 11.125, 3, 12.375], "texture": "#0"},
				"east": {"uv": [0, 0, 0, 1.25], "texture": "#0"},
				"south": {"uv": [3, 11.125, 0, 12.375], "texture": "#0"},
				"west": {"uv": [0, 0, 0, 1.25], "texture": "#0"},
				"up": {"uv": [0, 0, 2.5, 0], "texture": "#0"},
				"down": {"uv": [0, 0, 2.5, 0], "texture": "#0"}
			}
		},
		{
			"from": [-2, 1.5, 8],
			"to": [5, 3.5, 8],
			"faces": {
				"north": {"uv": [10.875, 7.5, 14.375, 8.5], "texture": "#0"},
				"east": {"uv": [0, 0, 0, 1.5], "texture": "#0"},
				"south": {"uv": [14.375, 7.5, 10.875, 8.5], "texture": "#0"},
				"west": {"uv": [0, 0, 0, 1.5], "texture": "#0"},
				"up": {"uv": [0, 0, 3.5, 0], "texture": "#0"},
				"down": {"uv": [0, 0, 3.5, 0], "texture": "#0"}
			}
		},
		{
			"from": [2, 4, 7.5],
			"to": [20, 5, 8.5],
			"rotation": {"angle": 0, "axis": "y", "origin": [-1, 2.6, 0]},
			"faces": {
				"north": {"uv": [14.75, 15.25, 5.75, 15.75], "texture": "#0"},
				"east": {"uv": [5.25, 15.25, 5.75, 15.75], "texture": "#0"},
				"south": {"uv": [5.75, 15.25, 14.75, 15.75], "texture": "#0"},
				"west": {"uv": [5.25, 15.25, 5.75, 15.75], "texture": "#0"},
				"up": {"uv": [5.75, 15.25, 14.75, 15.75], "texture": "#0"},
				"down": {"uv": [5.75, 15.25, 14.75, 15.75], "texture": "#0"}
			}
		},
		{
			"from": [17, 4, 8],
			"to": [23, 8, 8],
			"rotation": {"angle": 0, "axis": "y", "origin": [-1, -0.9, 4]},
			"faces": {
				"north": {"uv": [0, 4.5, 3, 2.5], "rotation": 180, "texture": "#0"},
				"east": {"uv": [2, 2.5, 0, 2.5], "rotation": 270, "texture": "#0"},
				"south": {"uv": [0, 2.5, 3, 4.5], "texture": "#0"},
				"west": {"uv": [2, 2.5, 0, 2.5], "rotation": 90, "texture": "#0"},
				"up": {"uv": [0, 2.5, 3, 2.5], "texture": "#0"},
				"down": {"uv": [0, 2.5, 3, 2.5], "rotation": 180, "texture": "#0"}
			}
		},
		{
			"from": [17, 1.2, 8],
			"to": [23, 5.2, 8],
			"rotation": {"angle": 0, "axis": "y", "origin": [-1, 16.1, 4]},
			"faces": {
				"north": {"uv": [0, 2.5, 3, 4.5], "rotation": 180, "texture": "#0"},
				"east": {"uv": [0, 2.5, 2, 2.5], "rotation": 270, "texture": "#0"},
				"south": {"uv": [0, 4.5, 3, 2.5], "texture": "#0"},
				"west": {"uv": [0, 2.5, 2, 2.5], "rotation": 90, "texture": "#0"},
				"up": {"uv": [0, 2.5, 3, 2.5], "rotation": 180, "texture": "#0"},
				"down": {"uv": [0, 2.5, 3, 2.5], "texture": "#0"}
			}
		},
		{
			"from": [16, -4, -9],
			"to": [16, 6, -3],
			"rotation": {"angle": 22.5, "axis": "y", "origin": [13, 12, 5]},
			"faces": {
				"north": {"uv": [0, 0, 0, 6], "texture": "#3"},
				"east": {"uv": [1.5, 3.25, 7.5, 13.25], "texture": "#3"},
				"south": {"uv": [0, 0, 0, 6], "texture": "#3"},
				"west": {"uv": [7.5, 3.25, 1.5, 13.25], "texture": "#3"},
				"up": {"uv": [0, 0, 6, 0], "rotation": 90, "texture": "#3"},
				"down": {"uv": [0, 0, 6, 0], "rotation": 270, "texture": "#3"}
			}
		},
		{
			"from": [16, -4, 19],
			"to": [16, 6, 25],
			"rotation": {"angle": -22.5, "axis": "y", "origin": [13, 12, 11]},
			"faces": {
				"north": {"uv": [0, 0, 0, 6], "texture": "#2"},
				"east": {"uv": [7.5, 3.25, 1.5, 13.25], "texture": "#2"},
				"south": {"uv": [0, 0, 0, 6], "texture": "#2"},
				"west": {"uv": [1.5, 3.25, 7.5, 13.25], "texture": "#2"},
				"up": {"uv": [6, 0, 0, 0], "rotation": 90, "texture": "#2"},
				"down": {"uv": [6, 0, 0, 0], "rotation": 270, "texture": "#2"}
			}
		},
		{
			"from": [7, -1.5, 8],
			"to": [14, 8.5, 8],
			"rotation": {"angle": 0, "axis": "y", "origin": [16, 0, 0]},
			"faces": {
				"north": {"uv": [14, 0.5, 4, 7.5], "rotation": 270, "texture": "#1"},
				"east": {"uv": [7, 0, 0, 0], "rotation": 90, "texture": "#1"},
				"south": {"uv": [4, 0.5, 14, 7.5], "rotation": 90, "texture": "#1"},
				"west": {"uv": [7, 0, 0, 0], "rotation": 90, "texture": "#1"},
				"up": {"uv": [0, 0, 0, 16], "rotation": 90, "texture": "#1"},
				"down": {"uv": [0, 0, 0, 16], "rotation": 90, "texture": "#1"}
			}
		}
	],
	"gui_light": "front",
	"display": {
		"thirdperson_righthand": {
			"rotation": [0, 90, 0],
			"translation": [0, 2.25, -2.75],
			"scale": [0.5, 0.5, 0.5]
		},
		"thirdperson_lefthand": {
			"rotation": [0, -90, 0],
			"translation": [0, 2.25, -2.75],
			"scale": [0.5, 0.5, 0.5]
		},
		"firstperson_righthand": {
			"rotation": [0, 90, 0],
			"translation": [0.75, 4.5, 0.5],
			"scale": [0.4375, 0.4375, 0.4375]
		},
		"firstperson_lefthand": {
			"rotation": [0, -90, 0],
			"translation": [0.75, 4.5, 0.5],
			"scale": [0.4375, 0.4375, 0.4375]
		},
		"ground": {
			"translation": [3.25, 9, 0],
			"scale": [0.6, 0.6, 0.6]
		},
		"gui": {
			"rotation": [-90, 45, 180],
			"translation": [-0.75, 0.75, -2.25],
			"scale": [0.5, 0.5, 0.5]
		},
		"head": {
			"translation": [0, -15.25, -0.5],
			"scale": [0, 0, 0]
		},
		"fixed": {
			"rotation": [-90, -90, 0],
			"translation": [0, 5.25, -6.5],
			"scale": [1.7, 1.7, 1.7]
		}
	}
}