{
	"credit": "MadewithBlockbench",
	"texture_size": [32, 32],
	"textures": {
		"0": "devil_animated_weapon_set:hammertex",
		"1": "devil_animated_weapon_set:symbol",
		"particle": "devil_animated_weapon_set:hammertex"
	},
	"elements": [
		{
			"from": [7.5, -7, 7.5],
			"to": [8.5, 1, 8.5],
			"rotation": {"angle": 0, "axis": "y", "origin": [8, -2.5, 8]},
			"faces": {
				"north": {"uv": [1, 10.25, 1.5, 14.25], "texture": "#0"},
				"east": {"uv": [1, 6.25, 1.5, 10.25], "texture": "#0"},
				"south": {"uv": [1, 10.25, 1.5, 14.25], "texture": "#0"},
				"west": {"uv": [1, 6.25, 1.5, 10.25], "texture": "#0"},
				"up": {"uv": [2, 12.875, 1.5, 12.375], "rotation": 90, "texture": "#0"},
				"down": {"uv": [2, 12.875, 1.5, 12.375], "rotation": 270, "texture": "#0"}
			}
		},
		{
			"from": [7.5, 1, 7.5],
			"to": [8.5, 9, 8.5],
			"rotation": {"angle": 0, "axis": "y", "origin": [8, 13.5, 8]},
			"faces": {
				"north": {"uv": [15.5, 8, 16, 4], "texture": "#0"},
				"east": {"uv": [15.5, 4, 16, 0], "texture": "#0"},
				"south": {"uv": [15.5, 8, 16, 4], "texture": "#0"},
				"west": {"uv": [15.5, 4, 16, 0], "texture": "#0"},
				"up": {"uv": [15.5, 8.5, 16, 8], "rotation": 270, "texture": "#0"},
				"down": {"uv": [15.5, 8.5, 16, 8], "rotation": 90, "texture": "#0"}
			}
		},
		{
			"from": [12.5, 8.5, 7],
			"to": [14.5, 10.5, 9],
			"rotation": {"angle": -45, "axis": "z", "origin": [8, 15, 8]},
			"faces": {
				"north": {"uv": [3.5, 9, 4.5, 10], "rotation": 90, "texture": "#0"},
				"east": {"uv": [5.5, 9.25, 6.5, 10.25], "rotation": 180, "texture": "#0"},
				"south": {"uv": [3.5, 9, 4.5, 10], "texture": "#0"},
				"west": {"uv": [4.5, 9.25, 5.5, 10.25], "rotation": 270, "texture": "#0"},
				"up": {"uv": [5.5, 9.25, 4.5, 10.25], "texture": "#0"},
				"down": {"uv": [5.5, 9.25, 6.5, 10.25], "rotation": 270, "texture": "#0"}
			}
		},
		{
			"from": [7.4, -9.5, 7.4],
			"to": [8.6, -7, 8.6],
			"rotation": {"angle": 0, "axis": "y", "origin": [8, -2.5, 8]},
			"faces": {
				"north": {"uv": [7.75, 2, 8.25, 3.25], "texture": "#0"},
				"east": {"uv": [7.25, 2, 7.75, 3.25], "texture": "#0"},
				"south": {"uv": [7.75, 2, 8.25, 3.25], "texture": "#0"},
				"west": {"uv": [7.25, 2, 7.75, 3.25], "texture": "#0"},
				"up": {"uv": [7.75, 3.75, 7.25, 3.25], "rotation": 90, "texture": "#0"},
				"down": {"uv": [7.75, 3.75, 7.25, 3.25], "rotation": 270, "texture": "#0"}
			}
		},
		{
			"from": [5.6, 10.8, 7],
			"to": [6.6, 12.8, 9],
			"rotation": {"angle": -22.5, "axis": "z", "origin": [3, 5, 8]},
			"faces": {
				"north": {"uv": [4.75, 1.5, 5.25, 2.5], "texture": "#0"},
				"east": {"uv": [6.25, 2.5, 5.25, 3.5], "texture": "#0"},
				"south": {"uv": [5.25, 1.5, 4.75, 2.5], "texture": "#0"},
				"west": {"uv": [6.25, 1.5, 5.25, 2.5], "texture": "#0"},
				"up": {"uv": [4.75, 2.5, 4.25, 3.5], "rotation": 180, "texture": "#0"},
				"down": {"uv": [4.75, 1.5, 4.25, 2.5], "rotation": 180, "texture": "#0"}
			}
		},
		{
			"from": [7.5, 9, 7.5],
			"to": [8.5, 12, 8.5],
			"rotation": {"angle": 0, "axis": "y", "origin": [3, 5, 8]},
			"faces": {
				"north": {"uv": [5.25, 3.5, 5.75, 5], "texture": "#0"},
				"east": {"uv": [5.25, 2.5, 4.75, 4], "texture": "#0"},
				"south": {"uv": [5.75, 3.5, 5.25, 5], "texture": "#0"},
				"west": {"uv": [5.25, 2.5, 4.75, 4], "texture": "#0"},
				"up": {"uv": [4.75, 3.5, 4.25, 4], "rotation": 180, "texture": "#0"},
				"down": {"uv": [4.75, 3.5, 4.25, 4], "rotation": 180, "texture": "#0"}
			}
		},
		{
			"from": [7.5, 11.5, 7],
			"to": [9.5, 14, 9],
			"rotation": {"angle": -22.5, "axis": "z", "origin": [8, 13, 8]},
			"faces": {
				"north": {"uv": [14, 14.75, 15, 16], "texture": "#0"},
				"east": {"uv": [13, 14.75, 14, 16], "texture": "#0"},
				"south": {"uv": [15, 14.75, 14, 16], "texture": "#0"},
				"west": {"uv": [15, 13.5, 14, 14.75], "texture": "#0"},
				"up": {"uv": [16, 15, 15, 16], "rotation": 180, "texture": "#0"},
				"down": {"uv": [16, 14, 15, 15], "rotation": 180, "texture": "#0"}
			}
		},
		{
			"from": [7.3, 10.1, 7.4],
			"to": [8.3, 13.1, 8.6],
			"rotation": {"angle": 22.5, "axis": "z", "origin": [8, 11, 8]},
			"faces": {
				"north": {"uv": [5.75, 3.5, 6.25, 5], "texture": "#0"},
				"east": {"uv": [5.25, 4, 4.75, 5.5], "texture": "#0"},
				"south": {"uv": [6.25, 3.5, 5.75, 5], "texture": "#0"},
				"west": {"uv": [5.25, 4, 4.75, 5.5], "texture": "#0"},
				"up": {"uv": [5.75, 5, 5.25, 5.5], "rotation": 180, "texture": "#0"},
				"down": {"uv": [5.75, 5, 5.25, 5.5], "rotation": 180, "texture": "#0"}
			}
		},
		{
			"from": [7.5, 14.8, 5.1],
			"to": [8.5, 16.3, 6.1],
			"rotation": {"angle": 22.5, "axis": "x", "origin": [8, 15.25, 5]},
			"faces": {
				"north": {"uv": [6.75, 2, 7.25, 2.75], "texture": "#0"},
				"east": {"uv": [6.75, 2, 6.25, 2.75], "texture": "#0"},
				"south": {"uv": [6.75, 2, 7.25, 2.75], "texture": "#0"},
				"west": {"uv": [6.25, 2, 6.75, 2.75], "texture": "#0"},
				"up": {"uv": [6.25, 2.75, 6.75, 3.25], "rotation": 90, "texture": "#0"},
				"down": {"uv": [6.25, 2.75, 6.75, 3.25], "rotation": 270, "texture": "#0"}
			}
		},
		{
			"from": [7, 13.5, 5.5],
			"to": [9, 15, 6.5],
			"rotation": {"angle": 0, "axis": "y", "origin": [16, 10, 3]},
			"faces": {
				"north": {"uv": [3.5, 8.25, 4.5, 9], "texture": "#0"},
				"east": {"uv": [3, 8.25, 3.5, 9], "texture": "#0"},
				"south": {"uv": [3.5, 8.25, 4.5, 9], "texture": "#0"},
				"west": {"uv": [3.5, 8.25, 3, 9], "texture": "#0"},
				"up": {"uv": [3, 9, 3.5, 10], "rotation": 90, "texture": "#0"},
				"down": {"uv": [3, 9, 3.5, 10], "rotation": 270, "texture": "#0"}
			}
		},
		{
			"from": [6.5, 15, 5.5],
			"to": [9.5, 17, 8],
			"rotation": {"angle": 0, "axis": "y", "origin": [16, 10, 3]},
			"faces": {
				"north": {"uv": [4.25, 7.25, 5.75, 8.25], "texture": "#0"},
				"east": {"uv": [4.25, 5.5, 3, 6.5], "texture": "#0"},
				"south": {"uv": [3, 4.5, 4.5, 5.5], "texture": "#0"},
				"west": {"uv": [3, 5.5, 4.25, 6.5], "texture": "#0"},
				"up": {"uv": [3, 6.5, 4.25, 8], "rotation": 90, "texture": "#0"},
				"down": {"uv": [4.25, 5.5, 5.5, 7], "rotation": 270, "texture": "#0"}
			}
		},
		{
			"from": [6.5, 15, 8],
			"to": [9.5, 17, 10.5],
			"rotation": {"angle": 0, "axis": "y", "origin": [16, 10, 13]},
			"faces": {
				"north": {"uv": [4.5, 4.5, 3, 5.5], "texture": "#0"},
				"east": {"uv": [3, 5.5, 4.25, 6.5], "texture": "#0"},
				"south": {"uv": [5.75, 7.25, 4.25, 8.25], "texture": "#0"},
				"west": {"uv": [4.25, 5.5, 3, 6.5], "texture": "#0"},
				"up": {"uv": [4.25, 6.5, 3, 8], "rotation": 90, "texture": "#0"},
				"down": {"uv": [5.5, 5.5, 4.25, 7], "rotation": 270, "texture": "#0"}
			}
		},
		{
			"from": [7, 13.5, 9.5],
			"to": [9, 15, 10.5],
			"rotation": {"angle": 0, "axis": "y", "origin": [16, 10, 13]},
			"faces": {
				"north": {"uv": [4.5, 8.25, 3.5, 9], "texture": "#0"},
				"east": {"uv": [3.5, 8.25, 3, 9], "texture": "#0"},
				"south": {"uv": [4.5, 8.25, 3.5, 9], "texture": "#0"},
				"west": {"uv": [3, 8.25, 3.5, 9], "texture": "#0"},
				"up": {"uv": [3.5, 9, 3, 10], "rotation": 90, "texture": "#0"},
				"down": {"uv": [3.5, 9, 3, 10], "rotation": 270, "texture": "#0"}
			}
		},
		{
			"from": [7.5, 14.8, 9.9],
			"to": [8.5, 16.3, 10.9],
			"rotation": {"angle": -22.5, "axis": "x", "origin": [8, 15.25, 11]},
			"faces": {
				"north": {"uv": [7.25, 2, 6.75, 2.75], "texture": "#0"},
				"east": {"uv": [6.25, 2, 6.75, 2.75], "texture": "#0"},
				"south": {"uv": [7.25, 2, 6.75, 2.75], "texture": "#0"},
				"west": {"uv": [6.75, 2, 6.25, 2.75], "texture": "#0"},
				"up": {"uv": [6.75, 2.75, 6.25, 3.25], "rotation": 90, "texture": "#0"},
				"down": {"uv": [6.75, 2.75, 6.25, 3.25], "rotation": 270, "texture": "#0"}
			}
		},
		{
			"from": [4.5, 4.5, 8],
			"to": [7.5, 6.5, 8],
			"rotation": {"angle": 0, "axis": "y", "origin": [1, 1.5, 2]},
			"faces": {
				"north": {"uv": [13, 8, 14, 9.5], "rotation": 270, "texture": "#0"},
				"east": {"uv": [0, 0, 1, 0], "rotation": 90, "texture": "#0"},
				"south": {"uv": [14, 8, 13, 9.5], "rotation": 90, "texture": "#0"},
				"west": {"uv": [0, 0, 1, 0], "rotation": 90, "texture": "#0"},
				"up": {"uv": [0, 0, 0, 1.5], "rotation": 90, "texture": "#0"},
				"down": {"uv": [0, 0, 0, 1.5], "rotation": 90, "texture": "#0"}
			}
		},
		{
			"from": [-2.5, 16.9, 8],
			"to": [0.5, 18.9, 8],
			"rotation": {"angle": -45, "axis": "z", "origin": [-3, 19.5, 8]},
			"faces": {
				"north": {"uv": [13, 8, 14, 9.5], "rotation": 270, "texture": "#0"},
				"east": {"uv": [0, 0, 1, 0], "rotation": 90, "texture": "#0"},
				"south": {"uv": [14, 8, 13, 9.5], "rotation": 90, "texture": "#0"},
				"west": {"uv": [0, 0, 1, 0], "rotation": 90, "texture": "#0"},
				"up": {"uv": [0, 0, 0, 1.5], "rotation": 90, "texture": "#0"},
				"down": {"uv": [0, 0, 0, 1.5], "rotation": 90, "texture": "#0"}
			}
		},
		{
			"from": [-2.5, 16.9, 9],
			"to": [0.5, 18.9, 9],
			"rotation": {"angle": -45, "axis": "z", "origin": [-3, 19.5, 8]},
			"faces": {
				"north": {"uv": [13, 8, 14, 9.5], "rotation": 270, "texture": "#0"},
				"east": {"uv": [0, 0, 1, 0], "rotation": 90, "texture": "#0"},
				"south": {"uv": [14, 8, 13, 9.5], "rotation": 90, "texture": "#0"},
				"west": {"uv": [0, 0, 1, 0], "rotation": 90, "texture": "#0"},
				"up": {"uv": [0, 0, 0, 1.5], "rotation": 90, "texture": "#0"},
				"down": {"uv": [0, 0, 0, 1.5], "rotation": 90, "texture": "#0"}
			}
		},
		{
			"from": [-2.5, 16.9, 7],
			"to": [0.5, 18.9, 7],
			"rotation": {"angle": -45, "axis": "z", "origin": [-3, 19.5, 8]},
			"faces": {
				"north": {"uv": [13, 8, 14, 9.5], "rotation": 270, "texture": "#0"},
				"east": {"uv": [0, 0, 1, 0], "rotation": 90, "texture": "#0"},
				"south": {"uv": [14, 8, 13, 9.5], "rotation": 90, "texture": "#0"},
				"west": {"uv": [0, 0, 1, 0], "rotation": 90, "texture": "#0"},
				"up": {"uv": [0, 0, 0, 1.5], "rotation": 90, "texture": "#0"},
				"down": {"uv": [0, 0, 0, 1.5], "rotation": 90, "texture": "#0"}
			}
		},
		{
			"from": [15.5, 16.9, 9],
			"to": [18.5, 18.9, 9],
			"rotation": {"angle": 45, "axis": "z", "origin": [19, 19.5, 8]},
			"faces": {
				"north": {"uv": [13, 9.5, 14, 8], "rotation": 270, "texture": "#0"},
				"east": {"uv": [0, 0, 1, 0], "rotation": 90, "texture": "#0"},
				"south": {"uv": [14, 9.5, 13, 8], "rotation": 90, "texture": "#0"},
				"west": {"uv": [0, 0, 1, 0], "rotation": 90, "texture": "#0"},
				"up": {"uv": [0, 1.5, 0, 0], "rotation": 90, "texture": "#0"},
				"down": {"uv": [0, 1.5, 0, 0], "rotation": 90, "texture": "#0"}
			}
		},
		{
			"from": [15.5, 16.9, 8],
			"to": [18.5, 18.9, 8],
			"rotation": {"angle": 45, "axis": "z", "origin": [19, 19.5, 8]},
			"faces": {
				"north": {"uv": [13, 9.5, 14, 8], "rotation": 270, "texture": "#0"},
				"east": {"uv": [0, 0, 1, 0], "rotation": 90, "texture": "#0"},
				"south": {"uv": [14, 9.5, 13, 8], "rotation": 90, "texture": "#0"},
				"west": {"uv": [0, 0, 1, 0], "rotation": 90, "texture": "#0"},
				"up": {"uv": [0, 1.5, 0, 0], "rotation": 90, "texture": "#0"},
				"down": {"uv": [0, 1.5, 0, 0], "rotation": 90, "texture": "#0"}
			}
		},
		{
			"from": [15.5, 16.9, 7],
			"to": [18.5, 18.9, 7],
			"rotation": {"angle": 45, "axis": "z", "origin": [19, 19.5, 8]},
			"faces": {
				"north": {"uv": [13, 9.5, 14, 8], "rotation": 270, "texture": "#0"},
				"east": {"uv": [0, 0, 1, 0], "rotation": 90, "texture": "#0"},
				"south": {"uv": [14, 9.5, 13, 8], "rotation": 90, "texture": "#0"},
				"west": {"uv": [0, 0, 1, 0], "rotation": 90, "texture": "#0"},
				"up": {"uv": [0, 1.5, 0, 0], "rotation": 90, "texture": "#0"},
				"down": {"uv": [0, 1.5, 0, 0], "rotation": 90, "texture": "#0"}
			}
		},
		{
			"from": [4.5, 1.5, 8],
			"to": [7.5, 3.5, 8],
			"rotation": {"angle": 0, "axis": "y", "origin": [1, 1.5, 2]},
			"faces": {
				"north": {"uv": [13, 8, 14, 9.5], "rotation": 270, "texture": "#0"},
				"east": {"uv": [0, 0, 1, 0], "rotation": 90, "texture": "#0"},
				"south": {"uv": [14, 8, 13, 9.5], "rotation": 90, "texture": "#0"},
				"west": {"uv": [0, 0, 1, 0], "rotation": 90, "texture": "#0"},
				"up": {"uv": [0, 0, 0, 1.5], "rotation": 90, "texture": "#0"},
				"down": {"uv": [0, 0, 0, 1.5], "rotation": 90, "texture": "#0"}
			}
		},
		{
			"from": [8.5, 1.5, 8],
			"to": [11.5, 3.5, 8],
			"rotation": {"angle": 0, "axis": "y", "origin": [15, 1.5, 2]},
			"faces": {
				"north": {"uv": [13, 9.5, 14, 8], "rotation": 270, "texture": "#0"},
				"east": {"uv": [0, 0, 1, 0], "rotation": 90, "texture": "#0"},
				"south": {"uv": [14, 9.5, 13, 8], "rotation": 90, "texture": "#0"},
				"west": {"uv": [0, 0, 1, 0], "rotation": 90, "texture": "#0"},
				"up": {"uv": [0, 1.5, 0, 0], "rotation": 90, "texture": "#0"},
				"down": {"uv": [0, 1.5, 0, 0], "rotation": 90, "texture": "#0"}
			}
		},
		{
			"from": [8.5, 4.5, 8],
			"to": [11.5, 6.5, 8],
			"rotation": {"angle": 0, "axis": "y", "origin": [15, 1.5, 2]},
			"faces": {
				"north": {"uv": [13, 9.5, 14, 8], "rotation": 270, "texture": "#0"},
				"east": {"uv": [0, 0, 1, 0], "rotation": 90, "texture": "#0"},
				"south": {"uv": [14, 9.5, 13, 8], "rotation": 90, "texture": "#0"},
				"west": {"uv": [0, 0, 1, 0], "rotation": 90, "texture": "#0"},
				"up": {"uv": [0, 1.5, 0, 0], "rotation": 90, "texture": "#0"},
				"down": {"uv": [0, 1.5, 0, 0], "rotation": 90, "texture": "#0"}
			}
		},
		{
			"from": [8, 4.5, 4.5],
			"to": [8, 6.5, 7.5],
			"rotation": {"angle": 0, "axis": "y", "origin": [1, 1.5, 2]},
			"faces": {
				"north": {"uv": [0, 0, 1, 0], "rotation": 90, "texture": "#0"},
				"east": {"uv": [13, 8, 14, 9.5], "rotation": 270, "texture": "#0"},
				"south": {"uv": [0, 0, 1, 0], "rotation": 90, "texture": "#0"},
				"west": {"uv": [14, 8, 13, 9.5], "rotation": 90, "texture": "#0"},
				"up": {"uv": [0, 0, 0, 1.5], "rotation": 180, "texture": "#0"},
				"down": {"uv": [0, 0, 0, 1.5], "texture": "#0"}
			}
		},
		{
			"from": [8, 1.5, 4.5],
			"to": [8, 3.5, 7.5],
			"rotation": {"angle": 0, "axis": "y", "origin": [1, 1.5, 2]},
			"faces": {
				"north": {"uv": [0, 0, 1, 0], "rotation": 90, "texture": "#0"},
				"east": {"uv": [13, 8, 14, 9.5], "rotation": 270, "texture": "#0"},
				"south": {"uv": [0, 0, 1, 0], "rotation": 90, "texture": "#0"},
				"west": {"uv": [14, 8, 13, 9.5], "rotation": 90, "texture": "#0"},
				"up": {"uv": [0, 0, 0, 1.5], "rotation": 180, "texture": "#0"},
				"down": {"uv": [0, 0, 0, 1.5], "texture": "#0"}
			}
		},
		{
			"from": [8, 4.5, 8.5],
			"to": [8, 6.5, 11.5],
			"rotation": {"angle": 0, "axis": "y", "origin": [1, 1.5, 16]},
			"faces": {
				"north": {"uv": [0, 0, 1, 0], "rotation": 90, "texture": "#0"},
				"east": {"uv": [13, 9.5, 14, 8], "rotation": 270, "texture": "#0"},
				"south": {"uv": [0, 0, 1, 0], "rotation": 90, "texture": "#0"},
				"west": {"uv": [14, 9.5, 13, 8], "rotation": 90, "texture": "#0"},
				"up": {"uv": [0, 1.5, 0, 0], "rotation": 180, "texture": "#0"},
				"down": {"uv": [0, 1.5, 0, 0], "texture": "#0"}
			}
		},
		{
			"from": [8, 1.5, 8.5],
			"to": [8, 3.5, 11.5],
			"rotation": {"angle": 0, "axis": "y", "origin": [1, 1.5, 16]},
			"faces": {
				"north": {"uv": [0, 0, 1, 0], "rotation": 90, "texture": "#0"},
				"east": {"uv": [13, 9.5, 14, 8], "rotation": 270, "texture": "#0"},
				"south": {"uv": [0, 0, 1, 0], "rotation": 90, "texture": "#0"},
				"west": {"uv": [14, 9.5, 13, 8], "rotation": 90, "texture": "#0"},
				"up": {"uv": [0, 1.5, 0, 0], "rotation": 180, "texture": "#0"},
				"down": {"uv": [0, 1.5, 0, 0], "texture": "#0"}
			}
		},
		{
			"from": [5, 13, 5.5],
			"to": [8, 14, 10.5],
			"rotation": {"angle": -45, "axis": "z", "origin": [15, 1, -0.5]},
			"faces": {
				"north": {"uv": [14, 12.375, 15.5, 12.875], "texture": "#0"},
				"east": {"uv": [11.5, 12.375, 14, 12.875], "texture": "#0"},
				"south": {"uv": [14, 12.375, 15.5, 12.875], "texture": "#0"},
				"west": {"uv": [11.5, 12.375, 14, 12.875], "texture": "#0"},
				"up": {"uv": [13, 9.875, 14.5, 12.375], "texture": "#0"},
				"down": {"uv": [14.5, 9.875, 16, 12.375], "texture": "#0"}
			}
		},
		{
			"from": [15, 10, 6.5],
			"to": [18, 15, 9.5],
			"rotation": {"angle": 0, "axis": "y", "origin": [15, 1, -0.5]},
			"faces": {
				"north": {"uv": [10, 7.875, 11.5, 10.375], "texture": "#0"},
				"east": {"uv": [8.5, 7.875, 7, 10.375], "texture": "#0"},
				"south": {"uv": [11.5, 7.875, 10, 10.375], "texture": "#0"},
				"west": {"uv": [10, 7.875, 8.5, 10.375], "texture": "#0"},
				"up": {"uv": [13, 7.875, 11.5, 9.375], "texture": "#0"},
				"down": {"uv": [13, 7.875, 11.5, 9.375], "texture": "#0"}
			}
		},
		{
			"from": [14, 12, 7.5],
			"to": [17, 17, 8.5],
			"rotation": {"angle": 45, "axis": "z", "origin": [16.5, 12.5, 8]},
			"faces": {
				"north": {"uv": [11.5, 9.875, 13, 12.375], "texture": "#0"},
				"east": {"uv": [11, 10.375, 11.5, 12.875], "texture": "#0"},
				"south": {"uv": [11.5, 9.875, 13, 12.375], "texture": "#0"},
				"west": {"uv": [11, 10.375, 11.5, 12.875], "texture": "#0"},
				"up": {"uv": [11.5, 9.375, 13, 9.875], "texture": "#0"},
				"down": {"uv": [11.5, 9.375, 13, 9.875], "texture": "#0"}
			}
		},
		{
			"from": [18, 12, 7],
			"to": [18.5, 15, 9],
			"rotation": {"angle": 0, "axis": "y", "origin": [15, 1, -0.5]},
			"faces": {
				"north": {"uv": [5, 11.375, 6.5, 11.125], "rotation": 90, "texture": "#0"},
				"east": {"uv": [5, 12.375, 6.5, 11.375], "rotation": 270, "texture": "#0"},
				"south": {"uv": [5, 11.375, 6.5, 11.125], "rotation": 270, "texture": "#0"},
				"west": {"uv": [5, 12.375, 6.5, 11.375], "rotation": 270, "texture": "#0"},
				"up": {"uv": [5, 11.125, 6, 10.875], "rotation": 270, "texture": "#0"},
				"down": {"uv": [5, 11.125, 6, 10.875], "rotation": 270, "texture": "#0"}
			}
		},
		{
			"from": [8, 15, 6.5],
			"to": [17, 16, 9.5],
			"rotation": {"angle": 0, "axis": "y", "origin": [14, 1, -0.5]},
			"faces": {
				"north": {"uv": [11, 10.375, 6.5, 10.875], "texture": "#0"},
				"east": {"uv": [6.5, 10.375, 5, 10.875], "texture": "#0"},
				"south": {"uv": [11, 10.375, 6.5, 10.875], "texture": "#0"},
				"west": {"uv": [6.5, 10.375, 5, 10.875], "texture": "#0"},
				"up": {"uv": [14.5, 4.5, 13, 0], "rotation": 90, "texture": "#0"},
				"down": {"uv": [11, 10.875, 6.5, 12.375], "texture": "#0"}
			}
		},
		{
			"from": [4.3, 1.1, 7],
			"to": [5.3, 5.1, 9],
			"rotation": {"angle": -45, "axis": "z", "origin": [15, 0, 0]},
			"faces": {
				"north": {"uv": [6.25, 0, 6.75, 2], "texture": "#0"},
				"east": {"uv": [7.75, 0, 6.75, 2], "texture": "#0"},
				"south": {"uv": [6.75, 0, 6.25, 2], "texture": "#0"},
				"west": {"uv": [8.75, 0, 7.75, 2], "texture": "#0"},
				"up": {"uv": [9.25, 0, 8.75, 1], "texture": "#0"},
				"down": {"uv": [9.25, 0, 8.75, 1], "texture": "#0"}
			}
		},
		{
			"from": [4.3, 5.1, 7],
			"to": [5.3, 9.1, 9],
			"rotation": {"angle": -45, "axis": "z", "origin": [15, 0, 0]},
			"faces": {
				"north": {"uv": [6.25, 0, 6.75, 2], "texture": "#0"},
				"east": {"uv": [7.75, 0, 6.75, 2], "texture": "#0"},
				"south": {"uv": [6.75, 0, 6.25, 2], "texture": "#0"},
				"west": {"uv": [8.75, 0, 7.75, 2], "texture": "#0"},
				"up": {"uv": [9.25, 0, 8.75, 1], "texture": "#0"},
				"down": {"uv": [9.25, 0, 8.75, 1], "texture": "#0"}
			}
		},
		{
			"from": [10.7, 1.1, 7],
			"to": [11.7, 5.1, 9],
			"rotation": {"angle": 45, "axis": "z", "origin": [1, 0, 0]},
			"faces": {
				"north": {"uv": [6.75, 0, 6.25, 2], "texture": "#0"},
				"east": {"uv": [7.75, 0, 8.75, 2], "texture": "#0"},
				"south": {"uv": [6.25, 0, 6.75, 2], "texture": "#0"},
				"west": {"uv": [6.75, 0, 7.75, 2], "texture": "#0"},
				"up": {"uv": [6.75, 3.25, 7.25, 4.25], "texture": "#0"},
				"down": {"uv": [6.75, 3.25, 7.25, 4.25], "texture": "#0"}
			}
		},
		{
			"from": [10.7, 5.1, 7],
			"to": [11.7, 9.1, 9],
			"rotation": {"angle": 45, "axis": "z", "origin": [1, 0, 0]},
			"faces": {
				"north": {"uv": [6.75, 0, 6.25, 2], "texture": "#0"},
				"east": {"uv": [7.75, 0, 8.75, 2], "texture": "#0"},
				"south": {"uv": [6.25, 0, 6.75, 2], "texture": "#0"},
				"west": {"uv": [6.75, 0, 7.75, 2], "texture": "#0"},
				"up": {"uv": [6.75, 3.25, 7.25, 4.25], "texture": "#0"},
				"down": {"uv": [6.75, 3.25, 7.25, 4.25], "texture": "#0"}
			}
		},
		{
			"from": [8.1, 9.9, 11.6],
			"to": [19.1, 20.9, 11.6],
			"faces": {
				"north": {"uv": [2.5, 2.25, 13.5, 13.25], "texture": "#1"},
				"east": {"uv": [0, 0, 0, 3.5], "texture": "#1"},
				"south": {"uv": [13.5, 2.25, 2.5, 13.25], "texture": "#1"},
				"west": {"uv": [0, 0, 0, 3.5], "texture": "#1"},
				"up": {"uv": [0, 0, 3.5, 0], "texture": "#1"},
				"down": {"uv": [0, 0, 3.5, 0], "texture": "#1"}
			}
		},
		{
			"from": [-3.1, 9.9, 11.6],
			"to": [7.9, 20.9, 11.6],
			"rotation": {"angle": 0, "axis": "y", "origin": [16, 0, 0]},
			"faces": {
				"north": {"uv": [13.5, 2.25, 2.5, 13.25], "texture": "#1"},
				"east": {"uv": [0, 0, 0, 3.5], "texture": "#1"},
				"south": {"uv": [2.5, 2.25, 13.5, 13.25], "texture": "#1"},
				"west": {"uv": [0, 0, 0, 3.5], "texture": "#1"},
				"up": {"uv": [3.5, 0, 0, 0], "texture": "#1"},
				"down": {"uv": [3.5, 0, 0, 0], "texture": "#1"}
			}
		},
		{
			"from": [-3.1, 9.9, 4.4],
			"to": [7.9, 20.9, 4.4],
			"rotation": {"angle": 0, "axis": "y", "origin": [16, 0, 16]},
			"faces": {
				"north": {"uv": [13.5, 2.25, 2.5, 13.25], "texture": "#1"},
				"east": {"uv": [0, 0, 0, 3.5], "texture": "#1"},
				"south": {"uv": [2.5, 2.25, 13.5, 13.25], "texture": "#1"},
				"west": {"uv": [0, 0, 0, 3.5], "texture": "#1"},
				"up": {"uv": [3.5, 0, 0, 0], "texture": "#1"},
				"down": {"uv": [3.5, 0, 0, 0], "texture": "#1"}
			}
		},
		{
			"from": [8.1, 9.9, 4.4],
			"to": [19.1, 20.9, 4.4],
			"rotation": {"angle": 0, "axis": "y", "origin": [0, 0, 16]},
			"faces": {
				"north": {"uv": [2.5, 2.25, 13.5, 13.25], "texture": "#1"},
				"east": {"uv": [0, 0, 0, 3.5], "texture": "#1"},
				"south": {"uv": [13.5, 2.25, 2.5, 13.25], "texture": "#1"},
				"west": {"uv": [0, 0, 0, 3.5], "texture": "#1"},
				"up": {"uv": [0, 0, 3.5, 0], "texture": "#1"},
				"down": {"uv": [0, 0, 3.5, 0], "texture": "#1"}
			}
		},
		{
			"from": [-1, 15, 6.5],
			"to": [8, 16, 9.5],
			"rotation": {"angle": 0, "axis": "y", "origin": [2, 1, -0.5]},
			"faces": {
				"north": {"uv": [6.5, 10.375, 11, 10.875], "texture": "#0"},
				"east": {"uv": [5, 10.375, 6.5, 10.875], "texture": "#0"},
				"south": {"uv": [6.5, 10.375, 11, 10.875], "texture": "#0"},
				"west": {"uv": [5, 10.375, 6.5, 10.875], "texture": "#0"},
				"up": {"uv": [13, 0, 14.5, 4.5], "rotation": 90, "texture": "#0"},
				"down": {"uv": [6.5, 10.875, 11, 12.375], "texture": "#0"}
			}
		},
		{
			"from": [8, 13, 5.5],
			"to": [11, 14, 10.5],
			"rotation": {"angle": 45, "axis": "z", "origin": [1, 1, -0.5]},
			"faces": {
				"north": {"uv": [15.5, 12.375, 14, 12.875], "texture": "#0"},
				"east": {"uv": [14, 12.375, 11.5, 12.875], "texture": "#0"},
				"south": {"uv": [15.5, 12.375, 14, 12.875], "texture": "#0"},
				"west": {"uv": [14, 12.375, 11.5, 12.875], "texture": "#0"},
				"up": {"uv": [14.5, 9.875, 13, 12.375], "texture": "#0"},
				"down": {"uv": [16, 9.875, 14.5, 12.375], "texture": "#0"}
			}
		},
		{
			"from": [-2, 10, 6.5],
			"to": [1, 15, 9.5],
			"rotation": {"angle": 0, "axis": "y", "origin": [1, 1, -0.5]},
			"faces": {
				"north": {"uv": [11.5, 7.875, 10, 10.375], "texture": "#0"},
				"east": {"uv": [8.5, 7.875, 10, 10.375], "texture": "#0"},
				"south": {"uv": [10, 7.875, 11.5, 10.375], "texture": "#0"},
				"west": {"uv": [7, 7.875, 8.5, 10.375], "texture": "#0"},
				"up": {"uv": [11.5, 7.875, 13, 9.375], "texture": "#0"},
				"down": {"uv": [11.5, 7.875, 13, 9.375], "texture": "#0"}
			}
		},
		{
			"from": [-2.5, 12, 7],
			"to": [-2, 15, 9],
			"rotation": {"angle": 0, "axis": "y", "origin": [1, 1, -0.5]},
			"faces": {
				"north": {"uv": [6.5, 11.125, 5, 11.375], "rotation": 90, "texture": "#0"},
				"east": {"uv": [5, 11.375, 6.5, 12.375], "rotation": 270, "texture": "#0"},
				"south": {"uv": [5, 11.125, 6.5, 11.375], "rotation": 270, "texture": "#0"},
				"west": {"uv": [5, 11.375, 6.5, 12.375], "rotation": 270, "texture": "#0"},
				"up": {"uv": [5, 10.875, 6, 11.125], "rotation": 270, "texture": "#0"},
				"down": {"uv": [5, 10.875, 6, 11.125], "rotation": 270, "texture": "#0"}
			}
		},
		{
			"from": [-1, 12, 7.5],
			"to": [2, 17, 8.5],
			"rotation": {"angle": -45, "axis": "z", "origin": [-0.5, 12.5, 8]},
			"faces": {
				"north": {"uv": [11.5, 9.875, 13, 12.375], "texture": "#0"},
				"east": {"uv": [11.5, 10.375, 11, 12.875], "texture": "#0"},
				"south": {"uv": [13, 9.875, 11.5, 12.375], "texture": "#0"},
				"west": {"uv": [11.5, 10.375, 11, 12.875], "texture": "#0"},
				"up": {"uv": [13, 9.375, 11.5, 9.875], "texture": "#0"},
				"down": {"uv": [13, 9.375, 11.5, 9.875], "texture": "#0"}
			}
		},
		{
			"from": [-2.2, 11.8, 9.5],
			"to": [3.8, 17.8, 11.5],
			"rotation": {"angle": -45, "axis": "z", "origin": [2, 13, 7.5]},
			"faces": {
				"north": {"uv": [13, 4.875, 10, 7.875], "rotation": 90, "texture": "#0"},
				"east": {"uv": [10, 3.375, 13, 4.375], "rotation": 270, "texture": "#0"},
				"south": {"uv": [10, 4.875, 13, 7.875], "rotation": 270, "texture": "#0"},
				"west": {"uv": [10, 3.375, 13, 4.375], "rotation": 270, "texture": "#0"},
				"up": {"uv": [10, 3.375, 13, 4.375], "texture": "#0"},
				"down": {"uv": [13, 3.375, 10, 4.375], "texture": "#0"}
			}
		},
		{
			"from": [-2.2, 11.8, 4.5],
			"to": [3.8, 17.8, 6.5],
			"rotation": {"angle": -45, "axis": "z", "origin": [2, 13, 7.5]},
			"faces": {
				"north": {"uv": [10, 7.875, 13, 4.875], "rotation": 270, "texture": "#0"},
				"east": {"uv": [10, 4.375, 13, 3.375], "rotation": 270, "texture": "#0"},
				"south": {"uv": [13, 7.875, 10, 4.875], "rotation": 90, "texture": "#0"},
				"west": {"uv": [10, 4.375, 13, 3.375], "rotation": 270, "texture": "#0"},
				"up": {"uv": [10, 4.375, 13, 3.375], "texture": "#0"},
				"down": {"uv": [13, 4.375, 10, 3.375], "texture": "#0"}
			}
		},
		{
			"from": [12.2, 11.8, 9.5],
			"to": [18.2, 17.8, 11.5],
			"rotation": {"angle": 45, "axis": "z", "origin": [14, 13, 7.5]},
			"faces": {
				"north": {"uv": [13, 7.875, 10, 4.875], "rotation": 90, "texture": "#0"},
				"east": {"uv": [10, 4.375, 13, 3.375], "rotation": 270, "texture": "#0"},
				"south": {"uv": [10, 7.875, 13, 4.875], "rotation": 270, "texture": "#0"},
				"west": {"uv": [10, 4.375, 13, 3.375], "rotation": 270, "texture": "#0"},
				"up": {"uv": [13, 3.375, 10, 4.375], "texture": "#0"},
				"down": {"uv": [10, 3.375, 13, 4.375], "texture": "#0"}
			}
		},
		{
			"from": [13, 21, 7.5],
			"to": [14, 23, 8.5],
			"rotation": {"angle": 45, "axis": "z", "origin": [21, 23, 0]},
			"faces": {
				"north": {"uv": [1.5, 0, 0.5, 0.5], "rotation": 90, "texture": "#0"},
				"east": {"uv": [1.5, 1, 0.5, 1.5], "rotation": 270, "texture": "#0"},
				"south": {"uv": [0.5, 0, 1.5, 0.5], "rotation": 270, "texture": "#0"},
				"west": {"uv": [1.5, 0.5, 0.5, 1], "rotation": 270, "texture": "#0"},
				"up": {"uv": [0.5, 0, 0, 0.5], "rotation": 270, "texture": "#0"},
				"down": {"uv": [0.5, 0, 0, 0.5], "rotation": 270, "texture": "#0"}
			}
		},
		{
			"from": [15.5, 17.4, 7.7],
			"to": [16, 19.4, 8.2],
			"rotation": {"angle": -22.5, "axis": "z", "origin": [16.75, 19, 7.95]},
			"faces": {
				"north": {"uv": [2.25, 1.75, 1.25, 1.5], "rotation": 90, "texture": "#0"},
				"east": {"uv": [1.25, 1.75, 0.25, 1.5], "rotation": 270, "texture": "#0"},
				"south": {"uv": [1.25, 1.75, 2.25, 1.5], "rotation": 270, "texture": "#0"},
				"west": {"uv": [3.25, 1.75, 2.25, 1.5], "rotation": 270, "texture": "#0"},
				"up": {"uv": [0.25, 1.75, 0, 1.5], "rotation": 270, "texture": "#0"},
				"down": {"uv": [0.25, 1.75, 0, 1.5], "rotation": 270, "texture": "#0"}
			}
		},
		{
			"from": [15.3, 20.8, 7.6],
			"to": [17.3, 21.8, 8.4],
			"rotation": {"angle": -22.5, "axis": "z", "origin": [7, 23, 0]},
			"faces": {
				"north": {"uv": [4.5, 1, 3.5, 0.5], "texture": "#0"},
				"east": {"uv": [4, 0.5, 3.5, 0], "texture": "#0"},
				"south": {"uv": [3.5, 1, 4.5, 0.5], "texture": "#0"},
				"west": {"uv": [4, 0.5, 3.5, 0], "texture": "#0"},
				"up": {"uv": [4.5, 1.5, 3.5, 1], "texture": "#0"},
				"down": {"uv": [5, 0.5, 4, 0], "texture": "#0"}
			}
		},
		{
			"from": [13, 17.9, 7.7],
			"to": [13.5, 19.9, 8.2],
			"rotation": {"angle": 0, "axis": "y", "origin": [21, 23, 0]},
			"faces": {
				"north": {"uv": [2.25, 1.5, 1.25, 1.75], "rotation": 90, "texture": "#0"},
				"east": {"uv": [3.25, 1.5, 2.25, 1.75], "rotation": 270, "texture": "#0"},
				"south": {"uv": [1.25, 1.5, 2.25, 1.75], "rotation": 270, "texture": "#0"},
				"west": {"uv": [1.25, 1.5, 0.25, 1.75], "rotation": 270, "texture": "#0"},
				"up": {"uv": [0.25, 1.5, 0, 1.75], "rotation": 270, "texture": "#0"},
				"down": {"uv": [0.25, 1.5, 0, 1.75], "rotation": 270, "texture": "#0"}
			}
		},
		{
			"from": [12.2, 17.8, 7.5],
			"to": [14.2, 18.8, 8.5],
			"rotation": {"angle": 0, "axis": "y", "origin": [21, 23, 0]},
			"faces": {
				"north": {"uv": [2.5, 0.5, 3.5, 0], "texture": "#0"},
				"east": {"uv": [0, 1.5, 0.5, 1], "texture": "#0"},
				"south": {"uv": [3.5, 0.5, 2.5, 0], "texture": "#0"},
				"west": {"uv": [0, 1.5, 0.5, 1], "texture": "#0"},
				"up": {"uv": [2.5, 1, 3.5, 0.5], "texture": "#0"},
				"down": {"uv": [2.5, 1.5, 3.5, 1], "texture": "#0"}
			}
		},
		{
			"from": [9.3, 21.5, 7.6],
			"to": [11.3, 22.5, 8.4],
			"rotation": {"angle": 22.5, "axis": "z", "origin": [21, 23, 0]},
			"faces": {
				"north": {"uv": [3.5, 1, 4.5, 0.5], "texture": "#0"},
				"east": {"uv": [3.5, 0.5, 4, 0], "texture": "#0"},
				"south": {"uv": [2.5, 10, 3, 11], "rotation": 270, "texture": "#0"},
				"west": {"uv": [3.5, 0.5, 4, 0], "texture": "#0"},
				"up": {"uv": [3.5, 1.5, 4.5, 1], "texture": "#0"},
				"down": {"uv": [4, 0.5, 5, 0], "texture": "#0"}
			}
		},
		{
			"from": [11, 18.4, 7.7],
			"to": [11.5, 20.4, 8.2],
			"rotation": {"angle": 22.5, "axis": "z", "origin": [11.25, 19, 7.95]},
			"faces": {
				"north": {"uv": [2.25, 1.5, 1.25, 1.75], "rotation": 90, "texture": "#0"},
				"east": {"uv": [3.25, 1.5, 2.25, 1.75], "rotation": 270, "texture": "#0"},
				"south": {"uv": [1.25, 1.5, 2.25, 1.75], "rotation": 270, "texture": "#0"},
				"west": {"uv": [1.25, 1.5, 0.25, 1.75], "rotation": 270, "texture": "#0"},
				"up": {"uv": [0.25, 1.5, 0, 1.75], "rotation": 270, "texture": "#0"},
				"down": {"uv": [0.25, 1.5, 0, 1.75], "rotation": 270, "texture": "#0"}
			}
		},
		{
			"from": [9.85, 16.75, 7.7],
			"to": [11.85, 17.25, 8.2],
			"rotation": {"angle": -45, "axis": "z", "origin": [11.25, 19, 7.95]},
			"faces": {
				"north": {"uv": [1.25, 1.75, 2.25, 1.5], "texture": "#0"},
				"east": {"uv": [0, 1.75, 0.25, 1.5], "texture": "#0"},
				"south": {"uv": [2.25, 1.75, 1.25, 1.5], "texture": "#0"},
				"west": {"uv": [0, 1.75, 0.25, 1.5], "texture": "#0"},
				"up": {"uv": [2.25, 1.75, 3.25, 1.5], "texture": "#0"},
				"down": {"uv": [0.25, 1.75, 1.25, 1.5], "texture": "#0"}
			}
		},
		{
			"from": [7.6, 26, 7.5],
			"to": [10.1, 27, 8.5],
			"rotation": {"angle": 45, "axis": "z", "origin": [21, 23, 0]},
			"faces": {
				"north": {"uv": [5, 0.5, 6.25, 0], "texture": "#0"},
				"east": {"uv": [5.75, 1, 6.25, 0.5], "texture": "#0"},
				"south": {"uv": [6.25, 0.5, 5, 0], "texture": "#0"},
				"west": {"uv": [5.75, 1.5, 6.25, 1], "texture": "#0"},
				"up": {"uv": [4.5, 1, 5.75, 0.5], "texture": "#0"},
				"down": {"uv": [4.5, 1.5, 5.75, 1], "texture": "#0"}
			}
		},
		{
			"from": [5.9, 26, 7.5],
			"to": [8.4, 27, 8.5],
			"rotation": {"angle": -45, "axis": "z", "origin": [-5, 23, 0]},
			"faces": {
				"north": {"uv": [6.25, 0.5, 5, 0], "texture": "#0"},
				"east": {"uv": [6.25, 1.5, 5.75, 1], "texture": "#0"},
				"south": {"uv": [5, 0.5, 6.25, 0], "texture": "#0"},
				"west": {"uv": [6.25, 1, 5.75, 0.5], "texture": "#0"},
				"up": {"uv": [5.75, 1, 4.5, 0.5], "texture": "#0"},
				"down": {"uv": [5.75, 1.5, 4.5, 1], "texture": "#0"}
			}
		},
		{
			"from": [4.15, 16.75, 7.7],
			"to": [6.15, 17.25, 8.2],
			"rotation": {"angle": 45, "axis": "z", "origin": [4.75, 19, 7.95]},
			"faces": {
				"north": {"uv": [2.25, 1.75, 1.25, 1.5], "texture": "#0"},
				"east": {"uv": [0.25, 1.75, 0, 1.5], "texture": "#0"},
				"south": {"uv": [1.25, 1.75, 2.25, 1.5], "texture": "#0"},
				"west": {"uv": [0.25, 1.75, 0, 1.5], "texture": "#0"},
				"up": {"uv": [3.25, 1.75, 2.25, 1.5], "texture": "#0"},
				"down": {"uv": [1.25, 1.75, 0.25, 1.5], "texture": "#0"}
			}
		},
		{
			"from": [4.5, 18.4, 7.7],
			"to": [5, 20.4, 8.2],
			"rotation": {"angle": -22.5, "axis": "z", "origin": [4.75, 19, 7.95]},
			"faces": {
				"north": {"uv": [2.25, 1.75, 1.25, 1.5], "rotation": 90, "texture": "#0"},
				"east": {"uv": [1.25, 1.75, 0.25, 1.5], "rotation": 270, "texture": "#0"},
				"south": {"uv": [1.25, 1.75, 2.25, 1.5], "rotation": 270, "texture": "#0"},
				"west": {"uv": [3.25, 1.75, 2.25, 1.5], "rotation": 270, "texture": "#0"},
				"up": {"uv": [0.25, 1.75, 0, 1.5], "rotation": 270, "texture": "#0"},
				"down": {"uv": [0.25, 1.75, 0, 1.5], "rotation": 270, "texture": "#0"}
			}
		},
		{
			"from": [4.7, 21.5, 7.6],
			"to": [6.7, 22.5, 8.4],
			"rotation": {"angle": -22.5, "axis": "z", "origin": [-5, 23, 0]},
			"faces": {
				"north": {"uv": [4.5, 1, 3.5, 0.5], "texture": "#0"},
				"east": {"uv": [4, 0.5, 3.5, 0], "texture": "#0"},
				"south": {"uv": [2.5, 11, 3, 10], "rotation": 270, "texture": "#0"},
				"west": {"uv": [4, 0.5, 3.5, 0], "texture": "#0"},
				"up": {"uv": [4.5, 1.5, 3.5, 1], "texture": "#0"},
				"down": {"uv": [5, 0.5, 4, 0], "texture": "#0"}
			}
		},
		{
			"from": [1.8, 17.8, 7.5],
			"to": [3.8, 18.8, 8.5],
			"rotation": {"angle": 0, "axis": "y", "origin": [-5, 23, 0]},
			"faces": {
				"north": {"uv": [3.5, 0.5, 2.5, 0], "texture": "#0"},
				"east": {"uv": [0.5, 1.5, 0, 1], "texture": "#0"},
				"south": {"uv": [2.5, 0.5, 3.5, 0], "texture": "#0"},
				"west": {"uv": [0.5, 1.5, 0, 1], "texture": "#0"},
				"up": {"uv": [3.5, 1, 2.5, 0.5], "texture": "#0"},
				"down": {"uv": [3.5, 1.5, 2.5, 1], "texture": "#0"}
			}
		},
		{
			"from": [2.5, 17.9, 7.7],
			"to": [3, 19.9, 8.2],
			"rotation": {"angle": 0, "axis": "y", "origin": [-5, 23, 0]},
			"faces": {
				"north": {"uv": [2.25, 1.75, 1.25, 1.5], "rotation": 90, "texture": "#0"},
				"east": {"uv": [1.25, 1.75, 0.25, 1.5], "rotation": 270, "texture": "#0"},
				"south": {"uv": [1.25, 1.75, 2.25, 1.5], "rotation": 270, "texture": "#0"},
				"west": {"uv": [3.25, 1.75, 2.25, 1.5], "rotation": 270, "texture": "#0"},
				"up": {"uv": [0.25, 1.75, 0, 1.5], "rotation": 270, "texture": "#0"},
				"down": {"uv": [0.25, 1.75, 0, 1.5], "rotation": 270, "texture": "#0"}
			}
		},
		{
			"from": [-1.3, 20.8, 7.6],
			"to": [0.7, 21.8, 8.4],
			"rotation": {"angle": 22.5, "axis": "z", "origin": [9, 23, 0]},
			"faces": {
				"north": {"uv": [3.5, 1, 4.5, 0.5], "texture": "#0"},
				"east": {"uv": [3.5, 0.5, 4, 0], "texture": "#0"},
				"south": {"uv": [4.5, 1, 3.5, 0.5], "texture": "#0"},
				"west": {"uv": [3.5, 0.5, 4, 0], "texture": "#0"},
				"up": {"uv": [3.5, 1.5, 4.5, 1], "texture": "#0"},
				"down": {"uv": [4, 0.5, 5, 0], "texture": "#0"}
			}
		},
		{
			"from": [0, 17.4, 7.7],
			"to": [0.5, 19.4, 8.2],
			"rotation": {"angle": 22.5, "axis": "z", "origin": [-0.75, 19, 7.95]},
			"faces": {
				"north": {"uv": [2.25, 1.5, 1.25, 1.75], "rotation": 90, "texture": "#0"},
				"east": {"uv": [3.25, 1.5, 2.25, 1.75], "rotation": 270, "texture": "#0"},
				"south": {"uv": [1.25, 1.5, 2.25, 1.75], "rotation": 270, "texture": "#0"},
				"west": {"uv": [1.25, 1.5, 0.25, 1.75], "rotation": 270, "texture": "#0"},
				"up": {"uv": [0.25, 1.5, 0, 1.75], "rotation": 270, "texture": "#0"},
				"down": {"uv": [0.25, 1.5, 0, 1.75], "rotation": 270, "texture": "#0"}
			}
		},
		{
			"from": [2, 21, 7.5],
			"to": [3, 23, 8.5],
			"rotation": {"angle": -45, "axis": "z", "origin": [-5, 23, 0]},
			"faces": {
				"north": {"uv": [1.5, 0.5, 0.5, 0], "rotation": 90, "texture": "#0"},
				"east": {"uv": [1.5, 1, 0.5, 0.5], "rotation": 270, "texture": "#0"},
				"south": {"uv": [0.5, 0.5, 1.5, 0], "rotation": 270, "texture": "#0"},
				"west": {"uv": [1.5, 1.5, 0.5, 1], "rotation": 270, "texture": "#0"},
				"up": {"uv": [0.5, 0.5, 0, 0], "rotation": 270, "texture": "#0"},
				"down": {"uv": [0.5, 0.5, 0, 0], "rotation": 270, "texture": "#0"}
			}
		},
		{
			"from": [12.2, 11.8, 4.5],
			"to": [18.2, 17.8, 6.5],
			"rotation": {"angle": 45, "axis": "z", "origin": [14, 13, 7.5]},
			"faces": {
				"north": {"uv": [10, 4.875, 13, 7.875], "rotation": 270, "texture": "#0"},
				"east": {"uv": [10, 3.375, 13, 4.375], "rotation": 270, "texture": "#0"},
				"south": {"uv": [13, 4.875, 10, 7.875], "rotation": 90, "texture": "#0"},
				"west": {"uv": [10, 3.375, 13, 4.375], "rotation": 270, "texture": "#0"},
				"up": {"uv": [13, 4.375, 10, 3.375], "texture": "#0"},
				"down": {"uv": [10, 4.375, 13, 3.375], "texture": "#0"}
			}
		}
	],
	"gui_light": "front",
	"display": {
		"thirdperson_righthand": {
			"rotation": [0, 90, 0],
			"translation": [0, 9.75, 1.75]
		},
		"thirdperson_lefthand": {
			"rotation": [0, -90, 0],
			"translation": [0, 9.75, 1.75]
		},
		"firstperson_righthand": {
			"rotation": [0, 90, 0],
			"translation": [3.75, 6.5, 0.5],
			"scale": [0.5, 0.5, 0.5]
		},
		"firstperson_lefthand": {
			"rotation": [0, -90, 0],
			"translation": [3.75, 6.5, 0.5],
			"scale": [0.5, 0.5, 0.5]
		},
		"ground": {
			"rotation": [0, 0, -45],
			"translation": [0, 9, 0],
			"scale": [0.6, 0.6, 0.6]
		},
		"gui": {
			"rotation": [-180, 0, -135],
			"translation": [-0.75, -0.75, -2],
			"scale": [0.55094, 0.55094, 0.55094]
		},
		"head": {
			"translation": [0, -15.25, -0.5],
			"scale": [0, 0, 0]
		},
		"fixed": {
			"translation": [0.25, 7.75, -2],
			"scale": [2, 2, 2]
		}
	},
	"groups": [
		{
			"name": "group",
			"origin": [7, -8, 8],
			"color": 0,
			"children": [0, 1, 2, 3, 4, 5, 6, 7, 8, 9, 10, 11, 12, 13, 14, 15, 16, 17, 18, 19, 20, 21, 22, 23, 24, 25, 26, 27, 28, 29, 30, 31, 32, 33, 34, 35, 36, 37, 38, 39, 40, 41, 42, 43, 44, 45]
		},
		46,
		47,
		48,
		49,
		50,
		51,
		52,
		53,
		54,
		55,
		56,
		57,
		58,
		59,
		60,
		61,
		62,
		63,
		64,
		65,
		66,
		67
	]
}