{
	"credit": "MadewithBlockbench",
	"texture_size": [32, 32],
	"textures": {
		"0": "devil_animated_weapon_set:helmettex",
		"1": "devil_animated_weapon_set:bloodrain1",
		"2": "devil_animated_weapon_set:bloodrain2",
		"particle": "devil_animated_weapon_set:helmettex"
	},
	"elements": [
		{
			"from": [2, 13, 3],
			"to": [8, 14, 16],
			"rotation": {"angle": 0, "axis": "y", "origin": [0, -8, 4]},
			"faces": {
				"north": {"uv": [6, 2, 9, 2.5], "texture": "#0"},
				"east": {"uv": [13, 0.5, 13.5, 7], "rotation": 90, "texture": "#0"},
				"south": {"uv": [10, 0, 13, 0.5], "texture": "#0"},
				"west": {"uv": [13, 0.5, 13.5, 7], "rotation": 90, "texture": "#0"},
				"up": {"uv": [13, 7, 10, 0.5], "texture": "#0"},
				"down": {"uv": [13, 7, 10, 0.5], "texture": "#0"}
			}
		},
		{
			"from": [8, 13, 3],
			"to": [14, 14, 16],
			"rotation": {"angle": 0, "axis": "y", "origin": [16, -8, 4]},
			"faces": {
				"north": {"uv": [9, 2, 6, 2.5], "texture": "#0"},
				"east": {"uv": [13, 7, 13.5, 0.5], "rotation": 90, "texture": "#0"},
				"south": {"uv": [13, 0, 10, 0.5], "texture": "#0"},
				"west": {"uv": [13, 7, 13.5, 0.5], "rotation": 90, "texture": "#0"},
				"up": {"uv": [10, 7, 13, 0.5], "texture": "#0"},
				"down": {"uv": [10, 7, 13, 0.5], "texture": "#0"}
			}
		},
		{
			"from": [2, 8, 4],
			"to": [3, 13, 16],
			"rotation": {"angle": -22.5, "axis": "x", "origin": [8, 10, 22.5]},
			"faces": {
				"north": {"uv": [14.375, 2.5, 14.875, 5], "texture": "#0"},
				"east": {"uv": [12, 9.5, 6, 12], "texture": "#0"},
				"south": {"uv": [14.375, 0, 14.875, 2.5], "texture": "#0"},
				"west": {"uv": [6, 9.5, 12, 12], "texture": "#0"},
				"up": {"uv": [12, 7.5, 6, 7], "rotation": 90, "texture": "#0"},
				"down": {"uv": [12, 7.5, 6, 7], "rotation": 90, "texture": "#0"}
			}
		},
		{
			"from": [13, 8, 4],
			"to": [14, 13, 16],
			"rotation": {"angle": -22.5, "axis": "x", "origin": [8, 10, 22.5]},
			"faces": {
				"north": {"uv": [14.875, 2.5, 14.375, 5], "texture": "#0"},
				"east": {"uv": [12, 9.5, 6, 12], "texture": "#0"},
				"south": {"uv": [14.875, 0, 14.375, 2.5], "texture": "#0"},
				"west": {"uv": [6, 9.5, 12, 12], "texture": "#0"},
				"up": {"uv": [12, 7, 6, 7.5], "rotation": 90, "texture": "#0"},
				"down": {"uv": [12, 7, 6, 7.5], "rotation": 90, "texture": "#0"}
			}
		},
		{
			"from": [1.3, -3, 2],
			"to": [8.3, 13, 2],
			"rotation": {"angle": 22.5, "axis": "y", "origin": [4.5, 5, 2]},
			"faces": {
				"north": {"uv": [0, 8, 3.5, 16], "texture": "#0"},
				"east": {"uv": [0, 0, 0, 16], "texture": "#0"},
				"south": {"uv": [3.5, 8, 0, 16], "texture": "#0"},
				"west": {"uv": [0, 0, 0, 16], "texture": "#0"},
				"up": {"uv": [7, 0, 0, 0], "texture": "#0"},
				"down": {"uv": [7, 0, 0, 0], "texture": "#0"}
			}
		},
		{
			"from": [7.7, -3, 2],
			"to": [14.7, 13, 2],
			"rotation": {"angle": -22.5, "axis": "y", "origin": [11.5, 5, 2]},
			"faces": {
				"north": {"uv": [3.5, 0, 0, 8], "texture": "#0"},
				"east": {"uv": [0, 0, 0, 16], "texture": "#0"},
				"south": {"uv": [0, 0, 3.5, 8], "texture": "#0"},
				"west": {"uv": [0, 0, 0, 16], "texture": "#0"},
				"up": {"uv": [0, 0, 7, 0], "texture": "#0"},
				"down": {"uv": [0, 0, 7, 0], "texture": "#0"}
			}
		},
		{
			"from": [2, 7, 15],
			"to": [8, 13, 16],
			"rotation": {"angle": 0, "axis": "y", "origin": [8, 10, 21.5]},
			"faces": {
				"north": {"uv": [6, 2.5, 9, 5.5], "texture": "#0"},
				"east": {"uv": [12, 7.375, 12.5, 10.375], "texture": "#0"},
				"south": {"uv": [6, 2.5, 9, 5.5], "texture": "#0"},
				"west": {"uv": [12, 7.375, 12.5, 10.375], "texture": "#0"},
				"up": {"uv": [15, 10.875, 12, 10.375], "texture": "#0"},
				"down": {"uv": [15, 10.875, 12, 11.375], "texture": "#0"}
			}
		},
		{
			"from": [8, 7, 15],
			"to": [14, 13, 16],
			"rotation": {"angle": 0, "axis": "y", "origin": [8, 10, 21.5]},
			"faces": {
				"north": {"uv": [9, 2.5, 6, 5.5], "texture": "#0"},
				"east": {"uv": [12.5, 7.375, 12, 10.375], "texture": "#0"},
				"south": {"uv": [9, 2.5, 6, 5.5], "texture": "#0"},
				"west": {"uv": [12.5, 7.375, 12, 10.375], "texture": "#0"},
				"up": {"uv": [12, 10.875, 15, 10.375], "texture": "#0"},
				"down": {"uv": [12, 10.875, 15, 11.375], "texture": "#0"}
			}
		},
		{
			"from": [3, 14, 4],
			"to": [8, 15, 14],
			"rotation": {"angle": 0, "axis": "y", "origin": [0, -8, 4]},
			"faces": {
				"north": {"uv": [3.5, 10.5, 6, 11], "texture": "#0"},
				"east": {"uv": [3.5, 5, 4, 10], "rotation": 90, "texture": "#0"},
				"south": {"uv": [3.5, 10, 6, 10.5], "texture": "#0"},
				"west": {"uv": [3.5, 5, 4, 10], "rotation": 90, "texture": "#0"},
				"up": {"uv": [6, 5, 3.5, 0], "texture": "#0"},
				"down": {"uv": [6, 0, 3.5, 5], "texture": "#0"}
			}
		},
		{
			"from": [8, 14, 4],
			"to": [13, 15, 14],
			"rotation": {"angle": 0, "axis": "y", "origin": [16, -8, 4]},
			"faces": {
				"north": {"uv": [6, 10.5, 3.5, 11], "texture": "#0"},
				"east": {"uv": [3.5, 10, 4, 5], "rotation": 90, "texture": "#0"},
				"south": {"uv": [6, 10, 3.5, 10.5], "texture": "#0"},
				"west": {"uv": [3.5, 10, 4, 5], "rotation": 90, "texture": "#0"},
				"up": {"uv": [3.5, 5, 6, 0], "texture": "#0"},
				"down": {"uv": [3.5, 0, 6, 5], "texture": "#0"}
			}
		},
		{
			"from": [1, 7, 3],
			"to": [2, 14, 16],
			"rotation": {"angle": 0, "axis": "y", "origin": [8, 10, 21.5]},
			"faces": {
				"north": {"uv": [10.25, 12.5, 10.75, 16], "texture": "#0"},
				"east": {"uv": [3.75, 12, 10.25, 15.5], "texture": "#0"},
				"south": {"uv": [10.75, 12.5, 11.25, 16], "texture": "#0"},
				"west": {"uv": [3.75, 12, 10.25, 15.5], "texture": "#0"},
				"up": {"uv": [10.25, 16, 3.75, 15.5], "rotation": 90, "texture": "#0"},
				"down": {"uv": [3.75, 15.5, 10.25, 16], "rotation": 90, "texture": "#0"}
			}
		},
		{
			"from": [14, 7, 3],
			"to": [15, 14, 16],
			"rotation": {"angle": 0, "axis": "y", "origin": [8, 10, 21.5]},
			"faces": {
				"north": {"uv": [10.75, 12.5, 10.25, 16], "texture": "#0"},
				"east": {"uv": [10.25, 12, 3.75, 15.5], "texture": "#0"},
				"south": {"uv": [11.25, 12.5, 10.75, 16], "texture": "#0"},
				"west": {"uv": [10.25, 12, 3.75, 15.5], "texture": "#0"},
				"up": {"uv": [10.25, 15.5, 3.75, 16], "rotation": 90, "texture": "#0"},
				"down": {"uv": [3.75, 16, 10.25, 15.5], "rotation": 90, "texture": "#0"}
			}
		},
		{
			"from": [1, 1, 3],
			"to": [2, 7, 7],
			"rotation": {"angle": 0, "axis": "y", "origin": [8, 10, 22.5]},
			"faces": {
				"north": {"uv": [4, 8, 7, 8.5], "rotation": 90, "texture": "#0"},
				"east": {"uv": [4, 5, 6, 8], "texture": "#0"},
				"south": {"uv": [4, 8, 7, 8.5], "rotation": 90, "texture": "#0"},
				"west": {"uv": [4, 5, 6, 8], "texture": "#0"},
				"up": {"uv": [6.5, 7.5, 6, 5.5], "texture": "#0"},
				"down": {"uv": [7, 5.5, 6.5, 7.5], "texture": "#0"}
			}
		},
		{
			"from": [1.7, -3, 6],
			"to": [1.7, 7, 12],
			"rotation": {"angle": 0, "axis": "y", "origin": [16, 0, 0]},
			"faces": {
				"north": {"uv": [0, 0, 0, 6], "texture": "#1"},
				"east": {"uv": [1.5, 3.25, 7.5, 13.25], "texture": "#1"},
				"south": {"uv": [0, 0, 0, 6], "texture": "#1"},
				"west": {"uv": [7.5, 3.25, 1.5, 13.25], "texture": "#1"},
				"up": {"uv": [6, 0, 0, 0], "rotation": 270, "texture": "#1"},
				"down": {"uv": [6, 0, 0, 0], "rotation": 90, "texture": "#1"}
			}
		},
		{
			"from": [1.7, -1, 11],
			"to": [1.7, 9, 17],
			"rotation": {"angle": 0, "axis": "y", "origin": [16, 0, 0]},
			"faces": {
				"north": {"uv": [0, 0, 0, 6], "texture": "#2"},
				"east": {"uv": [1.5, 3.25, 7.5, 13.25], "texture": "#2"},
				"south": {"uv": [0, 0, 0, 6], "texture": "#2"},
				"west": {"uv": [7.5, 3.25, 1.5, 13.25], "texture": "#2"},
				"up": {"uv": [6, 0, 0, 0], "rotation": 270, "texture": "#2"},
				"down": {"uv": [6, 0, 0, 0], "rotation": 90, "texture": "#2"}
			}
		},
		{
			"from": [14.3, -1, 11],
			"to": [14.3, 9, 17],
			"faces": {
				"north": {"uv": [0, 0, 0, 6], "texture": "#2"},
				"east": {"uv": [1.5, 3.25, 7.5, 13.25], "texture": "#2"},
				"south": {"uv": [0, 0, 0, 6], "texture": "#2"},
				"west": {"uv": [7.5, 3.25, 1.5, 13.25], "texture": "#2"},
				"up": {"uv": [6, 0, 0, 0], "rotation": 270, "texture": "#2"},
				"down": {"uv": [6, 0, 0, 0], "rotation": 90, "texture": "#2"}
			}
		},
		{
			"from": [14.3, -3, 6],
			"to": [14.3, 7, 12],
			"faces": {
				"north": {"uv": [0, 0, 0, 6], "texture": "#1"},
				"east": {"uv": [1.5, 3.25, 7.5, 13.25], "texture": "#1"},
				"south": {"uv": [0, 0, 0, 6], "texture": "#1"},
				"west": {"uv": [7.5, 3.25, 1.5, 13.25], "texture": "#1"},
				"up": {"uv": [6, 0, 0, 0], "rotation": 270, "texture": "#1"},
				"down": {"uv": [6, 0, 0, 0], "rotation": 90, "texture": "#1"}
			}
		},
		{
			"from": [14, 1, 3],
			"to": [15, 7, 7],
			"rotation": {"angle": 0, "axis": "y", "origin": [8, 10, 22.5]},
			"faces": {
				"north": {"uv": [4, 8.5, 7, 8], "rotation": 90, "texture": "#0"},
				"east": {"uv": [6, 5, 4, 8], "texture": "#0"},
				"south": {"uv": [4, 8.5, 7, 8], "rotation": 90, "texture": "#0"},
				"west": {"uv": [6, 5, 4, 8], "texture": "#0"},
				"up": {"uv": [6, 7.5, 6.5, 5.5], "texture": "#0"},
				"down": {"uv": [6.5, 5.5, 7, 7.5], "texture": "#0"}
			}
		},
		{
			"from": [7, 13, 1],
			"to": [9, 17, 3],
			"rotation": {"angle": 0, "axis": "y", "origin": [8, 15, 2]},
			"faces": {
				"north": {"uv": [6.5, 0, 7.5, 2], "texture": "#0"},
				"east": {"uv": [7.5, 0, 8.5, 2], "texture": "#0"},
				"south": {"uv": [11, 7.5, 12, 9.5], "texture": "#0"},
				"west": {"uv": [8.5, 0, 7.5, 2], "texture": "#0"},
				"up": {"uv": [15, 10.375, 16, 11.375], "texture": "#0"},
				"down": {"uv": [15, 10.375, 16, 11.375], "texture": "#0"}
			}
		},
		{
			"from": [7.1, 16.4, 0.4],
			"to": [8.9, 19.4, 2.4],
			"rotation": {"angle": 22.5, "axis": "x", "origin": [8, 15, 2]},
			"faces": {
				"north": {"uv": [10, 7.5, 11, 9], "texture": "#0"},
				"east": {"uv": [15, 4, 16, 5.5], "texture": "#0"},
				"south": {"uv": [15, 1, 16, 2.5], "texture": "#0"},
				"west": {"uv": [16, 4, 15, 5.5], "texture": "#0"},
				"up": {"uv": [15, 0, 16, 1], "texture": "#0"},
				"down": {"uv": [15, 0, 16, 1], "texture": "#0"}
			}
		},
		{
			"from": [7, 10.7, 3.2],
			"to": [9, 15.7, 9.2],
			"rotation": {"angle": -22.5, "axis": "x", "origin": [8, 15, 2]},
			"faces": {
				"north": {"uv": [9, 0.5, 10, 3], "texture": "#0"},
				"east": {"uv": [13, 11.375, 16, 13.875], "texture": "#0"},
				"south": {"uv": [9, 0.5, 10, 3], "texture": "#0"},
				"west": {"uv": [13, 11.375, 16, 13.875], "texture": "#0"},
				"up": {"uv": [12, 11.375, 13, 14.375], "texture": "#0"},
				"down": {"uv": [12, 11.375, 13, 14.375], "texture": "#0"}
			}
		},
		{
			"from": [7.1, 13.4, 8.5],
			"to": [8.9, 18.4, 14.5],
			"rotation": {"angle": 0, "axis": "y", "origin": [8, 15, 2]},
			"faces": {
				"north": {"uv": [13.5, 4.875, 14.375, 7.375], "texture": "#0"},
				"east": {"uv": [12.5, 7.375, 15.5, 9.875], "texture": "#0"},
				"south": {"uv": [13.5, 4.875, 14.375, 7.375], "texture": "#0"},
				"west": {"uv": [15.5, 7.375, 12.5, 9.875], "texture": "#0"},
				"up": {"uv": [13.5, 1.875, 14.375, 4.875], "texture": "#0"},
				"down": {"uv": [13.5, 1.875, 14.375, 4.875], "texture": "#0"}
			}
		},
		{
			"from": [9.9, 12.7, 2.1],
			"to": [13.9, 15.7, 3.1],
			"rotation": {"angle": -45, "axis": "z", "origin": [10, 17, 1.5]},
			"faces": {
				"north": {"uv": [13.5, 14.5, 11.5, 16], "texture": "#0"},
				"east": {"uv": [16, 14.5, 15.5, 16], "texture": "#0"},
				"south": {"uv": [15.5, 14.5, 13.5, 16], "texture": "#0"},
				"west": {"uv": [16, 14.5, 15.5, 16], "texture": "#0"},
				"up": {"uv": [15.5, 14, 13.5, 14.5], "texture": "#0"},
				"down": {"uv": [15.5, 14, 13.5, 14.5], "texture": "#0"}
			}
		},
		{
			"from": [2.1, 12.7, 2.1],
			"to": [6.1, 15.7, 3.1],
			"rotation": {"angle": 45, "axis": "z", "origin": [6, 17, 1.5]},
			"faces": {
				"north": {"uv": [11.5, 14.5, 13.5, 16], "texture": "#0"},
				"east": {"uv": [15.5, 14.5, 16, 16], "texture": "#0"},
				"south": {"uv": [13.5, 14.5, 15.5, 16], "texture": "#0"},
				"west": {"uv": [15.5, 14.5, 16, 16], "texture": "#0"},
				"up": {"uv": [13.5, 14, 15.5, 14.5], "texture": "#0"},
				"down": {"uv": [13.5, 14, 15.5, 14.5], "texture": "#0"}
			}
		}
	],
	"gui_light": "front",
	"display": {
		"thirdperson_righthand": {
			"rotation": [67.5, 0, 0],
			"translation": [0, 2, 0],
			"scale": [0.35, 0.35, 0.35]
		},
		"thirdperson_lefthand": {
			"rotation": [67.5, 0, 0],
			"translation": [0, 2, 0],
			"scale": [0.35, 0.35, 0.35]
		},
		"firstperson_righthand": {
			"translation": [1.5, 2.5, 0],
			"scale": [0.3418, 0.3418, 0.3418]
		},
		"firstperson_lefthand": {
			"translation": [1.5, 2.5, 0],
			"scale": [0.3418, 0.3418, 0.3418]
		},
		"ground": {
			"translation": [0, 6, 0],
			"scale": [0.5, 0.5, 0.5]
		},
		"gui": {
			"rotation": [30, -135, 0],
			"translation": [0.5, 0, 0],
			"scale": [0.59211, 0.59211, 0.59211]
		},
		"head": {
			"translation": [0, 3, -0.75],
			"scale": [1.3, 1.3, 1.3]
		},
		"fixed": {
			"rotation": [-90, 0, 0],
			"translation": [0, -1.25, -11.25],
			"scale": [1.6, 1.6, 1.6]
		}
	},
	"groups": [
		{
			"name": "group",
			"origin": [1, 16.5, 8],
			"color": 0,
			"children": [0, 1, 2, 3, 4, 5, 6, 7, 8, 9, 10, 11, 12, 13, 14, 15, 16, 17, 18, 19, 20, 21, 22, 23]
		}
	]
}