{
	"credit": "MadewithBlockbench",
	"texture_size": [32, 32],
	"textures": {
		"0": "devil_animated_weapon_set:hoetex",
		"1": "devil_animated_weapon_set:bloodline",
		"particle": "devil_animated_weapon_set:hoetex"
	},
	"elements": [
		{
			"from": [7.5, -7, 7.5],
			"to": [8.5, -1, 8.5],
			"rotation": {"angle": 0, "axis": "y", "origin": [8, -2.5, 8]},
			"faces": {
				"north": {"uv": [1, 10.25, 1.5, 13.25], "texture": "#0"},
				"east": {"uv": [1, 6.25, 1.5, 9.25], "texture": "#0"},
				"south": {"uv": [1, 10.25, 1.5, 13.25], "texture": "#0"},
				"west": {"uv": [1, 6.25, 1.5, 9.25], "texture": "#0"},
				"up": {"uv": [2, 12.875, 1.5, 12.375], "rotation": 90, "texture": "#0"},
				"down": {"uv": [2, 12.875, 1.5, 12.375], "rotation": 270, "texture": "#0"}
			}
		},
		{
			"from": [7.5, 3, 7.5],
			"to": [8.5, 11, 8.5],
			"rotation": {"angle": 0, "axis": "y", "origin": [8, 11.5, 8]},
			"faces": {
				"north": {"uv": [15.5, 8, 16, 4], "texture": "#0"},
				"east": {"uv": [15.5, 4, 16, 0], "texture": "#0"},
				"south": {"uv": [15.5, 8, 16, 4], "texture": "#0"},
				"west": {"uv": [15.5, 4, 16, 0], "texture": "#0"},
				"up": {"uv": [15.5, 8.5, 16, 8], "rotation": 270, "texture": "#0"},
				"down": {"uv": [15.5, 8.5, 16, 8], "rotation": 90, "texture": "#0"}
			}
		},
		{
			"from": [6.51543, 9.46543, 7],
			"to": [7.51543, 10.96543, 9],
			"rotation": {"angle": 0, "axis": "y", "origin": [7.225, 11.09043, 8]},
			"faces": {
				"north": {"uv": [3, 8.25, 3.5, 9], "texture": "#0"},
				"east": {"uv": [4.5, 8.25, 3.5, 9], "texture": "#0"},
				"south": {"uv": [3.5, 8.25, 3, 9], "texture": "#0"},
				"west": {"uv": [4.5, 8.25, 3.5, 9], "texture": "#0"},
				"up": {"uv": [3.5, 9, 3, 10], "rotation": 180, "texture": "#0"},
				"down": {"uv": [3.5, 9, 3, 10], "rotation": 180, "texture": "#0"}
			}
		},
		{
			"from": [6.15967, 10.29304, 7.5],
			"to": [7.15967, 11.79304, 8.5],
			"rotation": {"angle": -22.5, "axis": "z", "origin": [7.225, 11.09043, 8]},
			"faces": {
				"north": {"uv": [6.75, 2, 6.25, 2.75], "texture": "#0"},
				"east": {"uv": [7.25, 2, 6.75, 2.75], "texture": "#0"},
				"south": {"uv": [6.25, 2, 6.75, 2.75], "texture": "#0"},
				"west": {"uv": [7.25, 2, 6.75, 2.75], "texture": "#0"},
				"up": {"uv": [6.75, 2.75, 6.25, 3.25], "rotation": 180, "texture": "#0"},
				"down": {"uv": [6.75, 2.75, 6.25, 3.25], "rotation": 180, "texture": "#0"}
			}
		},
		{
			"from": [6.51543, 10.96543, 6.5],
			"to": [9.01543, 12.96543, 9.5],
			"rotation": {"angle": 0, "axis": "y", "origin": [7.225, 11.09043, 8]},
			"faces": {
				"north": {"uv": [4.25, 5.5, 3, 6.5], "texture": "#0"},
				"east": {"uv": [4.5, 4.5, 3, 5.5], "texture": "#0"},
				"south": {"uv": [3, 5.5, 4.25, 6.5], "texture": "#0"},
				"west": {"uv": [5.75, 7.25, 4.25, 8.25], "texture": "#0"},
				"up": {"uv": [4.25, 6.5, 3, 8], "rotation": 180, "texture": "#0"},
				"down": {"uv": [5.5, 5.5, 4.25, 7], "rotation": 180, "texture": "#0"}
			}
		},
		{
			"from": [0.9, 5.6, 7.5],
			"to": [2.9, 6.6, 8.5],
			"rotation": {"angle": -45, "axis": "z", "origin": [0.9, -1.4, 0]},
			"faces": {
				"north": {"uv": [0.5, 0, 1.5, 0.5], "texture": "#0"},
				"east": {"uv": [0, 0, 0.5, 0.5], "texture": "#0"},
				"south": {"uv": [1.5, 0, 0.5, 0.5], "texture": "#0"},
				"west": {"uv": [0, 0, 0.5, 0.5], "texture": "#0"},
				"up": {"uv": [0.5, 0.5, 1.5, 1], "texture": "#0"},
				"down": {"uv": [0.5, 1, 1.5, 1.5], "texture": "#0"}
			}
		},
		{
			"from": [4.5, 3.6, 7.7],
			"to": [6.5, 4.1, 8.2],
			"rotation": {"angle": 22.5, "axis": "z", "origin": [4.9, 2.85, 7.95]},
			"faces": {
				"north": {"uv": [1.25, 1.75, 2.25, 1.5], "texture": "#0"},
				"east": {"uv": [0, 1.75, 0.25, 1.5], "texture": "#0"},
				"south": {"uv": [2.25, 1.75, 1.25, 1.5], "texture": "#0"},
				"west": {"uv": [0, 1.75, 0.25, 1.5], "texture": "#0"},
				"up": {"uv": [2.25, 1.75, 3.25, 1.5], "texture": "#0"},
				"down": {"uv": [0.25, 1.75, 1.25, 1.5], "texture": "#0"}
			}
		},
		{
			"from": [2.1, 2.3, 7.6],
			"to": [3.1, 4.3, 8.4],
			"rotation": {"angle": 22.5, "axis": "z", "origin": [0.9, 12.6, 0]},
			"faces": {
				"north": {"uv": [4.5, 0.5, 3.5, 1], "rotation": 270, "texture": "#0"},
				"east": {"uv": [5, 0, 4, 0.5], "rotation": 90, "texture": "#0"},
				"south": {"uv": [3.5, 0.5, 4.5, 1], "rotation": 90, "texture": "#0"},
				"west": {"uv": [4.5, 1, 3.5, 1.5], "rotation": 90, "texture": "#0"},
				"up": {"uv": [4, 0, 3.5, 0.5], "rotation": 90, "texture": "#0"},
				"down": {"uv": [4, 0, 3.5, 0.5], "rotation": 90, "texture": "#0"}
			}
		},
		{
			"from": [4, 6.1, 7.7],
			"to": [6, 6.6, 8.2],
			"rotation": {"angle": 0, "axis": "y", "origin": [0.9, -1.4, 0]},
			"faces": {
				"north": {"uv": [1.25, 1.5, 2.25, 1.75], "texture": "#0"},
				"east": {"uv": [0, 1.5, 0.25, 1.75], "texture": "#0"},
				"south": {"uv": [2.25, 1.5, 1.25, 1.75], "texture": "#0"},
				"west": {"uv": [0, 1.5, 0.25, 1.75], "texture": "#0"},
				"up": {"uv": [0.25, 1.5, 1.25, 1.75], "texture": "#0"},
				"down": {"uv": [2.25, 1.5, 3.25, 1.75], "texture": "#0"}
			}
		},
		{
			"from": [5.1, 5.4, 7.5],
			"to": [6.1, 7.4, 8.5],
			"rotation": {"angle": 0, "axis": "y", "origin": [0.9, -1.4, 0]},
			"faces": {
				"north": {"uv": [2.5, 0, 3.5, 0.5], "rotation": 270, "texture": "#0"},
				"east": {"uv": [2.5, 1, 3.5, 1.5], "rotation": 90, "texture": "#0"},
				"south": {"uv": [3.5, 0, 2.5, 0.5], "rotation": 90, "texture": "#0"},
				"west": {"uv": [2.5, 0.5, 3.5, 1], "rotation": 90, "texture": "#0"},
				"up": {"uv": [0, 1, 0.5, 1.5], "rotation": 90, "texture": "#0"},
				"down": {"uv": [0, 1, 0.5, 1.5], "rotation": 90, "texture": "#0"}
			}
		},
		{
			"from": [1.4, 8.3, 7.6],
			"to": [2.4, 10.3, 8.4],
			"rotation": {"angle": -22.5, "axis": "z", "origin": [0.9, -1.4, 0]},
			"faces": {
				"north": {"uv": [3.5, 0.5, 4.5, 1], "rotation": 270, "texture": "#0"},
				"east": {"uv": [4, 0, 5, 0.5], "rotation": 90, "texture": "#0"},
				"south": {"uv": [3, 10, 2.5, 11], "texture": "#0"},
				"west": {"uv": [3.5, 1, 4.5, 1.5], "rotation": 90, "texture": "#0"},
				"up": {"uv": [3.5, 0, 4, 0.5], "rotation": 90, "texture": "#0"},
				"down": {"uv": [3.5, 0, 4, 0.5], "rotation": 90, "texture": "#0"}
			}
		},
		{
			"from": [3.5, 8.1, 7.7],
			"to": [5.5, 8.6, 8.2],
			"rotation": {"angle": -22.5, "axis": "z", "origin": [4.9, 8.35, 7.95]},
			"faces": {
				"north": {"uv": [1.25, 1.5, 2.25, 1.75], "texture": "#0"},
				"east": {"uv": [0, 1.5, 0.25, 1.75], "texture": "#0"},
				"south": {"uv": [2.25, 1.5, 1.25, 1.75], "texture": "#0"},
				"west": {"uv": [0, 1.5, 0.25, 1.75], "texture": "#0"},
				"up": {"uv": [0.25, 1.5, 1.25, 1.75], "texture": "#0"},
				"down": {"uv": [2.25, 1.5, 3.25, 1.75], "texture": "#0"}
			}
		},
		{
			"from": [6.65, 7.75, 7.7],
			"to": [7.15, 9.75, 8.2],
			"rotation": {"angle": 45, "axis": "z", "origin": [4.9, 8.35, 7.95]},
			"faces": {
				"north": {"uv": [1.25, 1.5, 2.25, 1.75], "rotation": 270, "texture": "#0"},
				"east": {"uv": [0.25, 1.5, 1.25, 1.75], "rotation": 90, "texture": "#0"},
				"south": {"uv": [2.25, 1.5, 1.25, 1.75], "rotation": 90, "texture": "#0"},
				"west": {"uv": [2.25, 1.5, 3.25, 1.75], "rotation": 90, "texture": "#0"},
				"up": {"uv": [0, 1.5, 0.25, 1.75], "rotation": 90, "texture": "#0"},
				"down": {"uv": [0, 1.5, 0.25, 1.75], "rotation": 90, "texture": "#0"}
			}
		},
		{
			"from": [-3.1, 9.5, 7.5],
			"to": [-2.1, 12, 8.5],
			"rotation": {"angle": -45, "axis": "z", "origin": [0.9, -1.4, 0]},
			"faces": {
				"north": {"uv": [5, 0, 6.25, 0.5], "rotation": 270, "texture": "#0"},
				"east": {"uv": [4.5, 1, 5.75, 1.5], "rotation": 90, "texture": "#0"},
				"south": {"uv": [6.25, 0, 5, 0.5], "rotation": 90, "texture": "#0"},
				"west": {"uv": [4.5, 0.5, 5.75, 1], "rotation": 90, "texture": "#0"},
				"up": {"uv": [5.75, 1, 6.25, 1.5], "rotation": 90, "texture": "#0"},
				"down": {"uv": [5.75, 0.5, 6.25, 1], "rotation": 90, "texture": "#0"}
			}
		},
		{
			"from": [8.5, 11, 5],
			"to": [10.5, 13, 7],
			"rotation": {"angle": -45, "axis": "z", "origin": [7, 13, 8]},
			"faces": {
				"north": {"uv": [4.5, 9, 3.5, 10], "texture": "#0"},
				"east": {"uv": [6.5, 9.25, 5.5, 10.25], "rotation": 180, "texture": "#0"},
				"south": {"uv": [3.5, 10, 4.5, 9], "rotation": 90, "texture": "#0"},
				"west": {"uv": [4.5, 10.25, 5.5, 9.25], "rotation": 270, "texture": "#0"},
				"up": {"uv": [5.5, 10.25, 4.5, 9.25], "texture": "#0"},
				"down": {"uv": [6.5, 10.25, 5.5, 9.25], "rotation": 270, "texture": "#0"}
			}
		},
		{
			"from": [8.5, 11, 9],
			"to": [10.5, 13, 11],
			"rotation": {"angle": -45, "axis": "z", "origin": [7, 13, 8]},
			"faces": {
				"north": {"uv": [3.5, 9, 4.5, 10], "rotation": 90, "texture": "#0"},
				"east": {"uv": [5.5, 9.25, 6.5, 10.25], "rotation": 180, "texture": "#0"},
				"south": {"uv": [3.5, 9, 4.5, 10], "texture": "#0"},
				"west": {"uv": [4.5, 9.25, 5.5, 10.25], "rotation": 270, "texture": "#0"},
				"up": {"uv": [5.5, 9.25, 4.5, 10.25], "texture": "#0"},
				"down": {"uv": [5.5, 10.25, 6.5, 9.25], "rotation": 270, "texture": "#0"}
			}
		},
		{
			"from": [7.4, -9.5, 7.4],
			"to": [8.6, -7, 8.6],
			"rotation": {"angle": 0, "axis": "y", "origin": [8, -2.5, 8]},
			"faces": {
				"north": {"uv": [7.75, 2, 8.25, 3.25], "texture": "#0"},
				"east": {"uv": [7.25, 2, 7.75, 3.25], "texture": "#0"},
				"south": {"uv": [7.75, 2, 8.25, 3.25], "texture": "#0"},
				"west": {"uv": [7.25, 2, 7.75, 3.25], "texture": "#0"},
				"up": {"uv": [7.75, 3.75, 7.25, 3.25], "rotation": 90, "texture": "#0"},
				"down": {"uv": [7.75, 3.75, 7.25, 3.25], "rotation": 270, "texture": "#0"}
			}
		},
		{
			"from": [5.6, 0.8, 7],
			"to": [6.6, 2.8, 9],
			"rotation": {"angle": -22.5, "axis": "z", "origin": [3, -5, 8]},
			"faces": {
				"north": {"uv": [4.75, 1.5, 5.25, 2.5], "texture": "#0"},
				"east": {"uv": [6.25, 2.5, 5.25, 3.5], "texture": "#0"},
				"south": {"uv": [5.25, 1.5, 4.75, 2.5], "texture": "#0"},
				"west": {"uv": [6.25, 1.5, 5.25, 2.5], "texture": "#0"},
				"up": {"uv": [4.75, 2.5, 4.25, 3.5], "rotation": 180, "texture": "#0"},
				"down": {"uv": [4.75, 1.5, 4.25, 2.5], "rotation": 180, "texture": "#0"}
			}
		},
		{
			"from": [7.5, -1, 7.5],
			"to": [8.5, 2, 8.5],
			"rotation": {"angle": 0, "axis": "y", "origin": [3, -5, 8]},
			"faces": {
				"north": {"uv": [5.25, 3.5, 5.75, 5], "texture": "#0"},
				"east": {"uv": [5.25, 2.5, 4.75, 4], "texture": "#0"},
				"south": {"uv": [5.75, 3.5, 5.25, 5], "texture": "#0"},
				"west": {"uv": [5.25, 2.5, 4.75, 4], "texture": "#0"},
				"up": {"uv": [4.75, 3.5, 4.25, 4], "rotation": 180, "texture": "#0"},
				"down": {"uv": [4.75, 3.5, 4.25, 4], "rotation": 180, "texture": "#0"}
			}
		},
		{
			"from": [7.4, 1.5, 7],
			"to": [9.4, 4, 9],
			"rotation": {"angle": -22.5, "axis": "z", "origin": [8, 3, 8]},
			"faces": {
				"north": {"uv": [14, 14.75, 15, 16], "texture": "#0"},
				"east": {"uv": [13, 14.75, 14, 16], "texture": "#0"},
				"south": {"uv": [15, 14.75, 14, 16], "texture": "#0"},
				"west": {"uv": [15, 13.5, 14, 14.75], "texture": "#0"},
				"up": {"uv": [16, 15, 15, 16], "rotation": 180, "texture": "#0"},
				"down": {"uv": [16, 14, 15, 15], "rotation": 180, "texture": "#0"}
			}
		},
		{
			"from": [7.3, 0.1, 7.4],
			"to": [8.3, 3.1, 8.6],
			"rotation": {"angle": 22.5, "axis": "z", "origin": [8, 1, 8]},
			"faces": {
				"north": {"uv": [5.75, 3.5, 6.25, 5], "texture": "#0"},
				"east": {"uv": [5.25, 4, 4.75, 5.5], "texture": "#0"},
				"south": {"uv": [6.25, 3.5, 5.75, 5], "texture": "#0"},
				"west": {"uv": [5.25, 4, 4.75, 5.5], "texture": "#0"},
				"up": {"uv": [5.75, 5, 5.25, 5.5], "rotation": 180, "texture": "#0"},
				"down": {"uv": [5.75, 5, 5.25, 5.5], "rotation": 180, "texture": "#0"}
			}
		},
		{
			"name": "g",
			"from": [7.5, 10.5, 5.9],
			"to": [13.5, 11, 10.1],
			"rotation": {"angle": 0, "axis": "y", "origin": [2.5, -3, 0]},
			"faces": {
				"north": {"uv": [12.75, 2, 13, 5], "rotation": 90, "texture": "#0"},
				"east": {"uv": [1.25, 9.25, 3.25, 9.5], "texture": "#0"},
				"south": {"uv": [12.75, 5, 13, 2], "rotation": 90, "texture": "#0"},
				"west": {"uv": [10.375, 9.375, 12.375, 9.625], "texture": "#0"},
				"up": {"uv": [10.75, 5, 12.75, 8], "rotation": 90, "texture": "#0"},
				"down": {"uv": [10.75, 2, 12.75, 5], "rotation": 90, "texture": "#0"}
			}
		},
		{
			"from": [13.3, 10.7, 6],
			"to": [15.8, 11.2, 10],
			"rotation": {"angle": -22.5, "axis": "z", "origin": [13, 10.75, 8]},
			"faces": {
				"north": {"uv": [9, 5.5, 10.25, 5.75], "texture": "#0"},
				"east": {"uv": [10.5, 3.5, 10.75, 5.5], "rotation": 90, "texture": "#0"},
				"south": {"uv": [10.25, 5.5, 9, 5.75], "texture": "#0"},
				"west": {"uv": [10.25, 3.5, 10.5, 5.5], "rotation": 90, "texture": "#0"},
				"up": {"uv": [9, 3.5, 10.25, 5.5], "texture": "#0"},
				"down": {"uv": [9, 5.75, 10.25, 7.75], "texture": "#0"}
			}
		},
		{
			"from": [15.3, 11.7, 6.1],
			"to": [16.8, 12.2, 9.9],
			"rotation": {"angle": -45, "axis": "z", "origin": [13, 10.75, 8]},
			"faces": {
				"north": {"uv": [10, 7.75, 9.25, 8], "texture": "#0"},
				"east": {"uv": [9, 7.75, 9.25, 9.75], "rotation": 90, "texture": "#0"},
				"south": {"uv": [9.25, 7.75, 10, 8], "texture": "#0"},
				"west": {"uv": [9, 7.75, 9.25, 9.75], "rotation": 90, "texture": "#0"},
				"up": {"uv": [8.25, 7.75, 9, 9.75], "texture": "#0"},
				"down": {"uv": [8.25, 9.75, 9, 11.75], "texture": "#0"}
			}
		},
		{
			"from": [4, 0.9, 7],
			"to": [5, 4.9, 9],
			"rotation": {"angle": -45, "axis": "z", "origin": [15, 0, 0]},
			"faces": {
				"north": {"uv": [6.25, 0, 6.75, 2], "texture": "#0"},
				"east": {"uv": [7.75, 0, 6.75, 2], "texture": "#0"},
				"south": {"uv": [6.75, 0, 6.25, 2], "texture": "#0"},
				"west": {"uv": [8.75, 0, 7.75, 2], "texture": "#0"},
				"up": {"uv": [8.25, 3.25, 7.75, 4.25], "texture": "#0"},
				"down": {"uv": [8.25, 3.25, 7.75, 4.25], "texture": "#0"}
			}
		},
		{
			"from": [3.5, -6, 8],
			"to": [13.5, 10, 8],
			"rotation": {"angle": 0, "axis": "y", "origin": [16, 0, 0]},
			"faces": {
				"north": {"uv": [13.25, 0, 3.25, 16], "texture": "#1"},
				"east": {"uv": [0, 0, 0, 16], "texture": "#1"},
				"south": {"uv": [3.25, 0, 13.25, 16], "texture": "#1"},
				"west": {"uv": [0, 0, 0, 16], "texture": "#1"},
				"up": {"uv": [7, 0, 0, 0], "texture": "#1"},
				"down": {"uv": [7, 0, 0, 0], "texture": "#1"}
			}
		}
	],
	"gui_light": "front",
	"display": {
		"thirdperson_righthand": {
			"rotation": [0, 90, 0],
			"translation": [0, 10.25, 1.75]
		},
		"thirdperson_lefthand": {
			"rotation": [0, -90, 0],
			"translation": [0, 10.25, 1.75]
		},
		"firstperson_righthand": {
			"rotation": [0, 90, 0],
			"translation": [3.75, 6.5, 0.5],
			"scale": [0.5, 0.5, 0.5]
		},
		"firstperson_lefthand": {
			"rotation": [0, -90, 0],
			"translation": [3.75, 6.5, 0.5],
			"scale": [0.5, 0.5, 0.5]
		},
		"ground": {
			"rotation": [0, 0, -45],
			"translation": [0, 9, 0],
			"scale": [0.6, 0.6, 0.6]
		},
		"gui": {
			"rotation": [-180, 0, -135],
			"translation": [3, 2.25, -2],
			"scale": [0.76344, 0.76344, 0.76344]
		},
		"head": {
			"translation": [0, -15.25, -0.5],
			"scale": [0, 0, 0]
		},
		"fixed": {
			"translation": [0.25, 12, -2],
			"scale": [2, 2, 2]
		}
	},
	"groups": [
		{
			"name": "group",
			"origin": [7, -8, 8],
			"color": 0,
			"children": [0, 1, 2, 3, 4, 5, 6, 7, 8, 9, 10, 11, 12, 13, 14, 15, 16, 17, 18, 19, 20]
		},
		21,
		22,
		23,
		24,
		25
	]
}