{
	"credit": "MadewithBlockbench",
	"texture_size": [32, 32],
	"textures": {
		"0": "devil_animated_weapon_set:keytex",
		"particle": "devil_animated_weapon_set:keytex"
	},
	"elements": [
		{
			"from": [7.4, -11.5, 7.4],
			"to": [8.6, -9, 8.6],
			"rotation": {"angle": 0, "axis": "y", "origin": [8, -2.5, 8]},
			"faces": {
				"north": {"uv": [7.25, 2, 7.75, 3.25], "texture": "#0"},
				"east": {"uv": [7.75, 2, 8.25, 3.25], "texture": "#0"},
				"south": {"uv": [7.25, 2, 7.75, 3.25], "texture": "#0"},
				"west": {"uv": [7.75, 2, 8.25, 3.25], "texture": "#0"},
				"up": {"uv": [7.75, 3.75, 7.25, 3.25], "texture": "#0"},
				"down": {"uv": [7.75, 3.75, 7.25, 3.25], "texture": "#0"}
			}
		},
		{
			"from": [5.6, -1.2, 7],
			"to": [6.6, 0.8, 9],
			"rotation": {"angle": -22.5, "axis": "z", "origin": [3, -7, 8]},
			"faces": {
				"north": {"uv": [4.75, 1.5, 5.25, 2.5], "texture": "#0"},
				"east": {"uv": [5.25, 2.5, 6.25, 3.5], "texture": "#0"},
				"south": {"uv": [5.25, 1.5, 4.75, 2.5], "texture": "#0"},
				"west": {"uv": [5.25, 1.5, 6.25, 2.5], "texture": "#0"},
				"up": {"uv": [4.25, 2.5, 4.75, 3.5], "texture": "#0"},
				"down": {"uv": [4.25, 1.5, 4.75, 2.5], "texture": "#0"}
			}
		},
		{
			"from": [7.5, -3, 7.5],
			"to": [8.5, 0, 8.5],
			"rotation": {"angle": 0, "axis": "y", "origin": [3, -7, 8]},
			"faces": {
				"north": {"uv": [5.25, 3.5, 5.75, 5], "texture": "#0"},
				"east": {"uv": [4.75, 2.5, 5.25, 4], "texture": "#0"},
				"south": {"uv": [5.75, 3.5, 5.25, 5], "texture": "#0"},
				"west": {"uv": [4.75, 2.5, 5.25, 4], "texture": "#0"},
				"up": {"uv": [4.25, 3.5, 4.75, 4], "texture": "#0"},
				"down": {"uv": [4.25, 3.5, 4.75, 4], "texture": "#0"}
			}
		},
		{
			"from": [7.5, -0.5, 7],
			"to": [9.5, 2, 9],
			"rotation": {"angle": -22.5, "axis": "z", "origin": [8, 1, 8]},
			"faces": {
				"north": {"uv": [14, 14.75, 15, 16], "texture": "#0"},
				"east": {"uv": [14, 14.75, 13, 16], "texture": "#0"},
				"south": {"uv": [15, 14.75, 14, 16], "texture": "#0"},
				"west": {"uv": [14, 13.5, 15, 14.75], "texture": "#0"},
				"up": {"uv": [15, 15, 16, 16], "texture": "#0"},
				"down": {"uv": [15, 14, 16, 15], "texture": "#0"}
			}
		},
		{
			"from": [7.3, -1.9, 7.4],
			"to": [8.3, 1.1, 8.6],
			"rotation": {"angle": 22.5, "axis": "z", "origin": [8, -1, 8]},
			"faces": {
				"north": {"uv": [5.75, 3.5, 6.25, 5], "texture": "#0"},
				"east": {"uv": [4.75, 4, 5.25, 5.5], "texture": "#0"},
				"south": {"uv": [6.25, 3.5, 5.75, 5], "texture": "#0"},
				"west": {"uv": [4.75, 4, 5.25, 5.5], "texture": "#0"},
				"up": {"uv": [5.25, 5, 5.75, 5.5], "texture": "#0"},
				"down": {"uv": [5.25, 5, 5.75, 5.5], "texture": "#0"}
			}
		},
		{
			"from": [7.5, -9.5, 7.5],
			"to": [8.5, -6.5, 8.5],
			"faces": {
				"north": {"uv": [1, 10.25, 1.5, 11.75], "texture": "#0"},
				"east": {"uv": [1, 10.25, 1.5, 11.75], "texture": "#0"},
				"south": {"uv": [1, 10.25, 1.5, 11.75], "texture": "#0"},
				"west": {"uv": [1, 10.25, 1.5, 11.75], "texture": "#0"},
				"up": {"uv": [1.625, 10.75, 2.125, 11.25], "texture": "#0"},
				"down": {"uv": [1.625, 10.75, 2.125, 11.25], "texture": "#0"}
			}
		},
		{
			"from": [21.5, -0.5, 7],
			"to": [23.5, 1.5, 9],
			"rotation": {"angle": -45, "axis": "z", "origin": [8, 15, 8]},
			"faces": {
				"north": {"uv": [3.5, 9, 4.5, 10], "rotation": 90, "texture": "#0"},
				"east": {"uv": [5.5, 9.25, 6.5, 10.25], "rotation": 180, "texture": "#0"},
				"south": {"uv": [3.5, 9, 4.5, 10], "texture": "#0"},
				"west": {"uv": [4.5, 9.25, 5.5, 10.25], "rotation": 270, "texture": "#0"},
				"up": {"uv": [5.5, 9.25, 4.5, 10.25], "texture": "#0"},
				"down": {"uv": [5.5, 9.25, 6.5, 10.25], "rotation": 270, "texture": "#0"}
			}
		},
		{
			"from": [7.5, -5.2, 5.1],
			"to": [8.5, -3.7, 6.1],
			"rotation": {"angle": 22.5, "axis": "x", "origin": [8, -4.75, 5]},
			"faces": {
				"north": {"uv": [6.75, 2, 7.25, 2.75], "texture": "#0"},
				"east": {"uv": [6.75, 2, 6.25, 2.75], "texture": "#0"},
				"south": {"uv": [6.75, 2, 7.25, 2.75], "texture": "#0"},
				"west": {"uv": [6.25, 2, 6.75, 2.75], "texture": "#0"},
				"up": {"uv": [6.25, 2.75, 6.75, 3.25], "rotation": 90, "texture": "#0"},
				"down": {"uv": [6.25, 2.75, 6.75, 3.25], "rotation": 270, "texture": "#0"}
			}
		},
		{
			"from": [7, -6.5, 5.5],
			"to": [9, -5, 6.5],
			"rotation": {"angle": 0, "axis": "y", "origin": [16, -10, 3]},
			"faces": {
				"north": {"uv": [3.5, 8.25, 4.5, 9], "texture": "#0"},
				"east": {"uv": [3, 8.25, 3.5, 9], "texture": "#0"},
				"south": {"uv": [3.5, 8.25, 4.5, 9], "texture": "#0"},
				"west": {"uv": [3.5, 8.25, 3, 9], "texture": "#0"},
				"up": {"uv": [3, 9, 3.5, 10], "rotation": 90, "texture": "#0"},
				"down": {"uv": [3, 9, 3.5, 10], "rotation": 270, "texture": "#0"}
			}
		},
		{
			"from": [6.5, -5, 5.5],
			"to": [9.5, -3, 8],
			"rotation": {"angle": 0, "axis": "y", "origin": [16, -10, 3]},
			"faces": {
				"north": {"uv": [4.25, 7.25, 5.75, 8.25], "texture": "#0"},
				"east": {"uv": [4.25, 5.5, 3, 6.5], "texture": "#0"},
				"south": {"uv": [3, 4.5, 4.5, 5.5], "texture": "#0"},
				"west": {"uv": [3, 5.5, 4.25, 6.5], "texture": "#0"},
				"up": {"uv": [3, 6.5, 4.25, 8], "rotation": 90, "texture": "#0"},
				"down": {"uv": [4.25, 5.5, 5.5, 7], "rotation": 270, "texture": "#0"}
			}
		},
		{
			"from": [6.5, -5, 8],
			"to": [9.5, -3, 10.5],
			"rotation": {"angle": 0, "axis": "y", "origin": [16, -10, 13]},
			"faces": {
				"north": {"uv": [4.5, 4.5, 3, 5.5], "texture": "#0"},
				"east": {"uv": [3, 5.5, 4.25, 6.5], "texture": "#0"},
				"south": {"uv": [5.75, 7.25, 4.25, 8.25], "texture": "#0"},
				"west": {"uv": [4.25, 5.5, 3, 6.5], "texture": "#0"},
				"up": {"uv": [4.25, 6.5, 3, 8], "rotation": 90, "texture": "#0"},
				"down": {"uv": [5.5, 5.5, 4.25, 7], "rotation": 270, "texture": "#0"}
			}
		},
		{
			"from": [7, -6.5, 9.5],
			"to": [9, -5, 10.5],
			"rotation": {"angle": 0, "axis": "y", "origin": [16, -10, 13]},
			"faces": {
				"north": {"uv": [4.5, 8.25, 3.5, 9], "texture": "#0"},
				"east": {"uv": [3.5, 8.25, 3, 9], "texture": "#0"},
				"south": {"uv": [4.5, 8.25, 3.5, 9], "texture": "#0"},
				"west": {"uv": [3, 8.25, 3.5, 9], "texture": "#0"},
				"up": {"uv": [3.5, 9, 3, 10], "rotation": 90, "texture": "#0"},
				"down": {"uv": [3.5, 9, 3, 10], "rotation": 270, "texture": "#0"}
			}
		},
		{
			"from": [7.5, -5.2, 9.9],
			"to": [8.5, -3.7, 10.9],
			"rotation": {"angle": -22.5, "axis": "x", "origin": [8, -4.75, 11]},
			"faces": {
				"north": {"uv": [7.25, 2, 6.75, 2.75], "texture": "#0"},
				"east": {"uv": [6.25, 2, 6.75, 2.75], "texture": "#0"},
				"south": {"uv": [7.25, 2, 6.75, 2.75], "texture": "#0"},
				"west": {"uv": [6.75, 2, 6.25, 2.75], "texture": "#0"},
				"up": {"uv": [6.75, 2.75, 6.25, 3.25], "rotation": 90, "texture": "#0"},
				"down": {"uv": [6.75, 2.75, 6.25, 3.25], "rotation": 270, "texture": "#0"}
			}
		},
		{
			"from": [8, 0, 7.5],
			"to": [12, 2, 8.5],
			"rotation": {"angle": 0, "axis": "y", "origin": [0, -2, 0]},
			"faces": {
				"north": {"uv": [11.25, 0, 9.25, 1], "texture": "#0"},
				"east": {"uv": [8.75, 1.5, 9.75, 2], "rotation": 90, "texture": "#0"},
				"south": {"uv": [9.25, 0, 11.25, 1], "texture": "#0"},
				"west": {"uv": [8.75, 1.5, 9.75, 2], "rotation": 90, "texture": "#0"},
				"up": {"uv": [8.75, 1, 10.75, 1.5], "texture": "#0"},
				"down": {"uv": [8.75, 1, 10.75, 1.5], "texture": "#0"}
			}
		},
		{
			"from": [8.5, -2, 7.5],
			"to": [11, -0.5, 8.5],
			"rotation": {"angle": 0, "axis": "y", "origin": [0, -2, 0]},
			"faces": {
				"north": {"uv": [10.5, 2, 9.25, 2.75], "texture": "#0"},
				"east": {"uv": [8.75, 2, 9.25, 2.75], "texture": "#0"},
				"south": {"uv": [9.25, 2, 10.5, 2.75], "texture": "#0"},
				"west": {"uv": [8.75, 2, 9.25, 2.75], "texture": "#0"},
				"up": {"uv": [9.75, 1.5, 11, 2], "texture": "#0"},
				"down": {"uv": [9.75, 1.5, 11, 2], "texture": "#0"}
			}
		},
		{
			"from": [7, -3.5, 7.7],
			"to": [9, -3, 8.2],
			"rotation": {"angle": -22.5, "axis": "z", "origin": [11.4, 0.75, 7.95]},
			"faces": {
				"north": {"uv": [2.25, 1.5, 1.25, 1.75], "rotation": 180, "texture": "#0"},
				"east": {"uv": [0.25, 1.5, 0, 1.75], "rotation": 180, "texture": "#0"},
				"south": {"uv": [1.25, 1.5, 2.25, 1.75], "rotation": 180, "texture": "#0"},
				"west": {"uv": [0.25, 1.5, 0, 1.75], "rotation": 180, "texture": "#0"},
				"up": {"uv": [3.25, 1.5, 2.25, 1.75], "rotation": 180, "texture": "#0"},
				"down": {"uv": [1.25, 1.5, 0.25, 1.75], "rotation": 180, "texture": "#0"}
			}
		},
		{
			"from": [5, -4, 7.7],
			"to": [7, -3.5, 8.2],
			"rotation": {"angle": 0, "axis": "y", "origin": [11.4, 0.75, 7.95]},
			"faces": {
				"north": {"uv": [2.25, 1.5, 1.25, 1.75], "rotation": 180, "texture": "#0"},
				"east": {"uv": [0.25, 1.5, 0, 1.75], "rotation": 180, "texture": "#0"},
				"south": {"uv": [1.25, 1.5, 2.25, 1.75], "rotation": 180, "texture": "#0"},
				"west": {"uv": [0.25, 1.5, 0, 1.75], "rotation": 180, "texture": "#0"},
				"up": {"uv": [3.25, 1.5, 2.25, 1.75], "rotation": 180, "texture": "#0"},
				"down": {"uv": [1.25, 1.5, 0.25, 1.75], "rotation": 180, "texture": "#0"}
			}
		},
		{
			"from": [8, 2, 8],
			"to": [10, 5, 8],
			"faces": {
				"north": {"uv": [4.875, 10.5, 5.875, 12], "texture": "#0"},
				"east": {"uv": [0, 0, 0, 1.5], "texture": "#0"},
				"south": {"uv": [5.875, 10.5, 4.875, 12], "texture": "#0"},
				"west": {"uv": [0, 0, 0, 1.5], "texture": "#0"},
				"up": {"uv": [0, 0, 1, 0], "texture": "#0"},
				"down": {"uv": [0, 0, 1, 0], "texture": "#0"}
			}
		},
		{
			"from": [5, -4.7, 8],
			"to": [7, -2.7, 8],
			"rotation": {"angle": 45, "axis": "z", "origin": [0, 0, 0]},
			"faces": {
				"north": {"uv": [3, 11, 4, 12], "texture": "#0"},
				"east": {"uv": [0, 0, 0, 1.5], "texture": "#0"},
				"south": {"uv": [4, 11, 3, 12], "texture": "#0"},
				"west": {"uv": [0, 0, 0, 1.5], "texture": "#0"},
				"up": {"uv": [0, 0, 1, 0], "texture": "#0"},
				"down": {"uv": [0, 0, 1, 0], "texture": "#0"}
			}
		}
	],
	"gui_light": "front",
	"display": {
		"thirdperson_righthand": {
			"rotation": [-112.5, -90, 90],
			"translation": [0, -4, 2],
			"scale": [0.6, 0.6, 0.6]
		},
		"thirdperson_lefthand": {
			"rotation": [157.5, 90, 0],
			"translation": [0, -4, 2],
			"scale": [0.6, 0.6, 0.6]
		},
		"firstperson_righthand": {
			"rotation": [90, -90, 0],
			"translation": [1, 3.75, 7.5],
			"scale": [0.5, 0.5, 0.5]
		},
		"firstperson_lefthand": {
			"rotation": [90, 90, 0],
			"translation": [1, 3.75, 7.5],
			"scale": [0.5, 0.5, 0.5]
		},
		"ground": {
			"translation": [0, 13, 0],
			"scale": [0.7, 0.7, 0.7]
		},
		"gui": {
			"translation": [0.25, 11.5, -2],
			"scale": [0.98438, 0.98438, 0.98438]
		},
		"head": {
			"translation": [0, -15.25, -0.5],
			"scale": [0, 0, 0]
		},
		"fixed": {
			"translation": [0, 23.5, -2],
			"scale": [2, 2, 2]
		}
	},
	"groups": [
		{
			"name": "group",
			"origin": [7, -8, 8],
			"color": 0,
			"children": [0, 1, 2, 3, 4, 5]
		},
		6,
		7,
		8,
		9,
		10,
		11,
		12,
		13,
		14,
		15,
		16,
		17,
		18
	]
}