{
	"credit": "MadewithBlockbench",
	"texture_size": [32, 32],
	"textures": {
		"0": "devil_animated_weapon_set:pickaxetex",
		"1": "devil_animated_weapon_set:bloodrain1",
		"2": "devil_animated_weapon_set:bloodrain2",
		"particle": "devil_animated_weapon_set:pickaxetex"
	},
	"elements": [
		{
			"from": [7.5, -7, 7.5],
			"to": [8.5, 1, 8.5],
			"rotation": {"angle": 0, "axis": "y", "origin": [8, -2.5, 8]},
			"faces": {
				"north": {"uv": [1, 10.25, 1.5, 14.25], "texture": "#0"},
				"east": {"uv": [1, 6.25, 1.5, 10.25], "texture": "#0"},
				"south": {"uv": [1, 10.25, 1.5, 14.25], "texture": "#0"},
				"west": {"uv": [1, 6.25, 1.5, 10.25], "texture": "#0"},
				"up": {"uv": [2, 12.875, 1.5, 12.375], "rotation": 90, "texture": "#0"},
				"down": {"uv": [2, 12.875, 1.5, 12.375], "rotation": 270, "texture": "#0"}
			}
		},
		{
			"from": [7.5, 1, 7.5],
			"to": [8.5, 9, 8.5],
			"rotation": {"angle": 0, "axis": "y", "origin": [8, 13.5, 8]},
			"faces": {
				"north": {"uv": [15.5, 8, 16, 4], "texture": "#0"},
				"east": {"uv": [15.5, 4, 16, 0], "texture": "#0"},
				"south": {"uv": [15.5, 8, 16, 4], "texture": "#0"},
				"west": {"uv": [15.5, 4, 16, 0], "texture": "#0"},
				"up": {"uv": [15.5, 8.5, 16, 8], "rotation": 270, "texture": "#0"},
				"down": {"uv": [15.5, 8.5, 16, 8], "rotation": 90, "texture": "#0"}
			}
		},
		{
			"from": [15.5, 5.5, 7],
			"to": [17.5, 7.5, 9],
			"rotation": {"angle": -45, "axis": "z", "origin": [8, 15, 8]},
			"faces": {
				"north": {"uv": [3.5, 9, 4.5, 10], "rotation": 90, "texture": "#0"},
				"east": {"uv": [5.5, 9.25, 6.5, 10.25], "rotation": 180, "texture": "#0"},
				"south": {"uv": [3.5, 9, 4.5, 10], "texture": "#0"},
				"west": {"uv": [4.5, 9.25, 5.5, 10.25], "rotation": 270, "texture": "#0"},
				"up": {"uv": [5.5, 9.25, 4.5, 10.25], "texture": "#0"},
				"down": {"uv": [5.5, 9.25, 6.5, 10.25], "rotation": 270, "texture": "#0"}
			}
		},
		{
			"from": [7.2, -9.8, 7.6],
			"to": [8.2, -7.8, 8.4],
			"rotation": {"angle": -22.5, "axis": "z", "origin": [15.4, -9, 0]},
			"faces": {
				"north": {"uv": [2.5, 0.5, 1.5, 0], "rotation": 270, "texture": "#0"},
				"east": {"uv": [1.5, 1.5, 2.5, 1], "rotation": 90, "texture": "#0"},
				"south": {"uv": [1.5, 0.5, 2.5, 0], "rotation": 90, "texture": "#0"},
				"west": {"uv": [1.5, 1, 2.5, 0.5], "rotation": 90, "texture": "#0"},
				"up": {"uv": [0, 1, 0.5, 0.5], "rotation": 90, "texture": "#0"},
				"down": {"uv": [0, 1, 0.5, 0.5], "rotation": 90, "texture": "#0"}
			}
		},
		{
			"from": [13.4, -2, 7.5],
			"to": [15.4, -1, 8.5],
			"rotation": {"angle": 45, "axis": "z", "origin": [15.4, -9, 0]},
			"faces": {
				"north": {"uv": [1.5, 0, 0.5, 0.5], "texture": "#0"},
				"east": {"uv": [0.5, 0, 0, 0.5], "texture": "#0"},
				"south": {"uv": [0.5, 0, 1.5, 0.5], "texture": "#0"},
				"west": {"uv": [0.5, 0, 0, 0.5], "texture": "#0"},
				"up": {"uv": [1.5, 0.5, 0.5, 1], "texture": "#0"},
				"down": {"uv": [1.5, 1, 0.5, 1.5], "texture": "#0"}
			}
		},
		{
			"from": [13.2, -5.3, 7.6],
			"to": [14.2, -3.3, 8.4],
			"rotation": {"angle": -22.5, "axis": "z", "origin": [15.4, 5, 0]},
			"faces": {
				"north": {"uv": [4.5, 1, 3.5, 0.5], "rotation": 270, "texture": "#0"},
				"east": {"uv": [4.5, 1.5, 3.5, 1], "rotation": 90, "texture": "#0"},
				"south": {"uv": [3.5, 1, 4.5, 0.5], "rotation": 90, "texture": "#0"},
				"west": {"uv": [5, 0.5, 4, 0], "rotation": 90, "texture": "#0"},
				"up": {"uv": [4, 0.5, 3.5, 0], "rotation": 90, "texture": "#0"},
				"down": {"uv": [4, 0.5, 3.5, 0], "rotation": 90, "texture": "#0"}
			}
		},
		{
			"from": [9.8, -4, 7.7],
			"to": [11.8, -3.5, 8.2],
			"rotation": {"angle": -22.5, "axis": "z", "origin": [11.4, -4.75, 7.95]},
			"faces": {
				"north": {"uv": [2.25, 1.75, 1.25, 1.5], "texture": "#0"},
				"east": {"uv": [0.25, 1.75, 0, 1.5], "texture": "#0"},
				"south": {"uv": [1.25, 1.75, 2.25, 1.5], "texture": "#0"},
				"west": {"uv": [0.25, 1.75, 0, 1.5], "texture": "#0"},
				"up": {"uv": [3.25, 1.75, 2.25, 1.5], "texture": "#0"},
				"down": {"uv": [1.25, 1.75, 0.25, 1.5], "texture": "#0"}
			}
		},
		{
			"from": [10.3, -1.5, 7.7],
			"to": [12.3, -1, 8.2],
			"rotation": {"angle": 0, "axis": "y", "origin": [15.4, -9, 0]},
			"faces": {
				"north": {"uv": [2.25, 1.5, 1.25, 1.75], "texture": "#0"},
				"east": {"uv": [0.25, 1.5, 0, 1.75], "texture": "#0"},
				"south": {"uv": [1.25, 1.5, 2.25, 1.75], "texture": "#0"},
				"west": {"uv": [0.25, 1.5, 0, 1.75], "texture": "#0"},
				"up": {"uv": [1.25, 1.5, 0.25, 1.75], "texture": "#0"},
				"down": {"uv": [3.25, 1.5, 2.25, 1.75], "texture": "#0"}
			}
		},
		{
			"from": [13.9, 0.7, 7.6],
			"to": [14.9, 2.7, 8.4],
			"rotation": {"angle": 22.5, "axis": "z", "origin": [15.4, -9, 0]},
			"faces": {
				"north": {"uv": [3.5, 1, 4.5, 0.5], "rotation": 270, "texture": "#0"},
				"east": {"uv": [3.5, 1.5, 4.5, 1], "rotation": 90, "texture": "#0"},
				"south": {"uv": [2.5, 10, 3, 11], "texture": "#0"},
				"west": {"uv": [4, 0.5, 5, 0], "rotation": 90, "texture": "#0"},
				"up": {"uv": [3.5, 0.5, 4, 0], "rotation": 90, "texture": "#0"},
				"down": {"uv": [3.5, 0.5, 4, 0], "rotation": 90, "texture": "#0"}
			}
		},
		{
			"from": [10.2, -2.2, 7.5],
			"to": [11.2, -0.2, 8.5],
			"rotation": {"angle": 0, "axis": "y", "origin": [15.4, -9, 0]},
			"faces": {
				"north": {"uv": [2.5, 0.5, 3.5, 0], "rotation": 270, "texture": "#0"},
				"east": {"uv": [2.5, 1, 3.5, 0.5], "rotation": 90, "texture": "#0"},
				"south": {"uv": [3.5, 0.5, 2.5, 0], "rotation": 90, "texture": "#0"},
				"west": {"uv": [2.5, 1.5, 3.5, 1], "rotation": 90, "texture": "#0"},
				"up": {"uv": [0, 1.5, 0.5, 1], "rotation": 90, "texture": "#0"},
				"down": {"uv": [0, 1.5, 0.5, 1], "rotation": 90, "texture": "#0"}
			}
		},
		{
			"from": [10.8, 0.5, 7.7],
			"to": [12.8, 1, 8.2],
			"rotation": {"angle": 22.5, "axis": "z", "origin": [11.4, 0.75, 7.95]},
			"faces": {
				"north": {"uv": [2.25, 1.5, 1.25, 1.75], "texture": "#0"},
				"east": {"uv": [0.25, 1.5, 0, 1.75], "texture": "#0"},
				"south": {"uv": [1.25, 1.5, 2.25, 1.75], "texture": "#0"},
				"west": {"uv": [0.25, 1.5, 0, 1.75], "texture": "#0"},
				"up": {"uv": [1.25, 1.5, 0.25, 1.75], "texture": "#0"},
				"down": {"uv": [3.25, 1.5, 2.25, 1.75], "texture": "#0"}
			}
		},
		{
			"from": [18.4, 1.9, 7.5],
			"to": [19.4, 4.4, 8.5],
			"rotation": {"angle": 45, "axis": "z", "origin": [15.4, -9, 0]},
			"faces": {
				"north": {"uv": [5, 0.5, 6.25, 0], "rotation": 270, "texture": "#0"},
				"east": {"uv": [4.5, 1, 5.75, 0.5], "rotation": 90, "texture": "#0"},
				"south": {"uv": [6.25, 0.5, 5, 0], "rotation": 90, "texture": "#0"},
				"west": {"uv": [4.5, 1.5, 5.75, 1], "rotation": 90, "texture": "#0"},
				"up": {"uv": [5.75, 1.5, 6.25, 1], "rotation": 90, "texture": "#0"},
				"down": {"uv": [5.75, 1, 6.25, 0.5], "rotation": 90, "texture": "#0"}
			}
		},
		{
			"from": [9, 0, 8],
			"to": [15, 10, 8],
			"rotation": {"angle": 0, "axis": "y", "origin": [13, 12, 5]},
			"faces": {
				"north": {"uv": [1.5, 3.25, 7.5, 13.25], "texture": "#1"},
				"east": {"uv": [0, 0, 0, 6], "texture": "#1"},
				"south": {"uv": [7.5, 3.25, 1.5, 13.25], "texture": "#1"},
				"west": {"uv": [0, 0, 0, 6], "texture": "#1"},
				"up": {"uv": [0, 0, 6, 0], "texture": "#1"},
				"down": {"uv": [0, 0, 6, 0], "texture": "#1"}
			}
		},
		{
			"from": [1, 0, 8],
			"to": [7, 10, 8],
			"rotation": {"angle": 0, "axis": "y", "origin": [3, 12, 5]},
			"faces": {
				"north": {"uv": [7.5, 3.25, 1.5, 13.25], "texture": "#2"},
				"east": {"uv": [0, 0, 0, 6], "texture": "#2"},
				"south": {"uv": [1.5, 3.25, 7.5, 13.25], "texture": "#2"},
				"west": {"uv": [0, 0, 0, 6], "texture": "#2"},
				"up": {"uv": [6, 0, 0, 0], "texture": "#2"},
				"down": {"uv": [6, 0, 0, 0], "texture": "#2"}
			}
		},
		{
			"from": [-3.4, 1.9, 7.5],
			"to": [-2.4, 4.4, 8.5],
			"rotation": {"angle": -45, "axis": "z", "origin": [0.6, -9, 0]},
			"faces": {
				"north": {"uv": [5, 0, 6.25, 0.5], "rotation": 270, "texture": "#0"},
				"east": {"uv": [4.5, 1, 5.75, 1.5], "rotation": 90, "texture": "#0"},
				"south": {"uv": [6.25, 0, 5, 0.5], "rotation": 90, "texture": "#0"},
				"west": {"uv": [4.5, 0.5, 5.75, 1], "rotation": 90, "texture": "#0"},
				"up": {"uv": [5.75, 1, 6.25, 1.5], "rotation": 90, "texture": "#0"},
				"down": {"uv": [5.75, 0.5, 6.25, 1], "rotation": 90, "texture": "#0"}
			}
		},
		{
			"from": [3.2, 0.5, 7.7],
			"to": [5.2, 1, 8.2],
			"rotation": {"angle": -22.5, "axis": "z", "origin": [4.6, 0.75, 7.95]},
			"faces": {
				"north": {"uv": [1.25, 1.5, 2.25, 1.75], "texture": "#0"},
				"east": {"uv": [0, 1.5, 0.25, 1.75], "texture": "#0"},
				"south": {"uv": [2.25, 1.5, 1.25, 1.75], "texture": "#0"},
				"west": {"uv": [0, 1.5, 0.25, 1.75], "texture": "#0"},
				"up": {"uv": [0.25, 1.5, 1.25, 1.75], "texture": "#0"},
				"down": {"uv": [2.25, 1.5, 3.25, 1.75], "texture": "#0"}
			}
		},
		{
			"from": [4.8, -2.2, 7.5],
			"to": [5.8, -0.2, 8.5],
			"rotation": {"angle": 0, "axis": "y", "origin": [0.6, -9, 0]},
			"faces": {
				"north": {"uv": [2.5, 0, 3.5, 0.5], "rotation": 270, "texture": "#0"},
				"east": {"uv": [2.5, 1, 3.5, 1.5], "rotation": 90, "texture": "#0"},
				"south": {"uv": [3.5, 0, 2.5, 0.5], "rotation": 90, "texture": "#0"},
				"west": {"uv": [2.5, 0.5, 3.5, 1], "rotation": 90, "texture": "#0"},
				"up": {"uv": [0, 1, 0.5, 1.5], "rotation": 90, "texture": "#0"},
				"down": {"uv": [0, 1, 0.5, 1.5], "rotation": 90, "texture": "#0"}
			}
		},
		{
			"from": [1.1, 0.7, 7.6],
			"to": [2.1, 2.7, 8.4],
			"rotation": {"angle": -22.5, "axis": "z", "origin": [0.6, -9, 0]},
			"faces": {
				"north": {"uv": [3.5, 0.5, 4.5, 1], "rotation": 270, "texture": "#0"},
				"east": {"uv": [4, 0, 5, 0.5], "rotation": 90, "texture": "#0"},
				"south": {"uv": [3, 10, 2.5, 11], "texture": "#0"},
				"west": {"uv": [3.5, 1, 4.5, 1.5], "rotation": 90, "texture": "#0"},
				"up": {"uv": [3.5, 0, 4, 0.5], "rotation": 90, "texture": "#0"},
				"down": {"uv": [3.5, 0, 4, 0.5], "rotation": 90, "texture": "#0"}
			}
		},
		{
			"from": [3.7, -1.5, 7.7],
			"to": [5.7, -1, 8.2],
			"rotation": {"angle": 0, "axis": "y", "origin": [0.6, -9, 0]},
			"faces": {
				"north": {"uv": [1.25, 1.5, 2.25, 1.75], "texture": "#0"},
				"east": {"uv": [0, 1.5, 0.25, 1.75], "texture": "#0"},
				"south": {"uv": [2.25, 1.5, 1.25, 1.75], "texture": "#0"},
				"west": {"uv": [0, 1.5, 0.25, 1.75], "texture": "#0"},
				"up": {"uv": [0.25, 1.5, 1.25, 1.75], "texture": "#0"},
				"down": {"uv": [2.25, 1.5, 3.25, 1.75], "texture": "#0"}
			}
		},
		{
			"from": [4.2, -4, 7.7],
			"to": [6.2, -3.5, 8.2],
			"rotation": {"angle": 22.5, "axis": "z", "origin": [4.6, -4.75, 7.95]},
			"faces": {
				"north": {"uv": [1.25, 1.75, 2.25, 1.5], "texture": "#0"},
				"east": {"uv": [0, 1.75, 0.25, 1.5], "texture": "#0"},
				"south": {"uv": [2.25, 1.75, 1.25, 1.5], "texture": "#0"},
				"west": {"uv": [0, 1.75, 0.25, 1.5], "texture": "#0"},
				"up": {"uv": [2.25, 1.75, 3.25, 1.5], "texture": "#0"},
				"down": {"uv": [0.25, 1.75, 1.25, 1.5], "texture": "#0"}
			}
		},
		{
			"from": [1.8, -5.3, 7.6],
			"to": [2.8, -3.3, 8.4],
			"rotation": {"angle": 22.5, "axis": "z", "origin": [0.6, 5, 0]},
			"faces": {
				"north": {"uv": [4.5, 0.5, 3.5, 1], "rotation": 270, "texture": "#0"},
				"east": {"uv": [5, 0, 4, 0.5], "rotation": 90, "texture": "#0"},
				"south": {"uv": [3.5, 0.5, 4.5, 1], "rotation": 90, "texture": "#0"},
				"west": {"uv": [4.5, 1, 3.5, 1.5], "rotation": 90, "texture": "#0"},
				"up": {"uv": [4, 0, 3.5, 0.5], "rotation": 90, "texture": "#0"},
				"down": {"uv": [4, 0, 3.5, 0.5], "rotation": 90, "texture": "#0"}
			}
		},
		{
			"from": [0.6, -2, 7.5],
			"to": [2.6, -1, 8.5],
			"rotation": {"angle": -45, "axis": "z", "origin": [0.6, -9, 0]},
			"faces": {
				"north": {"uv": [0.5, 0, 1.5, 0.5], "texture": "#0"},
				"east": {"uv": [0, 0, 0.5, 0.5], "texture": "#0"},
				"south": {"uv": [1.5, 0, 0.5, 0.5], "texture": "#0"},
				"west": {"uv": [0, 0, 0.5, 0.5], "texture": "#0"},
				"up": {"uv": [0.5, 0.5, 1.5, 1], "texture": "#0"},
				"down": {"uv": [0.5, 1, 1.5, 1.5], "texture": "#0"}
			}
		},
		{
			"from": [7.8, -9.8, 7.6],
			"to": [8.8, -7.8, 8.4],
			"rotation": {"angle": 22.5, "axis": "z", "origin": [0.6, -9, 0]},
			"faces": {
				"north": {"uv": [2.5, 0, 1.5, 0.5], "rotation": 270, "texture": "#0"},
				"east": {"uv": [1.5, 0.5, 2.5, 1], "rotation": 90, "texture": "#0"},
				"south": {"uv": [1.5, 0, 2.5, 0.5], "rotation": 90, "texture": "#0"},
				"west": {"uv": [1.5, 1, 2.5, 1.5], "rotation": 90, "texture": "#0"},
				"up": {"uv": [0, 0.5, 0.5, 1], "rotation": 90, "texture": "#0"},
				"down": {"uv": [0, 0.5, 0.5, 1], "rotation": 90, "texture": "#0"}
			}
		},
		{
			"from": [4.3, 1.1, 7],
			"to": [5.3, 5.1, 9],
			"rotation": {"angle": -45, "axis": "z", "origin": [15, 0, 0]},
			"faces": {
				"north": {"uv": [6.25, 0, 6.75, 2], "texture": "#0"},
				"east": {"uv": [7.75, 0, 6.75, 2], "texture": "#0"},
				"south": {"uv": [6.75, 0, 6.25, 2], "texture": "#0"},
				"west": {"uv": [8.75, 0, 7.75, 2], "texture": "#0"},
				"up": {"uv": [8.25, 4.25, 7.75, 5.25], "texture": "#0"},
				"down": {"uv": [8.25, 4.25, 7.75, 5.25], "texture": "#0"}
			}
		},
		{
			"from": [10.7, 1.1, 7],
			"to": [11.7, 5.1, 9],
			"rotation": {"angle": 45, "axis": "z", "origin": [1, 0, 0]},
			"faces": {
				"north": {"uv": [6.75, 0, 6.25, 2], "texture": "#0"},
				"east": {"uv": [7.75, 0, 8.75, 2], "texture": "#0"},
				"south": {"uv": [6.25, 0, 6.75, 2], "texture": "#0"},
				"west": {"uv": [6.75, 0, 7.75, 2], "texture": "#0"},
				"up": {"uv": [7.75, 4.25, 8.25, 5.25], "texture": "#0"},
				"down": {"uv": [7.75, 4.25, 8.25, 5.25], "texture": "#0"}
			}
		},
		{
			"from": [7.4, -9.5, 7.4],
			"to": [8.6, -7, 8.6],
			"rotation": {"angle": 0, "axis": "y", "origin": [8, -2.5, 8]},
			"faces": {
				"north": {"uv": [7.75, 2, 8.25, 3.25], "texture": "#0"},
				"east": {"uv": [7.25, 2, 7.75, 3.25], "texture": "#0"},
				"south": {"uv": [7.75, 2, 8.25, 3.25], "texture": "#0"},
				"west": {"uv": [7.25, 2, 7.75, 3.25], "texture": "#0"},
				"up": {"uv": [7.75, 3.75, 7.25, 3.25], "rotation": 90, "texture": "#0"},
				"down": {"uv": [7.75, 3.75, 7.25, 3.25], "rotation": 270, "texture": "#0"}
			}
		},
		{
			"from": [5.6, 10.8, 7],
			"to": [6.6, 12.8, 9],
			"rotation": {"angle": -22.5, "axis": "z", "origin": [3, 5, 8]},
			"faces": {
				"north": {"uv": [4.75, 1.5, 5.25, 2.5], "texture": "#0"},
				"east": {"uv": [6.25, 2.5, 5.25, 3.5], "texture": "#0"},
				"south": {"uv": [5.25, 1.5, 4.75, 2.5], "texture": "#0"},
				"west": {"uv": [6.25, 1.5, 5.25, 2.5], "texture": "#0"},
				"up": {"uv": [4.75, 2.5, 4.25, 3.5], "rotation": 180, "texture": "#0"},
				"down": {"uv": [4.75, 1.5, 4.25, 2.5], "rotation": 180, "texture": "#0"}
			}
		},
		{
			"from": [7.5, 9, 7.5],
			"to": [8.5, 12, 8.5],
			"rotation": {"angle": 0, "axis": "y", "origin": [3, 5, 8]},
			"faces": {
				"north": {"uv": [5.25, 3.5, 5.75, 5], "texture": "#0"},
				"east": {"uv": [5.25, 2.5, 4.75, 4], "texture": "#0"},
				"south": {"uv": [5.75, 3.5, 5.25, 5], "texture": "#0"},
				"west": {"uv": [5.25, 2.5, 4.75, 4], "texture": "#0"},
				"up": {"uv": [4.75, 3.5, 4.25, 4], "rotation": 180, "texture": "#0"},
				"down": {"uv": [4.75, 3.5, 4.25, 4], "rotation": 180, "texture": "#0"}
			}
		},
		{
			"from": [7.5, 11.5, 7],
			"to": [9.5, 14, 9],
			"rotation": {"angle": -22.5, "axis": "z", "origin": [8, 13, 8]},
			"faces": {
				"north": {"uv": [14, 14.75, 15, 16], "texture": "#0"},
				"east": {"uv": [13, 14.75, 14, 16], "texture": "#0"},
				"south": {"uv": [15, 14.75, 14, 16], "texture": "#0"},
				"west": {"uv": [15, 13.5, 14, 14.75], "texture": "#0"},
				"up": {"uv": [16, 15, 15, 16], "rotation": 180, "texture": "#0"},
				"down": {"uv": [16, 14, 15, 15], "rotation": 180, "texture": "#0"}
			}
		},
		{
			"from": [7.3, 10.1, 7.4],
			"to": [8.3, 13.1, 8.6],
			"rotation": {"angle": 22.5, "axis": "z", "origin": [8, 11, 8]},
			"faces": {
				"north": {"uv": [5.75, 3.5, 6.25, 5], "texture": "#0"},
				"east": {"uv": [5.25, 4, 4.75, 5.5], "texture": "#0"},
				"south": {"uv": [6.25, 3.5, 5.75, 5], "texture": "#0"},
				"west": {"uv": [5.25, 4, 4.75, 5.5], "texture": "#0"},
				"up": {"uv": [5.75, 5, 5.25, 5.5], "rotation": 180, "texture": "#0"},
				"down": {"uv": [5.75, 5, 5.25, 5.5], "rotation": 180, "texture": "#0"}
			}
		},
		{
			"from": [7.5, 12.8, 5.1],
			"to": [8.5, 14.3, 6.1],
			"rotation": {"angle": 22.5, "axis": "x", "origin": [8, 13.25, 5]},
			"faces": {
				"north": {"uv": [6.75, 2, 7.25, 2.75], "texture": "#0"},
				"east": {"uv": [6.75, 2, 6.25, 2.75], "texture": "#0"},
				"south": {"uv": [6.75, 2, 7.25, 2.75], "texture": "#0"},
				"west": {"uv": [6.25, 2, 6.75, 2.75], "texture": "#0"},
				"up": {"uv": [6.25, 2.75, 6.75, 3.25], "rotation": 90, "texture": "#0"},
				"down": {"uv": [6.25, 2.75, 6.75, 3.25], "rotation": 270, "texture": "#0"}
			}
		},
		{
			"from": [7, 11.5, 5.5],
			"to": [9, 13, 6.5],
			"rotation": {"angle": 0, "axis": "y", "origin": [16, 8, 3]},
			"faces": {
				"north": {"uv": [3.5, 8.25, 4.5, 9], "texture": "#0"},
				"east": {"uv": [3, 8.25, 3.5, 9], "texture": "#0"},
				"south": {"uv": [3.5, 8.25, 4.5, 9], "texture": "#0"},
				"west": {"uv": [3.5, 8.25, 3, 9], "texture": "#0"},
				"up": {"uv": [3, 9, 3.5, 10], "rotation": 90, "texture": "#0"},
				"down": {"uv": [3, 9, 3.5, 10], "rotation": 270, "texture": "#0"}
			}
		},
		{
			"from": [6.5, 13, 5.5],
			"to": [9.5, 15, 8],
			"rotation": {"angle": 0, "axis": "y", "origin": [16, 8, 3]},
			"faces": {
				"north": {"uv": [4.25, 7.25, 5.75, 8.25], "texture": "#0"},
				"east": {"uv": [4.25, 5.5, 3, 6.5], "texture": "#0"},
				"south": {"uv": [3, 4.5, 4.5, 5.5], "texture": "#0"},
				"west": {"uv": [3, 5.5, 4.25, 6.5], "texture": "#0"},
				"up": {"uv": [3, 6.5, 4.25, 8], "rotation": 90, "texture": "#0"},
				"down": {"uv": [4.25, 5.5, 5.5, 7], "rotation": 270, "texture": "#0"}
			}
		},
		{
			"from": [6.5, 13, 8],
			"to": [9.5, 15, 10.5],
			"rotation": {"angle": 0, "axis": "y", "origin": [16, 8, 13]},
			"faces": {
				"north": {"uv": [4.5, 4.5, 3, 5.5], "texture": "#0"},
				"east": {"uv": [3, 5.5, 4.25, 6.5], "texture": "#0"},
				"south": {"uv": [5.75, 7.25, 4.25, 8.25], "texture": "#0"},
				"west": {"uv": [4.25, 5.5, 3, 6.5], "texture": "#0"},
				"up": {"uv": [4.25, 6.5, 3, 8], "rotation": 90, "texture": "#0"},
				"down": {"uv": [5.5, 5.5, 4.25, 7], "rotation": 270, "texture": "#0"}
			}
		},
		{
			"from": [-0.08252, 8.04393, 7.7],
			"to": [0.91748, 9.04393, 8.3],
			"rotation": {"angle": -45, "axis": "z", "origin": [0.41748, 8.39393, 8.05]},
			"faces": {
				"north": {"uv": [6.75, 3.5, 6.25, 4], "texture": "#0"},
				"east": {"uv": [7.25, 2.75, 7, 3.25], "texture": "#0"},
				"south": {"uv": [6.25, 3.5, 6.75, 4], "texture": "#0"},
				"west": {"uv": [7, 2.75, 6.75, 3.25], "texture": "#0"},
				"up": {"uv": [6.75, 3.25, 6.25, 3.5], "texture": "#0"},
				"down": {"uv": [6.75, 3.25, 6.25, 3.5], "texture": "#0"}
			}
		},
		{
			"from": [4, -0.6, 7.7],
			"to": [5.5, 0.9, 8.3],
			"rotation": {"angle": -45, "axis": "z", "origin": [14.1, 8.5, 8]},
			"faces": {
				"north": {"uv": [9.5, 3.5, 8.75, 2.75], "texture": "#0"},
				"east": {"uv": [8.75, 2, 8.5, 2.75], "texture": "#0"},
				"south": {"uv": [8.75, 2.75, 9.5, 3.5], "texture": "#0"},
				"west": {"uv": [8.5, 2, 8.25, 2.75], "texture": "#0"},
				"up": {"uv": [9.5, 2.5, 8.75, 2.75], "texture": "#0"},
				"down": {"uv": [9.5, 2.5, 8.75, 2.75], "texture": "#0"}
			}
		},
		{
			"from": [4, 0.9, 7.6],
			"to": [6, 3.4, 8.4],
			"rotation": {"angle": -45, "axis": "z", "origin": [14.1, 8.5, 8]},
			"faces": {
				"north": {"uv": [10.75, 0, 12, 1], "rotation": 90, "texture": "#0"},
				"east": {"uv": [10.75, 2, 12, 1.5], "rotation": 90, "texture": "#0"},
				"south": {"uv": [10.75, 1, 12, 0], "rotation": 90, "texture": "#0"},
				"west": {"uv": [10.75, 1.5, 12, 1], "rotation": 90, "texture": "#0"},
				"up": {"uv": [12, 2, 12.5, 1], "rotation": 90, "texture": "#0"},
				"down": {"uv": [12, 1, 12.5, 0], "rotation": 90, "texture": "#0"}
			}
		},
		{
			"from": [4.64903, 10.36569, 7.5],
			"to": [8.64903, 12.46569, 8.5],
			"rotation": {"angle": 22.5, "axis": "z", "origin": [5.04903, 9.06569, 8]},
			"faces": {
				"north": {"uv": [8.75, 2.5, 9.75, 0.5], "rotation": 90, "texture": "#0"},
				"east": {"uv": [8.75, 0.5, 9.75, 0], "rotation": 270, "texture": "#0"},
				"south": {"uv": [9.75, 2.5, 8.75, 0.5], "rotation": 270, "texture": "#0"},
				"west": {"uv": [8.75, 0.5, 9.75, 0], "rotation": 270, "texture": "#0"},
				"up": {"uv": [9.75, 2.5, 10.25, 0.5], "rotation": 270, "texture": "#0"},
				"down": {"uv": [10.25, 2.5, 10.75, 0.5], "rotation": 270, "texture": "#0"}
			}
		},
		{
			"from": [7.35097, 10.36569, 7.5],
			"to": [11.35097, 12.46569, 8.5],
			"rotation": {"angle": -22.5, "axis": "z", "origin": [10.95097, 9.06569, 8]},
			"faces": {
				"north": {"uv": [8.75, 0.5, 9.75, 2.5], "rotation": 90, "texture": "#0"},
				"east": {"uv": [8.75, 0, 9.75, 0.5], "rotation": 270, "texture": "#0"},
				"south": {"uv": [9.75, 0.5, 8.75, 2.5], "rotation": 270, "texture": "#0"},
				"west": {"uv": [8.75, 0, 9.75, 0.5], "rotation": 270, "texture": "#0"},
				"up": {"uv": [9.75, 0.5, 10.25, 2.5], "rotation": 270, "texture": "#0"},
				"down": {"uv": [10.25, 0.5, 10.75, 2.5], "rotation": 270, "texture": "#0"}
			}
		},
		{
			"from": [10, 0.9, 7.6],
			"to": [12, 3.4, 8.4],
			"rotation": {"angle": 45, "axis": "z", "origin": [1.9, 8.5, 8]},
			"faces": {
				"north": {"uv": [10.75, 1, 12, 0], "rotation": 90, "texture": "#0"},
				"east": {"uv": [10.75, 1, 12, 1.5], "rotation": 90, "texture": "#0"},
				"south": {"uv": [10.75, 0, 12, 1], "rotation": 90, "texture": "#0"},
				"west": {"uv": [10.75, 1.5, 12, 2], "rotation": 90, "texture": "#0"},
				"up": {"uv": [12, 1, 12.5, 2], "rotation": 90, "texture": "#0"},
				"down": {"uv": [12, 0, 12.5, 1], "rotation": 90, "texture": "#0"}
			}
		},
		{
			"from": [10.5, -0.6, 7.7],
			"to": [12, 0.9, 8.2],
			"rotation": {"angle": 45, "axis": "z", "origin": [1.9, 8.5, 8]},
			"faces": {
				"north": {"uv": [8.75, 3.5, 9.5, 2.75], "texture": "#0"},
				"east": {"uv": [8.25, 2, 8.5, 2.75], "texture": "#0"},
				"south": {"uv": [9.5, 2.75, 8.75, 3.5], "texture": "#0"},
				"west": {"uv": [8.5, 2, 8.75, 2.75], "texture": "#0"},
				"up": {"uv": [8.75, 2.5, 9.5, 2.75], "texture": "#0"},
				"down": {"uv": [8.75, 2.5, 9.5, 2.75], "texture": "#0"}
			}
		},
		{
			"from": [15.08252, 8.04393, 7.7],
			"to": [16.08252, 9.04393, 8.2],
			"rotation": {"angle": 45, "axis": "z", "origin": [15.58252, 8.39393, 8.05]},
			"faces": {
				"north": {"uv": [6.25, 3.5, 6.75, 4], "texture": "#0"},
				"east": {"uv": [6.75, 2.75, 7, 3.25], "texture": "#0"},
				"south": {"uv": [6.75, 3.5, 6.25, 4], "texture": "#0"},
				"west": {"uv": [7, 2.75, 7.25, 3.25], "texture": "#0"},
				"up": {"uv": [6.25, 3.25, 6.75, 3.5], "texture": "#0"},
				"down": {"uv": [6.25, 3.25, 6.75, 3.5], "texture": "#0"}
			}
		},
		{
			"from": [7, 11.5, 9.5],
			"to": [9, 13, 10.5],
			"rotation": {"angle": 0, "axis": "y", "origin": [16, 8, 13]},
			"faces": {
				"north": {"uv": [4.5, 8.25, 3.5, 9], "texture": "#0"},
				"east": {"uv": [3.5, 8.25, 3, 9], "texture": "#0"},
				"south": {"uv": [4.5, 8.25, 3.5, 9], "texture": "#0"},
				"west": {"uv": [3, 8.25, 3.5, 9], "texture": "#0"},
				"up": {"uv": [3.5, 9, 3, 10], "rotation": 90, "texture": "#0"},
				"down": {"uv": [3.5, 9, 3, 10], "rotation": 270, "texture": "#0"}
			}
		},
		{
			"from": [7.5, 12.8, 9.9],
			"to": [8.5, 14.3, 10.9],
			"rotation": {"angle": -22.5, "axis": "x", "origin": [8, 13.25, 11]},
			"faces": {
				"north": {"uv": [7.25, 2, 6.75, 2.75], "texture": "#0"},
				"east": {"uv": [6.25, 2, 6.75, 2.75], "texture": "#0"},
				"south": {"uv": [7.25, 2, 6.75, 2.75], "texture": "#0"},
				"west": {"uv": [6.75, 2, 6.25, 2.75], "texture": "#0"},
				"up": {"uv": [6.75, 2.75, 6.25, 3.25], "rotation": 90, "texture": "#0"},
				"down": {"uv": [6.75, 2.75, 6.25, 3.25], "rotation": 270, "texture": "#0"}
			}
		},
		{
			"from": [4.5, 4.5, 8],
			"to": [7.5, 6.5, 8],
			"rotation": {"angle": 0, "axis": "y", "origin": [1, 1.5, 2]},
			"faces": {
				"north": {"uv": [13, 8, 14, 9.5], "rotation": 270, "texture": "#0"},
				"east": {"uv": [0, 0, 1, 0], "rotation": 90, "texture": "#0"},
				"south": {"uv": [14, 8, 13, 9.5], "rotation": 90, "texture": "#0"},
				"west": {"uv": [0, 0, 1, 0], "rotation": 90, "texture": "#0"},
				"up": {"uv": [0, 0, 0, 1.5], "rotation": 90, "texture": "#0"},
				"down": {"uv": [0, 0, 0, 1.5], "rotation": 90, "texture": "#0"}
			}
		},
		{
			"from": [8.5, 4.5, 8],
			"to": [11.5, 6.5, 8],
			"rotation": {"angle": 0, "axis": "y", "origin": [15, 1.5, 2]},
			"faces": {
				"north": {"uv": [13, 9.5, 14, 8], "rotation": 270, "texture": "#0"},
				"east": {"uv": [0, 0, 1, 0], "rotation": 90, "texture": "#0"},
				"south": {"uv": [14, 9.5, 13, 8], "rotation": 90, "texture": "#0"},
				"west": {"uv": [0, 0, 1, 0], "rotation": 90, "texture": "#0"},
				"up": {"uv": [0, 1.5, 0, 0], "rotation": 90, "texture": "#0"},
				"down": {"uv": [0, 1.5, 0, 0], "rotation": 90, "texture": "#0"}
			}
		}
	],
	"gui_light": "front",
	"display": {
		"thirdperson_righthand": {
			"rotation": [0, 90, 0],
			"translation": [0, 7, 1.75]
		},
		"thirdperson_lefthand": {
			"rotation": [0, -90, 0],
			"translation": [0, 7, 1.75]
		},
		"firstperson_righthand": {
			"rotation": [0, 90, 0],
			"translation": [3.75, 6.75, 0.5],
			"scale": [0.5, 0.5, 0.5]
		},
		"firstperson_lefthand": {
			"rotation": [0, -90, 0],
			"translation": [3.75, 6.75, 0.5],
			"scale": [0.5, 0.5, 0.5]
		},
		"ground": {
			"rotation": [0, 0, -45],
			"translation": [0, 9, 0],
			"scale": [0.6, 0.6, 0.6]
		},
		"gui": {
			"rotation": [-180, 0, -135],
			"translation": [2.5, 2.5, -2],
			"scale": [0.78727, 0.78727, 0.78727]
		},
		"head": {
			"translation": [0, -15.25, -0.5],
			"scale": [0, 0, 0]
		},
		"fixed": {
			"translation": [0.25, 11.25, -2],
			"scale": [2, 2, 2]
		}
	},
	"groups": [
		{
			"name": "group",
			"origin": [7, -8, 8],
			"color": 0,
			"children": [0, 1, 2, 3, 4, 5, 6, 7, 8, 9, 10, 11, 12, 13, 14, 15, 16, 17, 18, 19, 20, 21, 22, 23, 24, 25, 26, 27, 28, 29, 30, 31, 32, 33, 34, 35, 36, 37, 38, 39, 40, 41, 42, 43, 44, 45]
		}
	]
}