{
	"credit": "MadewithBlockbench",
	"texture_size": [32, 32],
	"textures": {
		"0": "devil_animated_weapon_set:quivertex",
		"1": "devil_animated_weapon_set:bloodrain1",
		"2": "devil_animated_weapon_set:bloodrain2",
		"particle": "devil_animated_weapon_set:quivertex"
	},
	"elements": [
		{
			"from": [5.5, 5, 6.2],
			"to": [9.5, 16, 10.2],
			"rotation": {"angle": 0, "axis": "y", "origin": [-0.02202, 9.32322, 8]},
			"faces": {
				"north": {"uv": [9, 5, 11, 10.5], "texture": "#0"},
				"east": {"uv": [7, 5, 9, 10.5], "texture": "#0"},
				"south": {"uv": [9, 5, 11, 10.5], "texture": "#0"},
				"west": {"uv": [7, 5, 9, 10.5], "texture": "#0"},
				"up": {"uv": [13, 7, 11, 5], "texture": "#0"},
				"down": {"uv": [13, 7, 11, 9], "texture": "#0"}
			}
		},
		{
			"from": [4.5, 16, 5.2],
			"to": [10.5, 17, 11.2],
			"rotation": {"angle": 0, "axis": "y", "origin": [6.08762, 9.5, -4.18008]},
			"faces": {
				"north": {"uv": [11, 9.5, 14, 10], "texture": "#0"},
				"east": {"uv": [11, 10, 14, 10.5], "texture": "#0"},
				"south": {"uv": [11, 9.5, 14, 10], "texture": "#0"},
				"west": {"uv": [11, 10, 14, 10.5], "texture": "#0"},
				"up": {"uv": [10, 13.5, 7, 10.5], "texture": "#0"},
				"down": {"uv": [13, 10.5, 10, 13.5], "texture": "#0"}
			}
		},
		{
			"from": [4.4, 4, 5.1],
			"to": [4.4, 14, 8.1],
			"rotation": {"angle": 0, "axis": "y", "origin": [2.4, -11, 3.1]},
			"faces": {
				"north": {"uv": [0, 0, 0, 5], "texture": "#0"},
				"east": {"uv": [1.5, 0, 0, 5], "texture": "#0"},
				"south": {"uv": [0, 0, 0, 5], "texture": "#0"},
				"west": {"uv": [0, 0, 1.5, 5], "texture": "#0"},
				"up": {"uv": [0, 0, 0, 1.5], "texture": "#0"},
				"down": {"uv": [0, 0, 0, 1.5], "texture": "#0"}
			}
		},
		{
			"from": [3.1, 5.5, 5.6],
			"to": [6.1, 8.5, 7.6],
			"rotation": {"angle": 45, "axis": "y", "origin": [3.9, 7.5, 5.6]},
			"faces": {
				"north": {"uv": [0, 6.5, 1.5, 8], "texture": "#0"},
				"east": {"uv": [0, 5, 1, 6.5], "texture": "#0"},
				"south": {"uv": [0, 6.5, 1.5, 8], "texture": "#0"},
				"west": {"uv": [1, 5, 0, 6.5], "texture": "#0"},
				"up": {"uv": [1.5, 6.5, 2.5, 8], "rotation": 270, "texture": "#0"},
				"down": {"uv": [2.5, 6.5, 1.5, 8], "rotation": 270, "texture": "#0"}
			}
		},
		{
			"from": [4.4, 4, 5.1],
			"to": [7.4, 14, 5.1],
			"rotation": {"angle": 0, "axis": "y", "origin": [4.4, 11, 6.6]},
			"faces": {
				"north": {"uv": [1.5, 0, 0, 5], "texture": "#0"},
				"east": {"uv": [0, 0, 0, 5], "texture": "#0"},
				"south": {"uv": [0, 0, 1.5, 5], "texture": "#0"},
				"west": {"uv": [0, 0, 0, 5], "texture": "#0"},
				"up": {"uv": [0, 0, 0, 1.5], "rotation": 270, "texture": "#0"},
				"down": {"uv": [0, 0, 0, 1.5], "rotation": 90, "texture": "#0"}
			}
		},
		{
			"from": [2.2, 6, 3.1],
			"to": [5.2, 8, 3.1],
			"rotation": {"angle": -45, "axis": "y", "origin": [2.4, -11, 3.1]},
			"faces": {
				"north": {"uv": [0, 8, 1, 9.5], "rotation": 270, "texture": "#0"},
				"east": {"uv": [0, 0, 1, 0], "rotation": 90, "texture": "#0"},
				"south": {"uv": [1, 8, 0, 9.5], "rotation": 90, "texture": "#0"},
				"west": {"uv": [0, 0, 1, 0], "rotation": 90, "texture": "#0"},
				"up": {"uv": [0, 0, 0, 1.5], "rotation": 90, "texture": "#0"},
				"down": {"uv": [0, 0, 0, 1.5], "rotation": 90, "texture": "#0"}
			}
		},
		{
			"from": [10.6, 4, 5.1],
			"to": [10.6, 14, 8.1],
			"rotation": {"angle": 0, "axis": "y", "origin": [12.6, -11, 3.1]},
			"faces": {
				"north": {"uv": [0, 0, 0, 5], "texture": "#0"},
				"east": {"uv": [1.5, 0, 0, 5], "texture": "#0"},
				"south": {"uv": [0, 0, 0, 5], "texture": "#0"},
				"west": {"uv": [0, 0, 1.5, 5], "texture": "#0"},
				"up": {"uv": [0, 0, 0, 1.5], "texture": "#0"},
				"down": {"uv": [0, 0, 0, 1.5], "texture": "#0"}
			}
		},
		{
			"from": [8.9, 5.5, 5.6],
			"to": [11.9, 8.5, 7.6],
			"rotation": {"angle": -45, "axis": "y", "origin": [11.1, 7.5, 5.6]},
			"faces": {
				"north": {"uv": [1.5, 6.5, 0, 8], "texture": "#0"},
				"east": {"uv": [0, 5, 1, 6.5], "texture": "#0"},
				"south": {"uv": [1.5, 6.5, 0, 8], "texture": "#0"},
				"west": {"uv": [1, 5, 0, 6.5], "texture": "#0"},
				"up": {"uv": [1.5, 8, 2.5, 6.5], "rotation": 270, "texture": "#0"},
				"down": {"uv": [2.5, 8, 1.5, 6.5], "rotation": 270, "texture": "#0"}
			}
		},
		{
			"from": [7.6, 4, 5.1],
			"to": [10.6, 14, 5.1],
			"rotation": {"angle": 0, "axis": "y", "origin": [10.6, 11, 6.6]},
			"faces": {
				"north": {"uv": [0, 0, 1.5, 5], "texture": "#0"},
				"east": {"uv": [0, 0, 0, 5], "texture": "#0"},
				"south": {"uv": [1.5, 0, 0, 5], "texture": "#0"},
				"west": {"uv": [0, 0, 0, 5], "texture": "#0"},
				"up": {"uv": [0, 1.5, 0, 0], "rotation": 270, "texture": "#0"},
				"down": {"uv": [0, 1.5, 0, 0], "rotation": 90, "texture": "#0"}
			}
		},
		{
			"from": [9.8, 6, 3.1],
			"to": [12.8, 8, 3.1],
			"rotation": {"angle": 45, "axis": "y", "origin": [12.6, -11, 3.1]},
			"faces": {
				"north": {"uv": [0, 9.5, 1, 8], "rotation": 270, "texture": "#0"},
				"east": {"uv": [0, 0, 1, 0], "rotation": 90, "texture": "#0"},
				"south": {"uv": [1, 9.5, 0, 8], "rotation": 90, "texture": "#0"},
				"west": {"uv": [0, 0, 1, 0], "rotation": 90, "texture": "#0"},
				"up": {"uv": [0, 1.5, 0, 0], "rotation": 90, "texture": "#0"},
				"down": {"uv": [0, 1.5, 0, 0], "rotation": 90, "texture": "#0"}
			}
		},
		{
			"from": [10.6, 4, 8.3],
			"to": [10.6, 14, 11.3],
			"rotation": {"angle": 0, "axis": "y", "origin": [12.6, -11, 13.3]},
			"faces": {
				"north": {"uv": [0, 0, 0, 5], "texture": "#0"},
				"east": {"uv": [0, 0, 1.5, 5], "texture": "#0"},
				"south": {"uv": [0, 0, 0, 5], "texture": "#0"},
				"west": {"uv": [1.5, 0, 0, 5], "texture": "#0"},
				"up": {"uv": [0, 1.5, 0, 0], "texture": "#0"},
				"down": {"uv": [0, 1.5, 0, 0], "texture": "#0"}
			}
		},
		{
			"from": [8.9, 5.5, 8.8],
			"to": [11.9, 8.5, 10.8],
			"rotation": {"angle": 45, "axis": "y", "origin": [11.1, 7.5, 10.8]},
			"faces": {
				"north": {"uv": [0, 6.5, 1.5, 8], "texture": "#0"},
				"east": {"uv": [1, 5, 0, 6.5], "texture": "#0"},
				"south": {"uv": [0, 6.5, 1.5, 8], "texture": "#0"},
				"west": {"uv": [0, 5, 1, 6.5], "texture": "#0"},
				"up": {"uv": [2.5, 8, 1.5, 6.5], "rotation": 270, "texture": "#0"},
				"down": {"uv": [1.5, 8, 2.5, 6.5], "rotation": 270, "texture": "#0"}
			}
		},
		{
			"from": [7.6, 4, 11.3],
			"to": [10.6, 14, 11.3],
			"rotation": {"angle": 0, "axis": "y", "origin": [10.6, 11, 9.8]},
			"faces": {
				"north": {"uv": [0, 0, 1.5, 5], "texture": "#0"},
				"east": {"uv": [0, 0, 0, 5], "texture": "#0"},
				"south": {"uv": [1.5, 0, 0, 5], "texture": "#0"},
				"west": {"uv": [0, 0, 0, 5], "texture": "#0"},
				"up": {"uv": [0, 1.5, 0, 0], "rotation": 270, "texture": "#0"},
				"down": {"uv": [0, 1.5, 0, 0], "rotation": 90, "texture": "#0"}
			}
		},
		{
			"from": [9.8, 6, 13.3],
			"to": [12.8, 8, 13.3],
			"rotation": {"angle": -45, "axis": "y", "origin": [12.6, -11, 13.3]},
			"faces": {
				"north": {"uv": [1, 8, 0, 9.5], "rotation": 90, "texture": "#0"},
				"east": {"uv": [0, 0, 1, 0], "rotation": 90, "texture": "#0"},
				"south": {"uv": [0, 8, 1, 9.5], "rotation": 270, "texture": "#0"},
				"west": {"uv": [0, 0, 1, 0], "rotation": 90, "texture": "#0"},
				"up": {"uv": [0, 1.5, 0, 0], "rotation": 90, "texture": "#0"},
				"down": {"uv": [0, 1.5, 0, 0], "rotation": 90, "texture": "#0"}
			}
		},
		{
			"from": [4.4, 4, 11.3],
			"to": [7.4, 14, 11.3],
			"rotation": {"angle": 0, "axis": "y", "origin": [4.4, 11, 9.8]},
			"faces": {
				"north": {"uv": [1.5, 0, 0, 5], "texture": "#0"},
				"east": {"uv": [0, 0, 0, 5], "texture": "#0"},
				"south": {"uv": [0, 0, 1.5, 5], "texture": "#0"},
				"west": {"uv": [0, 0, 0, 5], "texture": "#0"},
				"up": {"uv": [0, 0, 0, 1.5], "rotation": 270, "texture": "#0"},
				"down": {"uv": [0, 0, 0, 1.5], "rotation": 90, "texture": "#0"}
			}
		},
		{
			"from": [3.1, 5.5, 8.8],
			"to": [6.1, 8.5, 10.8],
			"rotation": {"angle": -45, "axis": "y", "origin": [3.9, 7.5, 10.8]},
			"faces": {
				"north": {"uv": [1.5, 6.5, 0, 8], "texture": "#0"},
				"east": {"uv": [1, 5, 0, 6.5], "texture": "#0"},
				"south": {"uv": [1.5, 6.5, 0, 8], "texture": "#0"},
				"west": {"uv": [0, 5, 1, 6.5], "texture": "#0"},
				"up": {"uv": [2.5, 6.5, 1.5, 8], "rotation": 270, "texture": "#0"},
				"down": {"uv": [1.5, 6.5, 2.5, 8], "rotation": 270, "texture": "#0"}
			}
		},
		{
			"from": [2, -4, 6],
			"to": [8, 6, 6],
			"rotation": {"angle": 0, "axis": "y", "origin": [16, 0, 0]},
			"faces": {
				"north": {"uv": [1.5, 3.25, 7.5, 13.25], "texture": "#2"},
				"east": {"uv": [0, 0, 0, 6], "texture": "#2"},
				"south": {"uv": [7.5, 3.25, 1.5, 13.25], "texture": "#2"},
				"west": {"uv": [0, 0, 0, 6], "texture": "#2"},
				"up": {"uv": [6, 0, 0, 0], "rotation": 180, "texture": "#2"},
				"down": {"uv": [6, 0, 0, 0], "rotation": 180, "texture": "#2"}
			}
		},
		{
			"from": [5, -4, 10],
			"to": [11, 6, 10],
			"rotation": {"angle": 0, "axis": "y", "origin": [16, 0, 0]},
			"faces": {
				"north": {"uv": [1.5, 3.25, 7.5, 13.25], "texture": "#1"},
				"east": {"uv": [0, 0, 0, 6], "texture": "#1"},
				"south": {"uv": [7.5, 3.25, 1.5, 13.25], "texture": "#1"},
				"west": {"uv": [0, 0, 0, 6], "texture": "#1"},
				"up": {"uv": [6, 0, 0, 0], "rotation": 180, "texture": "#1"},
				"down": {"uv": [6, 0, 0, 0], "rotation": 180, "texture": "#1"}
			}
		},
		{
			"from": [2.2, 6, 13.3],
			"to": [5.2, 8, 13.3],
			"rotation": {"angle": 45, "axis": "y", "origin": [2.4, -11, 13.3]},
			"faces": {
				"north": {"uv": [1, 9.5, 0, 8], "rotation": 90, "texture": "#0"},
				"east": {"uv": [0, 0, 1, 0], "rotation": 90, "texture": "#0"},
				"south": {"uv": [0, 9.5, 1, 8], "rotation": 270, "texture": "#0"},
				"west": {"uv": [0, 0, 1, 0], "rotation": 90, "texture": "#0"},
				"up": {"uv": [0, 0, 0, 1.5], "rotation": 90, "texture": "#0"},
				"down": {"uv": [0, 0, 0, 1.5], "rotation": 90, "texture": "#0"}
			}
		},
		{
			"from": [4.4, 4, 8.3],
			"to": [4.4, 14, 11.3],
			"rotation": {"angle": 0, "axis": "y", "origin": [2.4, -11, 13.3]},
			"faces": {
				"north": {"uv": [0, 0, 0, 5], "texture": "#0"},
				"east": {"uv": [0, 0, 1.5, 5], "texture": "#0"},
				"south": {"uv": [0, 0, 0, 5], "texture": "#0"},
				"west": {"uv": [1.5, 0, 0, 5], "texture": "#0"},
				"up": {"uv": [0, 1.5, 0, 0], "texture": "#0"},
				"down": {"uv": [0, 1.5, 0, 0], "texture": "#0"}
			}
		},
		{
			"from": [11.35, 10.35, 8],
			"to": [13.35, 10.85, 8.5],
			"rotation": {"angle": -22.5, "axis": "z", "origin": [11.95, 10.6, 8.25]},
			"faces": {
				"north": {"uv": [10.375, 1.75, 9.375, 1.5], "texture": "#0"},
				"east": {"uv": [8.125, 1.5, 8.375, 1.75], "rotation": 180, "texture": "#0"},
				"south": {"uv": [9.375, 1.75, 10.375, 1.5], "texture": "#0"},
				"west": {"uv": [8.125, 1.5, 8.375, 1.75], "rotation": 180, "texture": "#0"},
				"up": {"uv": [11.375, 1.75, 10.375, 1.5], "texture": "#0"},
				"down": {"uv": [9.375, 1.75, 8.375, 1.5], "texture": "#0"}
			}
		},
		{
			"from": [14.45, 8.65, 7.9],
			"to": [15.45, 10.65, 8.7],
			"rotation": {"angle": -22.5, "axis": "z", "origin": [15.95, 20.35, 0.3]},
			"faces": {
				"north": {"uv": [12.625, 1, 11.625, 0.5], "rotation": 270, "texture": "#0"},
				"east": {"uv": [11.625, 1, 12.625, 1.5], "rotation": 270, "texture": "#0"},
				"south": {"uv": [11.625, 1, 12.625, 0.5], "rotation": 90, "texture": "#0"},
				"west": {"uv": [12.125, 0, 13.125, 0.5], "rotation": 270, "texture": "#0"},
				"up": {"uv": [12.125, 0.5, 11.625, 0], "rotation": 90, "texture": "#0"},
				"down": {"uv": [12.125, 0.5, 11.625, 0], "rotation": 90, "texture": "#0"}
			}
		},
		{
			"from": [18.95, 6.95, 7.8],
			"to": [19.95, 9.45, 8.8],
			"rotation": {"angle": -45, "axis": "z", "origin": [15.95, 20.35, 0.3]},
			"faces": {
				"north": {"uv": [14.375, 0.5, 13.125, 0], "rotation": 270, "texture": "#0"},
				"east": {"uv": [12.625, 0.5, 13.875, 1], "rotation": 270, "texture": "#0"},
				"south": {"uv": [13.125, 0.5, 14.375, 0], "rotation": 90, "texture": "#0"},
				"west": {"uv": [12.625, 1, 13.875, 1.5], "rotation": 270, "texture": "#0"},
				"up": {"uv": [14.375, 1, 13.875, 0.5], "rotation": 90, "texture": "#0"},
				"down": {"uv": [14.375, 1.5, 13.875, 1], "rotation": 90, "texture": "#0"}
			}
		},
		{
			"from": [9.7, 9.2, 8],
			"to": [10.2, 11.2, 8.5],
			"rotation": {"angle": 45, "axis": "z", "origin": [11.95, 10.6, 8.25]},
			"faces": {
				"north": {"uv": [10.375, 1.75, 9.375, 1.5], "rotation": 270, "texture": "#0"},
				"east": {"uv": [10.375, 1.5, 11.375, 1.75], "rotation": 270, "texture": "#0"},
				"south": {"uv": [9.375, 1.75, 10.375, 1.5], "rotation": 90, "texture": "#0"},
				"west": {"uv": [8.375, 1.5, 9.375, 1.75], "rotation": 270, "texture": "#0"},
				"up": {"uv": [8.375, 1.75, 8.125, 1.5], "rotation": 90, "texture": "#0"},
				"down": {"uv": [8.375, 1.75, 8.125, 1.5], "rotation": 90, "texture": "#0"}
			}
		},
		{
			"from": [10.85, 12.35, 8],
			"to": [12.85, 12.85, 8.5],
			"rotation": {"angle": 0, "axis": "y", "origin": [15.95, 20.35, 0.3]},
			"faces": {
				"north": {"uv": [10.375, 1.75, 9.375, 1.5], "texture": "#0"},
				"east": {"uv": [8.125, 1.5, 8.375, 1.75], "rotation": 180, "texture": "#0"},
				"south": {"uv": [9.375, 1.75, 10.375, 1.5], "texture": "#0"},
				"west": {"uv": [8.125, 1.5, 8.375, 1.75], "rotation": 180, "texture": "#0"},
				"up": {"uv": [11.375, 1.75, 10.375, 1.5], "texture": "#0"},
				"down": {"uv": [9.375, 1.75, 8.375, 1.5], "texture": "#0"}
			}
		},
		{
			"from": [10.75, 11.55, 7.8],
			"to": [11.75, 13.55, 8.8],
			"rotation": {"angle": 0, "axis": "y", "origin": [15.95, 20.35, 0.3]},
			"faces": {
				"north": {"uv": [11.625, 0.5, 10.625, 0], "rotation": 270, "texture": "#0"},
				"east": {"uv": [10.625, 0.5, 11.625, 1], "rotation": 270, "texture": "#0"},
				"south": {"uv": [10.625, 0.5, 11.625, 0], "rotation": 90, "texture": "#0"},
				"west": {"uv": [10.625, 1, 11.625, 1.5], "rotation": 270, "texture": "#0"},
				"up": {"uv": [8.625, 1.5, 8.125, 1], "rotation": 90, "texture": "#0"},
				"down": {"uv": [8.625, 1.5, 8.125, 1], "rotation": 90, "texture": "#0"}
			}
		},
		{
			"from": [13.75, 14.65, 7.9],
			"to": [14.75, 16.65, 8.7],
			"rotation": {"angle": 22.5, "axis": "z", "origin": [15.95, 6.35, 0.3]},
			"faces": {
				"north": {"uv": [11.625, 1, 12.625, 0.5], "rotation": 270, "texture": "#0"},
				"east": {"uv": [12.625, 1, 11.625, 1.5], "rotation": 270, "texture": "#0"},
				"south": {"uv": [12.625, 1, 11.625, 0.5], "rotation": 90, "texture": "#0"},
				"west": {"uv": [13.125, 0, 12.125, 0.5], "rotation": 270, "texture": "#0"},
				"up": {"uv": [11.625, 0.5, 12.125, 0], "rotation": 90, "texture": "#0"},
				"down": {"uv": [11.625, 0.5, 12.125, 0], "rotation": 90, "texture": "#0"}
			}
		},
		{
			"from": [10.35, 14.85, 8],
			"to": [12.35, 15.35, 8.5],
			"rotation": {"angle": 22.5, "axis": "z", "origin": [11.95, 16.1, 8.25]},
			"faces": {
				"north": {"uv": [10.375, 1.5, 9.375, 1.75], "texture": "#0"},
				"east": {"uv": [8.125, 1.75, 8.375, 1.5], "rotation": 180, "texture": "#0"},
				"south": {"uv": [9.375, 1.5, 10.375, 1.75], "texture": "#0"},
				"west": {"uv": [8.125, 1.75, 8.375, 1.5], "rotation": 180, "texture": "#0"},
				"up": {"uv": [9.375, 1.5, 8.375, 1.75], "texture": "#0"},
				"down": {"uv": [11.375, 1.5, 10.375, 1.75], "texture": "#0"}
			}
		},
		{
			"from": [13.95, 12.35, 7.8],
			"to": [15.95, 13.35, 8.8],
			"rotation": {"angle": -45, "axis": "z", "origin": [15.95, 20.35, 0.3]},
			"faces": {
				"north": {"uv": [9.625, 0.5, 8.625, 0], "texture": "#0"},
				"east": {"uv": [8.125, 0, 8.625, 0.5], "rotation": 180, "texture": "#0"},
				"south": {"uv": [8.625, 0.5, 9.625, 0], "texture": "#0"},
				"west": {"uv": [8.125, 0, 8.625, 0.5], "rotation": 180, "texture": "#0"},
				"up": {"uv": [9.625, 1.5, 8.625, 1], "texture": "#0"},
				"down": {"uv": [9.625, 1, 8.625, 0.5], "texture": "#0"}
			}
		},
		{
			"from": [1.65, 10.35, 8],
			"to": [3.65, 10.85, 8.5],
			"rotation": {"angle": 22.5, "axis": "z", "origin": [3.05, 10.6, 8.25]},
			"faces": {
				"north": {"uv": [9.375, 1.75, 10.375, 1.5], "texture": "#0"},
				"east": {"uv": [8.375, 1.5, 8.125, 1.75], "rotation": 180, "texture": "#0"},
				"south": {"uv": [10.375, 1.75, 9.375, 1.5], "texture": "#0"},
				"west": {"uv": [8.375, 1.5, 8.125, 1.75], "rotation": 180, "texture": "#0"},
				"up": {"uv": [10.375, 1.75, 11.375, 1.5], "texture": "#0"},
				"down": {"uv": [8.375, 1.75, 9.375, 1.5], "texture": "#0"}
			}
		},
		{
			"from": [-0.45, 8.65, 7.9],
			"to": [0.55, 10.65, 8.7],
			"rotation": {"angle": 22.5, "axis": "z", "origin": [-0.95, 20.35, 0.3]},
			"faces": {
				"north": {"uv": [12.625, 0.5, 11.625, 1], "rotation": 270, "texture": "#0"},
				"east": {"uv": [12.125, 0.5, 13.125, 0], "rotation": 270, "texture": "#0"},
				"south": {"uv": [11.625, 0.5, 12.625, 1], "rotation": 90, "texture": "#0"},
				"west": {"uv": [11.625, 1.5, 12.625, 1], "rotation": 270, "texture": "#0"},
				"up": {"uv": [12.125, 0, 11.625, 0.5], "rotation": 90, "texture": "#0"},
				"down": {"uv": [12.125, 0, 11.625, 0.5], "rotation": 90, "texture": "#0"}
			}
		},
		{
			"from": [-4.95, 6.95, 7.8],
			"to": [-3.95, 9.45, 8.8],
			"rotation": {"angle": 45, "axis": "z", "origin": [-0.95, 20.35, 0.3]},
			"faces": {
				"north": {"uv": [14.375, 0, 13.125, 0.5], "rotation": 270, "texture": "#0"},
				"east": {"uv": [12.625, 1.5, 13.875, 1], "rotation": 270, "texture": "#0"},
				"south": {"uv": [13.125, 0, 14.375, 0.5], "rotation": 90, "texture": "#0"},
				"west": {"uv": [12.625, 1, 13.875, 0.5], "rotation": 270, "texture": "#0"},
				"up": {"uv": [14.375, 0.5, 13.875, 1], "rotation": 90, "texture": "#0"},
				"down": {"uv": [14.375, 1, 13.875, 1.5], "rotation": 90, "texture": "#0"}
			}
		},
		{
			"from": [4.8, 9.2, 8],
			"to": [5.3, 11.2, 8.5],
			"rotation": {"angle": -45, "axis": "z", "origin": [3.05, 10.6, 8.25]},
			"faces": {
				"north": {"uv": [10.375, 1.5, 9.375, 1.75], "rotation": 270, "texture": "#0"},
				"east": {"uv": [8.375, 1.75, 9.375, 1.5], "rotation": 270, "texture": "#0"},
				"south": {"uv": [9.375, 1.5, 10.375, 1.75], "rotation": 90, "texture": "#0"},
				"west": {"uv": [10.375, 1.75, 11.375, 1.5], "rotation": 270, "texture": "#0"},
				"up": {"uv": [8.375, 1.5, 8.125, 1.75], "rotation": 90, "texture": "#0"},
				"down": {"uv": [8.375, 1.5, 8.125, 1.75], "rotation": 90, "texture": "#0"}
			}
		},
		{
			"from": [2.15, 12.35, 8],
			"to": [4.15, 12.85, 8.5],
			"rotation": {"angle": 0, "axis": "y", "origin": [-0.95, 20.35, 0.3]},
			"faces": {
				"north": {"uv": [9.375, 1.75, 10.375, 1.5], "texture": "#0"},
				"east": {"uv": [8.375, 1.5, 8.125, 1.75], "rotation": 180, "texture": "#0"},
				"south": {"uv": [10.375, 1.75, 9.375, 1.5], "texture": "#0"},
				"west": {"uv": [8.375, 1.5, 8.125, 1.75], "rotation": 180, "texture": "#0"},
				"up": {"uv": [10.375, 1.75, 11.375, 1.5], "texture": "#0"},
				"down": {"uv": [8.375, 1.75, 9.375, 1.5], "texture": "#0"}
			}
		},
		{
			"from": [3.25, 11.55, 7.8],
			"to": [4.25, 13.55, 8.8],
			"rotation": {"angle": 0, "axis": "y", "origin": [-0.95, 20.35, 0.3]},
			"faces": {
				"north": {"uv": [11.625, 0, 10.625, 0.5], "rotation": 270, "texture": "#0"},
				"east": {"uv": [10.625, 1.5, 11.625, 1], "rotation": 270, "texture": "#0"},
				"south": {"uv": [10.625, 0, 11.625, 0.5], "rotation": 90, "texture": "#0"},
				"west": {"uv": [10.625, 1, 11.625, 0.5], "rotation": 270, "texture": "#0"},
				"up": {"uv": [8.625, 1, 8.125, 1.5], "rotation": 90, "texture": "#0"},
				"down": {"uv": [8.625, 1, 8.125, 1.5], "rotation": 90, "texture": "#0"}
			}
		},
		{
			"from": [0.25, 14.65, 7.9],
			"to": [1.25, 16.65, 8.7],
			"rotation": {"angle": -22.5, "axis": "z", "origin": [-0.95, 6.35, 0.3]},
			"faces": {
				"north": {"uv": [11.625, 0.5, 12.625, 1], "rotation": 270, "texture": "#0"},
				"east": {"uv": [13.125, 0.5, 12.125, 0], "rotation": 270, "texture": "#0"},
				"south": {"uv": [12.625, 0.5, 11.625, 1], "rotation": 90, "texture": "#0"},
				"west": {"uv": [12.625, 1.5, 11.625, 1], "rotation": 270, "texture": "#0"},
				"up": {"uv": [11.625, 0, 12.125, 0.5], "rotation": 90, "texture": "#0"},
				"down": {"uv": [11.625, 0, 12.125, 0.5], "rotation": 90, "texture": "#0"}
			}
		},
		{
			"from": [2.65, 14.85, 8],
			"to": [4.65, 15.35, 8.5],
			"rotation": {"angle": -22.5, "axis": "z", "origin": [3.05, 16.1, 8.25]},
			"faces": {
				"north": {"uv": [9.375, 1.5, 10.375, 1.75], "texture": "#0"},
				"east": {"uv": [8.375, 1.75, 8.125, 1.5], "rotation": 180, "texture": "#0"},
				"south": {"uv": [10.375, 1.5, 9.375, 1.75], "texture": "#0"},
				"west": {"uv": [8.375, 1.75, 8.125, 1.5], "rotation": 180, "texture": "#0"},
				"up": {"uv": [8.375, 1.5, 9.375, 1.75], "texture": "#0"},
				"down": {"uv": [10.375, 1.5, 11.375, 1.75], "texture": "#0"}
			}
		},
		{
			"from": [-0.95, 12.35, 7.8],
			"to": [1.05, 13.35, 8.8],
			"rotation": {"angle": 45, "axis": "z", "origin": [-0.95, 20.35, 0.3]},
			"faces": {
				"north": {"uv": [8.625, 0.5, 9.625, 0], "texture": "#0"},
				"east": {"uv": [8.625, 0, 8.125, 0.5], "rotation": 180, "texture": "#0"},
				"south": {"uv": [9.625, 0.5, 8.625, 0], "texture": "#0"},
				"west": {"uv": [8.625, 0, 8.125, 0.5], "rotation": 180, "texture": "#0"},
				"up": {"uv": [8.625, 1.5, 9.625, 1], "texture": "#0"},
				"down": {"uv": [8.625, 1, 9.625, 0.5], "texture": "#0"}
			}
		},
		{
			"from": [6, 4, 9.5],
			"to": [9, 6, 12],
			"rotation": {"angle": 0, "axis": "y", "origin": [15.5, -1, 14.5]},
			"faces": {
				"north": {"uv": [6.875, 0, 5.375, 1], "texture": "#0"},
				"east": {"uv": [5.375, 1, 6.625, 2], "texture": "#0"},
				"south": {"uv": [8.125, 2.75, 6.625, 3.75], "texture": "#0"},
				"west": {"uv": [6.625, 1, 5.375, 2], "texture": "#0"},
				"up": {"uv": [6.625, 2, 5.375, 3.5], "rotation": 90, "texture": "#0"},
				"down": {"uv": [7.875, 1, 6.625, 2.5], "rotation": 270, "texture": "#0"}
			}
		},
		{
			"from": [7, 3.8, 11.4],
			"to": [8, 5.3, 12.4],
			"rotation": {"angle": -22.5, "axis": "x", "origin": [7.5, 4.25, 12.5]},
			"faces": {
				"north": {"uv": [8.125, 0, 7.625, 0.75], "texture": "#0"},
				"east": {"uv": [7.125, 0, 7.625, 0.75], "texture": "#0"},
				"south": {"uv": [8.125, 0, 7.625, 0.75], "texture": "#0"},
				"west": {"uv": [7.625, 0, 7.125, 0.75], "texture": "#0"},
				"up": {"uv": [8.375, 2.25, 7.875, 2.75], "rotation": 90, "texture": "#0"},
				"down": {"uv": [8.375, 2.25, 7.875, 2.75], "rotation": 270, "texture": "#0"}
			}
		},
		{
			"from": [6.5, 2.5, 11],
			"to": [8.5, 4, 12],
			"rotation": {"angle": 0, "axis": "y", "origin": [15.5, -1, 14.5]},
			"faces": {
				"north": {"uv": [6.875, 3.75, 5.875, 4.5], "texture": "#0"},
				"east": {"uv": [5.875, 3.75, 5.375, 4.5], "texture": "#0"},
				"south": {"uv": [6.875, 3.75, 5.875, 4.5], "texture": "#0"},
				"west": {"uv": [5.375, 3.75, 5.875, 4.5], "texture": "#0"},
				"up": {"uv": [5.375, 3.5, 4.875, 4.5], "rotation": 90, "texture": "#0"},
				"down": {"uv": [5.375, 3.5, 4.875, 4.5], "rotation": 90, "texture": "#0"}
			}
		},
		{
			"from": [7, 3.8, 3.6],
			"to": [8, 5.3, 4.6],
			"rotation": {"angle": 22.5, "axis": "x", "origin": [7.5, 4.25, 3.5]},
			"faces": {
				"north": {"uv": [7.625, 0, 8.125, 0.75], "texture": "#0"},
				"east": {"uv": [7.625, 0, 7.125, 0.75], "texture": "#0"},
				"south": {"uv": [7.625, 0, 8.125, 0.75], "texture": "#0"},
				"west": {"uv": [7.125, 0, 7.625, 0.75], "texture": "#0"},
				"up": {"uv": [7.875, 2.25, 8.375, 2.75], "rotation": 90, "texture": "#0"},
				"down": {"uv": [7.875, 2.25, 8.375, 2.75], "rotation": 270, "texture": "#0"}
			}
		},
		{
			"from": [6, 4, 4],
			"to": [9, 6, 6.5],
			"rotation": {"angle": 0, "axis": "y", "origin": [15.5, -1, 1.5]},
			"faces": {
				"north": {"uv": [6.625, 2.75, 8.125, 3.75], "texture": "#0"},
				"east": {"uv": [6.625, 1, 5.375, 2], "texture": "#0"},
				"south": {"uv": [5.375, 0, 6.875, 1], "texture": "#0"},
				"west": {"uv": [5.375, 1, 6.625, 2], "texture": "#0"},
				"up": {"uv": [5.375, 2, 6.625, 3.5], "rotation": 90, "texture": "#0"},
				"down": {"uv": [6.625, 1, 7.875, 2.5], "rotation": 270, "texture": "#0"}
			}
		},
		{
			"from": [6.5, 2.5, 4],
			"to": [8.5, 4, 5],
			"rotation": {"angle": 0, "axis": "y", "origin": [15.5, -1, 1.5]},
			"faces": {
				"north": {"uv": [5.875, 3.75, 6.875, 4.5], "texture": "#0"},
				"east": {"uv": [5.375, 3.75, 5.875, 4.5], "texture": "#0"},
				"south": {"uv": [5.875, 3.75, 6.875, 4.5], "texture": "#0"},
				"west": {"uv": [5.875, 3.75, 5.375, 4.5], "texture": "#0"},
				"up": {"uv": [4.875, 3.5, 5.375, 4.5], "rotation": 90, "texture": "#0"},
				"down": {"uv": [4.875, 3.5, 5.375, 4.5], "rotation": 90, "texture": "#0"}
			}
		},
		{
			"from": [6.5, 3.1, 6.5],
			"to": [7.5, 21.1, 7.5],
			"rotation": {"angle": 0, "axis": "y", "origin": [-4.5, -0.9, 0]},
			"faces": {
				"north": {"uv": [14.75, 15.25, 5.75, 15.75], "rotation": 90, "texture": "#0"},
				"east": {"uv": [5.75, 15.25, 14.75, 15.75], "rotation": 270, "texture": "#0"},
				"south": {"uv": [5.75, 15.25, 14.75, 15.75], "rotation": 270, "texture": "#0"},
				"west": {"uv": [5.75, 15.25, 14.75, 15.75], "rotation": 270, "texture": "#0"},
				"up": {"uv": [5.25, 15.25, 5.75, 15.75], "rotation": 270, "texture": "#0"},
				"down": {"uv": [5.25, 15.25, 5.75, 15.75], "rotation": 270, "texture": "#0"}
			}
		},
		{
			"from": [3.5, 18.1, 7],
			"to": [7.5, 24.1, 7],
			"rotation": {"angle": 0, "axis": "y", "origin": [-1, -0.9, 4]},
			"faces": {
				"north": {"uv": [2.25, 2, 5.25, 0], "rotation": 270, "texture": "#0"},
				"east": {"uv": [0, 2.5, 3, 2.5], "rotation": 90, "texture": "#0"},
				"south": {"uv": [2.25, 0, 5.25, 2], "rotation": 270, "texture": "#0"},
				"west": {"uv": [0, 2.5, 3, 2.5], "rotation": 270, "texture": "#0"},
				"up": {"uv": [2, 2.5, 0, 2.5], "rotation": 180, "texture": "#0"},
				"down": {"uv": [2, 2.5, 0, 2.5], "texture": "#0"}
			}
		},
		{
			"from": [6.5, 18.1, 7],
			"to": [10.5, 24.1, 7],
			"rotation": {"angle": 0, "axis": "y", "origin": [17, -0.9, 4]},
			"faces": {
				"north": {"uv": [2.25, 0, 5.25, 2], "rotation": 270, "texture": "#0"},
				"east": {"uv": [0, 2.5, 3, 2.5], "rotation": 270, "texture": "#0"},
				"south": {"uv": [2.25, 2, 5.25, 0], "rotation": 270, "texture": "#0"},
				"west": {"uv": [0, 2.5, 3, 2.5], "rotation": 90, "texture": "#0"},
				"up": {"uv": [0, 2.5, 2, 2.5], "rotation": 180, "texture": "#0"},
				"down": {"uv": [0, 2.5, 2, 2.5], "texture": "#0"}
			}
		},
		{
			"from": [4.5, 18.1, 9],
			"to": [8.5, 24.1, 9],
			"rotation": {"angle": 0, "axis": "y", "origin": [-1, -0.9, 4]},
			"faces": {
				"north": {"uv": [2.25, 2, 5.25, 0], "rotation": 270, "texture": "#0"},
				"east": {"uv": [0, 2.5, 3, 2.5], "rotation": 90, "texture": "#0"},
				"south": {"uv": [2.25, 0, 5.25, 2], "rotation": 270, "texture": "#0"},
				"west": {"uv": [0, 2.5, 3, 2.5], "rotation": 270, "texture": "#0"},
				"up": {"uv": [2, 2.5, 0, 2.5], "rotation": 180, "texture": "#0"},
				"down": {"uv": [2, 2.5, 0, 2.5], "texture": "#0"}
			}
		},
		{
			"from": [7.5, 3.1, 8.5],
			"to": [8.5, 21.1, 9.5],
			"rotation": {"angle": 0, "axis": "y", "origin": [-4.5, -0.9, 0]},
			"faces": {
				"north": {"uv": [14.75, 15.25, 5.75, 15.75], "rotation": 90, "texture": "#0"},
				"east": {"uv": [5.75, 15.25, 14.75, 15.75], "rotation": 270, "texture": "#0"},
				"south": {"uv": [5.75, 15.25, 14.75, 15.75], "rotation": 270, "texture": "#0"},
				"west": {"uv": [5.75, 15.25, 14.75, 15.75], "rotation": 270, "texture": "#0"},
				"up": {"uv": [5.25, 15.25, 5.75, 15.75], "rotation": 270, "texture": "#0"},
				"down": {"uv": [5.25, 15.25, 5.75, 15.75], "rotation": 270, "texture": "#0"}
			}
		},
		{
			"from": [7.5, 18.1, 9],
			"to": [11.5, 24.1, 9],
			"rotation": {"angle": 0, "axis": "y", "origin": [17, -0.9, 4]},
			"faces": {
				"north": {"uv": [2.25, 0, 5.25, 2], "rotation": 270, "texture": "#0"},
				"east": {"uv": [0, 2.5, 3, 2.5], "rotation": 270, "texture": "#0"},
				"south": {"uv": [2.25, 2, 5.25, 0], "rotation": 270, "texture": "#0"},
				"west": {"uv": [0, 2.5, 3, 2.5], "rotation": 90, "texture": "#0"},
				"up": {"uv": [0, 2.5, 2, 2.5], "rotation": 180, "texture": "#0"},
				"down": {"uv": [0, 2.5, 2, 2.5], "texture": "#0"}
			}
		}
	],
	"gui_light": "front",
	"display": {
		"thirdperson_righthand": {
			"rotation": [67.5, 0, 0],
			"translation": [0, 1.75, -0.5],
			"scale": [0.6, 0.6, 0.6]
		},
		"thirdperson_lefthand": {
			"rotation": [67.5, 0, -40.14],
			"translation": [-6.25, -8.75, 6.25],
			"scale": [1.01, 1.01, 1.01]
		},
		"firstperson_righthand": {
			"translation": [1.25, 2.25, 1.5],
			"scale": [0.40234, 0.40234, 0.40234]
		},
		"firstperson_lefthand": {
			"translation": [0.5, 2.75, 1.5],
			"scale": [0, 0, 0]
		},
		"ground": {
			"translation": [0, 6, 0],
			"scale": [0.8, 0.8, 0.8]
		},
		"gui": {
			"rotation": [30, -135, 0],
			"translation": [0, -3, -2],
			"scale": [0.71953, 0.71953, 0.71953]
		},
		"head": {
			"translation": [0, -15.25, -0.5],
			"scale": [0, 0, 0]
		},
		"fixed": {
			"translation": [1, -4, -7.25],
			"scale": [2.2, 2.2, 2.2]
		}
	},
	"groups": [
		{
			"name": "group",
			"origin": [11.5, 12.45, 8.2],
			"color": 0,
			"children": [0, 1, 2, 3, 4, 5, 6, 7, 8, 9, 10, 11, 12, 13, 14, 15, 16, 17, 18, 19]
		},
		20,
		21,
		22,
		23,
		24,
		25,
		26,
		27,
		28,
		29,
		30,
		31,
		32,
		33,
		34,
		35,
		36,
		37,
		38,
		39,
		40,
		41,
		42,
		43,
		44,
		45,
		46,
		47,
		48,
		49
	]
}