{
	"credit": "MadewithBlockbench",
	"texture_size": [32, 32],
	"textures": {
		"0": "devil_animated_weapon_set:shoveltex",
		"2": "devil_animated_weapon_set:bloodrain1",
		"3": "devil_animated_weapon_set:bloodrain2",
		"particle": "devil_animated_weapon_set:shoveltex"
	},
	"elements": [
		{
			"from": [7.5, -7, 7.5],
			"to": [8.5, -1, 8.5],
			"rotation": {"angle": 0, "axis": "y", "origin": [8, -2.5, 8]},
			"faces": {
				"north": {"uv": [1, 10.25, 1.5, 13.25], "texture": "#0"},
				"east": {"uv": [1, 6.25, 1.5, 9.25], "texture": "#0"},
				"south": {"uv": [1, 10.25, 1.5, 13.25], "texture": "#0"},
				"west": {"uv": [1, 6.25, 1.5, 9.25], "texture": "#0"},
				"up": {"uv": [2, 12.875, 1.5, 12.375], "rotation": 90, "texture": "#0"},
				"down": {"uv": [2, 12.875, 1.5, 12.375], "rotation": 270, "texture": "#0"}
			}
		},
		{
			"from": [7.5, 3, 7.5],
			"to": [8.5, 11, 8.5],
			"rotation": {"angle": 0, "axis": "y", "origin": [8, 11.5, 8]},
			"faces": {
				"north": {"uv": [15.5, 8, 16, 4], "texture": "#0"},
				"east": {"uv": [15.5, 4, 16, 0], "texture": "#0"},
				"south": {"uv": [15.5, 8, 16, 4], "texture": "#0"},
				"west": {"uv": [15.5, 4, 16, 0], "texture": "#0"},
				"up": {"uv": [15.5, 8.5, 16, 8], "rotation": 270, "texture": "#0"},
				"down": {"uv": [15.5, 8.5, 16, 8], "rotation": 90, "texture": "#0"}
			}
		},
		{
			"from": [8, 10.5, 7],
			"to": [9.5, 11.5, 9],
			"rotation": {"angle": 45, "axis": "z", "origin": [7.875, 10.79043, 8]},
			"faces": {
				"north": {"uv": [3.5, 8.25, 3, 9], "rotation": 90, "texture": "#0"},
				"east": {"uv": [3, 9, 3.5, 10], "rotation": 90, "texture": "#0"},
				"south": {"uv": [3, 8.25, 3.5, 9], "rotation": 270, "texture": "#0"},
				"west": {"uv": [3, 9, 3.5, 10], "rotation": 90, "texture": "#0"},
				"up": {"uv": [3.5, 8.25, 4.5, 9], "rotation": 270, "texture": "#0"},
				"down": {"uv": [3.5, 8.25, 4.5, 9], "rotation": 270, "texture": "#0"}
			}
		},
		{
			"from": [6.80967, 10.08783, 7.5],
			"to": [7.80967, 11.58783, 8.5],
			"rotation": {"angle": -22.5, "axis": "z", "origin": [7.875, 10.79043, 8]},
			"faces": {
				"north": {"uv": [6.25, 2, 6.75, 2.75], "rotation": 180, "texture": "#0"},
				"east": {"uv": [6.75, 2, 7.25, 2.75], "rotation": 180, "texture": "#0"},
				"south": {"uv": [6.75, 2, 6.25, 2.75], "rotation": 180, "texture": "#0"},
				"west": {"uv": [6.75, 2, 7.25, 2.75], "rotation": 180, "texture": "#0"},
				"up": {"uv": [6.25, 2.75, 6.75, 3.25], "texture": "#0"},
				"down": {"uv": [6.25, 2.75, 6.75, 3.25], "texture": "#0"}
			}
		},
		{
			"from": [6, 9, 6.5],
			"to": [8, 11.5, 9.5],
			"rotation": {"angle": 45, "axis": "z", "origin": [7.875, 10.79043, 8]},
			"faces": {
				"north": {"uv": [3, 5.5, 4.25, 6.5], "rotation": 90, "texture": "#0"},
				"east": {"uv": [4.25, 5.5, 5.5, 7], "rotation": 90, "texture": "#0"},
				"south": {"uv": [4.25, 5.5, 3, 6.5], "rotation": 270, "texture": "#0"},
				"west": {"uv": [3, 6.5, 4.25, 8], "rotation": 90, "texture": "#0"},
				"up": {"uv": [4.25, 7.25, 5.75, 8.25], "rotation": 270, "texture": "#0"},
				"down": {"uv": [3, 4.5, 4.5, 5.5], "rotation": 270, "texture": "#0"}
			}
		},
		{
			"from": [13.1, -5, 7.5],
			"to": [15.1, -4, 8.5],
			"rotation": {"angle": 45, "axis": "z", "origin": [15.1, -12, 0]},
			"faces": {
				"north": {"uv": [1.5, 0, 0.5, 0.5], "texture": "#0"},
				"east": {"uv": [0.5, 0, 0, 0.5], "texture": "#0"},
				"south": {"uv": [0.5, 0, 1.5, 0.5], "texture": "#0"},
				"west": {"uv": [0.5, 0, 0, 0.5], "texture": "#0"},
				"up": {"uv": [1.5, 0.5, 0.5, 1], "texture": "#0"},
				"down": {"uv": [1.5, 1, 0.5, 1.5], "texture": "#0"}
			}
		},
		{
			"from": [9.5, -7, 7.7],
			"to": [11.5, -6.5, 8.2],
			"rotation": {"angle": -22.5, "axis": "z", "origin": [11.1, -7.75, 7.95]},
			"faces": {
				"north": {"uv": [2.25, 1.75, 1.25, 1.5], "texture": "#0"},
				"east": {"uv": [0.25, 1.75, 0, 1.5], "texture": "#0"},
				"south": {"uv": [1.25, 1.75, 2.25, 1.5], "texture": "#0"},
				"west": {"uv": [0.25, 1.75, 0, 1.5], "texture": "#0"},
				"up": {"uv": [3.25, 1.75, 2.25, 1.5], "texture": "#0"},
				"down": {"uv": [1.25, 1.75, 0.25, 1.5], "texture": "#0"}
			}
		},
		{
			"from": [12.9, -8.3, 7.6],
			"to": [13.9, -6.3, 8.4],
			"rotation": {"angle": -22.5, "axis": "z", "origin": [15.1, 2, 0]},
			"faces": {
				"north": {"uv": [4.5, 1, 3.5, 0.5], "rotation": 270, "texture": "#0"},
				"east": {"uv": [4.5, 1.5, 3.5, 1], "rotation": 90, "texture": "#0"},
				"south": {"uv": [3.5, 1, 4.5, 0.5], "rotation": 90, "texture": "#0"},
				"west": {"uv": [5, 0.5, 4, 0], "rotation": 90, "texture": "#0"},
				"up": {"uv": [4, 0.5, 3.5, 0], "rotation": 90, "texture": "#0"},
				"down": {"uv": [4, 0.5, 3.5, 0], "rotation": 90, "texture": "#0"}
			}
		},
		{
			"from": [10, -4.5, 7.7],
			"to": [12, -4, 8.2],
			"rotation": {"angle": 0, "axis": "y", "origin": [15.1, -12, 0]},
			"faces": {
				"north": {"uv": [2.25, 1.5, 1.25, 1.75], "texture": "#0"},
				"east": {"uv": [0.25, 1.5, 0, 1.75], "texture": "#0"},
				"south": {"uv": [1.25, 1.5, 2.25, 1.75], "texture": "#0"},
				"west": {"uv": [0.25, 1.5, 0, 1.75], "texture": "#0"},
				"up": {"uv": [1.25, 1.5, 0.25, 1.75], "texture": "#0"},
				"down": {"uv": [3.25, 1.5, 2.25, 1.75], "texture": "#0"}
			}
		},
		{
			"from": [9.9, -5.2, 7.5],
			"to": [10.9, -3.2, 8.5],
			"rotation": {"angle": 0, "axis": "y", "origin": [15.1, -12, 0]},
			"faces": {
				"north": {"uv": [2.5, 0.5, 3.5, 0], "rotation": 270, "texture": "#0"},
				"east": {"uv": [2.5, 1, 3.5, 0.5], "rotation": 90, "texture": "#0"},
				"south": {"uv": [3.5, 0.5, 2.5, 0], "rotation": 90, "texture": "#0"},
				"west": {"uv": [2.5, 1.5, 3.5, 1], "rotation": 90, "texture": "#0"},
				"up": {"uv": [0, 1.5, 0.5, 1], "rotation": 90, "texture": "#0"},
				"down": {"uv": [0, 1.5, 0.5, 1], "rotation": 90, "texture": "#0"}
			}
		},
		{
			"from": [13.6, -2.3, 7.6],
			"to": [14.6, -0.3, 8.4],
			"rotation": {"angle": 22.5, "axis": "z", "origin": [15.1, -12, 0]},
			"faces": {
				"north": {"uv": [3.5, 1, 4.5, 0.5], "rotation": 270, "texture": "#0"},
				"east": {"uv": [3.5, 1.5, 4.5, 1], "rotation": 90, "texture": "#0"},
				"south": {"uv": [2.5, 10, 3, 11], "texture": "#0"},
				"west": {"uv": [4, 0.5, 5, 0], "rotation": 90, "texture": "#0"},
				"up": {"uv": [3.5, 0.5, 4, 0], "rotation": 90, "texture": "#0"},
				"down": {"uv": [3.5, 0.5, 4, 0], "rotation": 90, "texture": "#0"}
			}
		},
		{
			"from": [10.5, -2.5, 7.7],
			"to": [12.5, -2, 8.2],
			"rotation": {"angle": 22.5, "axis": "z", "origin": [11.1, -2.25, 7.95]},
			"faces": {
				"north": {"uv": [2.25, 1.5, 1.25, 1.75], "texture": "#0"},
				"east": {"uv": [0.25, 1.5, 0, 1.75], "texture": "#0"},
				"south": {"uv": [1.25, 1.5, 2.25, 1.75], "texture": "#0"},
				"west": {"uv": [0.25, 1.5, 0, 1.75], "texture": "#0"},
				"up": {"uv": [1.25, 1.5, 0.25, 1.75], "texture": "#0"},
				"down": {"uv": [3.25, 1.5, 2.25, 1.75], "texture": "#0"}
			}
		},
		{
			"from": [8.85, -2.85, 7.7],
			"to": [9.35, -0.85, 8.2],
			"rotation": {"angle": -45, "axis": "z", "origin": [11.1, -2.25, 7.95]},
			"faces": {
				"north": {"uv": [1.25, 1.75, 2.25, 1.5], "rotation": 270, "texture": "#0"},
				"east": {"uv": [2.25, 1.75, 3.25, 1.5], "rotation": 90, "texture": "#0"},
				"south": {"uv": [2.25, 1.75, 1.25, 1.5], "rotation": 90, "texture": "#0"},
				"west": {"uv": [0.25, 1.75, 1.25, 1.5], "rotation": 90, "texture": "#0"},
				"up": {"uv": [0, 1.75, 0.25, 1.5], "rotation": 90, "texture": "#0"},
				"down": {"uv": [0, 1.75, 0.25, 1.5], "rotation": 90, "texture": "#0"}
			}
		},
		{
			"from": [18.1, -1.1, 7.5],
			"to": [19.1, 1.4, 8.5],
			"rotation": {"angle": 45, "axis": "z", "origin": [15.1, -12, 0]},
			"faces": {
				"north": {"uv": [5, 0.5, 6.25, 0], "rotation": 270, "texture": "#0"},
				"east": {"uv": [4.5, 1, 5.75, 0.5], "rotation": 90, "texture": "#0"},
				"south": {"uv": [6.25, 0.5, 5, 0], "rotation": 90, "texture": "#0"},
				"west": {"uv": [4.5, 1.5, 5.75, 1], "rotation": 90, "texture": "#0"},
				"up": {"uv": [5.75, 1.5, 6.25, 1], "rotation": 90, "texture": "#0"},
				"down": {"uv": [5.75, 1, 6.25, 0.5], "rotation": 90, "texture": "#0"}
			}
		},
		{
			"from": [8.5, 11, 4.5],
			"to": [10.5, 13, 6.5],
			"rotation": {"angle": -45, "axis": "z", "origin": [7, 13, 8]},
			"faces": {
				"north": {"uv": [4.5, 9, 3.5, 10], "texture": "#0"},
				"east": {"uv": [6.5, 9.25, 5.5, 10.25], "rotation": 180, "texture": "#0"},
				"south": {"uv": [3.5, 10, 4.5, 9], "rotation": 90, "texture": "#0"},
				"west": {"uv": [4.5, 10.25, 5.5, 9.25], "rotation": 270, "texture": "#0"},
				"up": {"uv": [5.5, 10.25, 4.5, 9.25], "texture": "#0"},
				"down": {"uv": [6.5, 10.25, 5.5, 9.25], "rotation": 270, "texture": "#0"}
			}
		},
		{
			"from": [8.5, 11, 9.5],
			"to": [10.5, 13, 11.5],
			"rotation": {"angle": -45, "axis": "z", "origin": [7, 13, 8]},
			"faces": {
				"north": {"uv": [3.5, 9, 4.5, 10], "rotation": 90, "texture": "#0"},
				"east": {"uv": [5.5, 9.25, 6.5, 10.25], "rotation": 180, "texture": "#0"},
				"south": {"uv": [3.5, 9, 4.5, 10], "texture": "#0"},
				"west": {"uv": [4.5, 9.25, 5.5, 10.25], "rotation": 270, "texture": "#0"},
				"up": {"uv": [5.5, 9.25, 4.5, 10.25], "texture": "#0"},
				"down": {"uv": [5.5, 10.25, 6.5, 9.25], "rotation": 270, "texture": "#0"}
			}
		},
		{
			"from": [7.4, -9.5, 7.4],
			"to": [8.6, -7, 8.6],
			"rotation": {"angle": 0, "axis": "y", "origin": [8, -2.5, 8]},
			"faces": {
				"north": {"uv": [7.75, 2, 8.25, 3.25], "texture": "#0"},
				"east": {"uv": [7.25, 2, 7.75, 3.25], "texture": "#0"},
				"south": {"uv": [7.75, 2, 8.25, 3.25], "texture": "#0"},
				"west": {"uv": [7.25, 2, 7.75, 3.25], "texture": "#0"},
				"up": {"uv": [7.75, 3.75, 7.25, 3.25], "rotation": 90, "texture": "#0"},
				"down": {"uv": [7.75, 3.75, 7.25, 3.25], "rotation": 270, "texture": "#0"}
			}
		},
		{
			"from": [5.6, 0.8, 7],
			"to": [6.6, 2.8, 9],
			"rotation": {"angle": -22.5, "axis": "z", "origin": [3, -5, 8]},
			"faces": {
				"north": {"uv": [4.75, 1.5, 5.25, 2.5], "texture": "#0"},
				"east": {"uv": [6.25, 2.5, 5.25, 3.5], "texture": "#0"},
				"south": {"uv": [5.25, 1.5, 4.75, 2.5], "texture": "#0"},
				"west": {"uv": [6.25, 1.5, 5.25, 2.5], "texture": "#0"},
				"up": {"uv": [4.75, 2.5, 4.25, 3.5], "rotation": 180, "texture": "#0"},
				"down": {"uv": [4.75, 1.5, 4.25, 2.5], "rotation": 180, "texture": "#0"}
			}
		},
		{
			"from": [7.5, -1, 7.5],
			"to": [8.5, 2, 8.5],
			"rotation": {"angle": 0, "axis": "y", "origin": [3, -5, 8]},
			"faces": {
				"north": {"uv": [5.25, 3.5, 5.75, 5], "texture": "#0"},
				"east": {"uv": [5.25, 2.5, 4.75, 4], "texture": "#0"},
				"south": {"uv": [5.75, 3.5, 5.25, 5], "texture": "#0"},
				"west": {"uv": [5.25, 2.5, 4.75, 4], "texture": "#0"},
				"up": {"uv": [4.75, 3.5, 4.25, 4], "rotation": 180, "texture": "#0"},
				"down": {"uv": [4.75, 3.5, 4.25, 4], "rotation": 180, "texture": "#0"}
			}
		},
		{
			"from": [7.5, 1.5, 7],
			"to": [9.5, 4, 9],
			"rotation": {"angle": -22.5, "axis": "z", "origin": [8, 3, 8]},
			"faces": {
				"north": {"uv": [14, 14.75, 15, 16], "texture": "#0"},
				"east": {"uv": [13, 14.75, 14, 16], "texture": "#0"},
				"south": {"uv": [15, 14.75, 14, 16], "texture": "#0"},
				"west": {"uv": [15, 13.5, 14, 14.75], "texture": "#0"},
				"up": {"uv": [16, 15, 15, 16], "rotation": 180, "texture": "#0"},
				"down": {"uv": [16, 14, 15, 15], "rotation": 180, "texture": "#0"}
			}
		},
		{
			"from": [7.3, 0.1, 7.4],
			"to": [8.3, 3.1, 8.6],
			"rotation": {"angle": 22.5, "axis": "z", "origin": [8, 1, 8]},
			"faces": {
				"north": {"uv": [5.75, 3.5, 6.25, 5], "texture": "#0"},
				"east": {"uv": [5.25, 4, 4.75, 5.5], "texture": "#0"},
				"south": {"uv": [6.25, 3.5, 5.75, 5], "texture": "#0"},
				"west": {"uv": [5.25, 4, 4.75, 5.5], "texture": "#0"},
				"up": {"uv": [5.75, 5, 5.25, 5.5], "rotation": 180, "texture": "#0"},
				"down": {"uv": [5.75, 5, 5.25, 5.5], "rotation": 180, "texture": "#0"}
			}
		},
		{
			"from": [4.5, 6.5, 8],
			"to": [7.5, 8.5, 8],
			"rotation": {"angle": 0, "axis": "y", "origin": [1, -0.5, 2]},
			"faces": {
				"north": {"uv": [13, 8, 14, 9.5], "rotation": 270, "texture": "#0"},
				"east": {"uv": [0, 0, 1, 0], "rotation": 90, "texture": "#0"},
				"south": {"uv": [14, 8, 13, 9.5], "rotation": 90, "texture": "#0"},
				"west": {"uv": [0, 0, 1, 0], "rotation": 90, "texture": "#0"},
				"up": {"uv": [0, 0, 0, 1.5], "rotation": 90, "texture": "#0"},
				"down": {"uv": [0, 0, 0, 1.5], "rotation": 90, "texture": "#0"}
			}
		},
		{
			"from": [4.5, 3.5, 8],
			"to": [7.5, 5.5, 8],
			"rotation": {"angle": 0, "axis": "y", "origin": [1, -0.5, 2]},
			"faces": {
				"north": {"uv": [13, 8, 14, 9.5], "rotation": 270, "texture": "#0"},
				"east": {"uv": [0, 0, 1, 0], "rotation": 90, "texture": "#0"},
				"south": {"uv": [14, 8, 13, 9.5], "rotation": 90, "texture": "#0"},
				"west": {"uv": [0, 0, 1, 0], "rotation": 90, "texture": "#0"},
				"up": {"uv": [0, 0, 0, 1.5], "rotation": 90, "texture": "#0"},
				"down": {"uv": [0, 0, 0, 1.5], "rotation": 90, "texture": "#0"}
			}
		},
		{
			"from": [8.5, 3.5, 8],
			"to": [11.5, 5.5, 8],
			"rotation": {"angle": 0, "axis": "y", "origin": [15, -0.5, 2]},
			"faces": {
				"north": {"uv": [13, 9.5, 14, 8], "rotation": 270, "texture": "#0"},
				"east": {"uv": [0, 0, 1, 0], "rotation": 90, "texture": "#0"},
				"south": {"uv": [14, 9.5, 13, 8], "rotation": 90, "texture": "#0"},
				"west": {"uv": [0, 0, 1, 0], "rotation": 90, "texture": "#0"},
				"up": {"uv": [0, 1.5, 0, 0], "rotation": 90, "texture": "#0"},
				"down": {"uv": [0, 1.5, 0, 0], "rotation": 90, "texture": "#0"}
			}
		},
		{
			"from": [8.5, 6.5, 8],
			"to": [11.5, 8.5, 8],
			"rotation": {"angle": 0, "axis": "y", "origin": [15, -0.5, 2]},
			"faces": {
				"north": {"uv": [13, 9.5, 14, 8], "rotation": 270, "texture": "#0"},
				"east": {"uv": [0, 0, 1, 0], "rotation": 90, "texture": "#0"},
				"south": {"uv": [14, 9.5, 13, 8], "rotation": 90, "texture": "#0"},
				"west": {"uv": [0, 0, 1, 0], "rotation": 90, "texture": "#0"},
				"up": {"uv": [0, 1.5, 0, 0], "rotation": 90, "texture": "#0"},
				"down": {"uv": [0, 1.5, 0, 0], "rotation": 90, "texture": "#0"}
			}
		},
		{
			"from": [8.6, 11.9, 5.5],
			"to": [9.1, 18.9, 10.5],
			"rotation": {"angle": 0, "axis": "y", "origin": [7.2, 10, 8]},
			"faces": {
				"north": {"uv": [10.25, 3.375, 10.5, 6.875], "texture": "#0"},
				"east": {"uv": [10.5, 3.375, 13, 6.875], "texture": "#0"},
				"south": {"uv": [10.5, 3.375, 10.25, 6.875], "texture": "#0"},
				"west": {"uv": [10.5, 6.875, 13, 10.375], "texture": "#0"},
				"up": {"uv": [10.5, 10.375, 13, 10.625], "rotation": 90, "texture": "#0"},
				"down": {"uv": [10.5, 10.375, 13, 10.625], "rotation": 90, "texture": "#0"}
			}
		},
		{
			"from": [7.6, 10.9, 5],
			"to": [9.1, 17.9, 5.5],
			"rotation": {"angle": 0, "axis": "y", "origin": [8.25, 15.5, 4.75]},
			"faces": {
				"north": {"uv": [6.625, 9.625, 10.125, 10.375], "rotation": 90, "texture": "#0"},
				"east": {"uv": [10.125, 9.625, 6.625, 9.375], "rotation": 90, "texture": "#0"},
				"south": {"uv": [10.5, 10.375, 7, 11.125], "rotation": 270, "texture": "#0"},
				"west": {"uv": [6.625, 8.875, 10.125, 9.125], "rotation": 270, "texture": "#0"},
				"up": {"uv": [7.375, 9.125, 6.625, 9.375], "rotation": 180, "texture": "#0"},
				"down": {"uv": [7.375, 9.125, 6.625, 9.375], "rotation": 180, "texture": "#0"}
			}
		},
		{
			"from": [7.6, 10.9, 10.5],
			"to": [9.1, 17.9, 11],
			"rotation": {"angle": 0, "axis": "y", "origin": [8.25, 15.5, 11.25]},
			"faces": {
				"north": {"uv": [10.5, 11.125, 7, 10.375], "rotation": 270, "texture": "#0"},
				"east": {"uv": [10.125, 9.375, 6.625, 9.625], "rotation": 90, "texture": "#0"},
				"south": {"uv": [6.625, 10.375, 10.125, 9.625], "rotation": 90, "texture": "#0"},
				"west": {"uv": [6.625, 9.125, 10.125, 8.875], "rotation": 270, "texture": "#0"},
				"up": {"uv": [7.375, 9.375, 6.625, 9.125], "rotation": 180, "texture": "#0"},
				"down": {"uv": [7.375, 9.375, 6.625, 9.125], "rotation": 180, "texture": "#0"}
			}
		},
		{
			"from": [7.7, 10.5, 5.5],
			"to": [8.7, 12.5, 10.5],
			"rotation": {"angle": -22.5, "axis": "z", "origin": [7.2, 10, 8]},
			"faces": {
				"north": {"uv": [4, 11.875, 5, 12.375], "rotation": 90, "texture": "#0"},
				"east": {"uv": [4, 10.875, 6.5, 11.875], "texture": "#0"},
				"south": {"uv": [4, 11.875, 5, 12.375], "rotation": 90, "texture": "#0"},
				"west": {"uv": [7, 11.375, 9.5, 12.375], "texture": "#0"},
				"up": {"uv": [0, 12, 0.5, 14.5], "texture": "#0"},
				"down": {"uv": [0, 12, 0.5, 14.5], "texture": "#0"}
			}
		},
		{
			"from": [5, 1, 5.5],
			"to": [11, 11, 5.5],
			"rotation": {"angle": 0, "axis": "y", "origin": [16, 0, 0]},
			"faces": {
				"north": {"uv": [1.5, 3.25, 7.5, 13.25], "texture": "#2"},
				"east": {"uv": [0, 0, 0, 6], "texture": "#2"},
				"south": {"uv": [7.5, 3.25, 1.5, 13.25], "texture": "#2"},
				"west": {"uv": [0, 0, 0, 6], "texture": "#2"},
				"up": {"uv": [6, 0, 0, 0], "rotation": 180, "texture": "#2"},
				"down": {"uv": [6, 0, 0, 0], "rotation": 180, "texture": "#2"}
			}
		},
		{
			"from": [5, 1, 10.5],
			"to": [11, 11, 10.5],
			"rotation": {"angle": 0, "axis": "y", "origin": [16, 0, 16]},
			"faces": {
				"north": {"uv": [1.5, 3.25, 7.5, 13.25], "texture": "#3"},
				"east": {"uv": [0, 0, 0, 6], "texture": "#3"},
				"south": {"uv": [7.5, 3.25, 1.5, 13.25], "texture": "#3"},
				"west": {"uv": [0, 0, 0, 6], "texture": "#3"},
				"up": {"uv": [6, 0, 0, 0], "rotation": 180, "texture": "#3"},
				"down": {"uv": [6, 0, 0, 0], "rotation": 180, "texture": "#3"}
			}
		}
	],
	"gui_light": "front",
	"display": {
		"thirdperson_righthand": {
			"rotation": [0, 90, 0],
			"translation": [0, 10, 1.5]
		},
		"thirdperson_lefthand": {
			"rotation": [0, -90, 0],
			"translation": [0, 10, 1.5]
		},
		"firstperson_righthand": {
			"rotation": [0, 90, 0],
			"translation": [3.75, 7, 0.5],
			"scale": [0.5, 0.5, 0.5]
		},
		"firstperson_lefthand": {
			"rotation": [0, -90, 0],
			"translation": [3.75, 7, 0.5],
			"scale": [0.5, 0.5, 0.5]
		},
		"ground": {
			"rotation": [0, 0, -45],
			"translation": [0, 9, 0],
			"scale": [0.6, 0.6, 0.6]
		},
		"gui": {
			"rotation": [90, 45, -90],
			"translation": [1, 1, -2],
			"scale": [0.67594, 0.67594, 0.67594]
		},
		"head": {
			"translation": [0, -15.25, -0.5],
			"scale": [0, 0, 0]
		},
		"fixed": {
			"rotation": [0, -90, 0],
			"translation": [0.25, 7.75, -2],
			"scale": [2, 2, 2]
		}
	},
	"groups": [
		{
			"name": "group",
			"origin": [7, -8, 8],
			"color": 0,
			"children": [0, 1, 2, 3, 4, 5, 6, 7, 8, 9, 10, 11, 12, 13, 14, 15, 16, 17, 18, 19, 20, 21, 22, 23, 24]
		},
		25,
		26,
		27,
		28,
		29,
		30
	]
}