{
	"credit": "MadewithBlockbench",
	"texture_size": [32, 32],
	"textures": {
		"0": "devil_animated_weapon_set:sickletex",
		"1": "devil_animated_weapon_set:bloodline",
		"particle": "devil_animated_weapon_set:sickletex"
	},
	"elements": [
		{
			"from": [3, -1, 8],
			"to": [13, 15, 8],
			"rotation": {"angle": 0, "axis": "y", "origin": [16, 0, 0]},
			"faces": {
				"north": {"uv": [13, 0, 3, 16], "texture": "#1"},
				"east": {"uv": [0, 0, 0, 16], "texture": "#1"},
				"south": {"uv": [3, 0, 13, 16], "texture": "#1"},
				"west": {"uv": [0, 0, 0, 16], "texture": "#1"},
				"up": {"uv": [7, 0, 0, 0], "texture": "#1"},
				"down": {"uv": [7, 0, 0, 0], "texture": "#1"}
			}
		},
		{
			"from": [7.5, -7, 7.5],
			"to": [8.5, -1, 8.5],
			"rotation": {"angle": 0, "axis": "y", "origin": [8, -2.5, 8]},
			"faces": {
				"north": {"uv": [1, 10.25, 1.5, 13.25], "texture": "#0"},
				"east": {"uv": [1, 6.25, 1.5, 9.25], "texture": "#0"},
				"south": {"uv": [1, 10.25, 1.5, 13.25], "texture": "#0"},
				"west": {"uv": [1, 6.25, 1.5, 9.25], "texture": "#0"},
				"up": {"uv": [2, 12.875, 1.5, 12.375], "rotation": 90, "texture": "#0"},
				"down": {"uv": [2, 12.875, 1.5, 12.375], "rotation": 270, "texture": "#0"}
			}
		},
		{
			"from": [7.5, 9, 7.4],
			"to": [8.5, 17, 8.6],
			"rotation": {"angle": 0, "axis": "y", "origin": [8, 17.5, 8]},
			"faces": {
				"north": {"uv": [15.5, 8, 16, 4], "texture": "#0"},
				"east": {"uv": [15.5, 4, 16, 0], "texture": "#0"},
				"south": {"uv": [15.5, 8, 16, 4], "texture": "#0"},
				"west": {"uv": [15.5, 4, 16, 0], "texture": "#0"},
				"up": {"uv": [15.5, 8.5, 16, 8], "rotation": 270, "texture": "#0"},
				"down": {"uv": [15.5, 8.5, 16, 8], "rotation": 90, "texture": "#0"}
			}
		},
		{
			"from": [5.6, 6.8, 7],
			"to": [6.6, 8.8, 9],
			"rotation": {"angle": -22.5, "axis": "z", "origin": [3, 1, 8]},
			"faces": {
				"north": {"uv": [4.75, 1.5, 5.25, 2.5], "texture": "#0"},
				"east": {"uv": [6.25, 2.5, 5.25, 3.5], "texture": "#0"},
				"south": {"uv": [5.25, 1.5, 4.75, 2.5], "texture": "#0"},
				"west": {"uv": [6.25, 1.5, 5.25, 2.5], "texture": "#0"},
				"up": {"uv": [4.75, 2.5, 4.25, 3.5], "rotation": 180, "texture": "#0"},
				"down": {"uv": [4.75, 1.5, 4.25, 2.5], "rotation": 180, "texture": "#0"}
			}
		},
		{
			"from": [7.5, 5, 7.5],
			"to": [8.5, 8, 8.5],
			"rotation": {"angle": 0, "axis": "y", "origin": [3, 1, 8]},
			"faces": {
				"north": {"uv": [5.25, 3.5, 5.75, 5], "texture": "#0"},
				"east": {"uv": [5.25, 2.5, 4.75, 4], "texture": "#0"},
				"south": {"uv": [5.75, 3.5, 5.25, 5], "texture": "#0"},
				"west": {"uv": [5.25, 2.5, 4.75, 4], "texture": "#0"},
				"up": {"uv": [4.75, 3.5, 4.25, 4], "rotation": 180, "texture": "#0"},
				"down": {"uv": [4.75, 3.5, 4.25, 4], "rotation": 180, "texture": "#0"}
			}
		},
		{
			"from": [7.3, 6.1, 7.4],
			"to": [8.3, 9.1, 8.6],
			"rotation": {"angle": 22.5, "axis": "z", "origin": [8, 7, 8]},
			"faces": {
				"north": {"uv": [5.75, 3.5, 6.25, 5], "texture": "#0"},
				"east": {"uv": [5.25, 4, 4.75, 5.5], "texture": "#0"},
				"south": {"uv": [6.25, 3.5, 5.75, 5], "texture": "#0"},
				"west": {"uv": [5.25, 4, 4.75, 5.5], "texture": "#0"},
				"up": {"uv": [5.75, 5, 5.25, 5.5], "rotation": 180, "texture": "#0"},
				"down": {"uv": [5.75, 5, 5.25, 5.5], "rotation": 180, "texture": "#0"}
			}
		},
		{
			"from": [7.4, -9.5, 7.4],
			"to": [8.6, -7, 8.6],
			"rotation": {"angle": 0, "axis": "y", "origin": [8, -2.5, 8]},
			"faces": {
				"north": {"uv": [7.75, 2, 8.25, 3.25], "texture": "#0"},
				"east": {"uv": [7.25, 2, 7.75, 3.25], "texture": "#0"},
				"south": {"uv": [7.75, 2, 8.25, 3.25], "texture": "#0"},
				"west": {"uv": [7.25, 2, 7.75, 3.25], "texture": "#0"},
				"up": {"uv": [7.75, 3.75, 7.25, 3.25], "rotation": 90, "texture": "#0"},
				"down": {"uv": [7.75, 3.75, 7.25, 3.25], "rotation": 270, "texture": "#0"}
			}
		},
		{
			"from": [7.4, 7.5, 7],
			"to": [9.4, 10, 9],
			"rotation": {"angle": -22.5, "axis": "z", "origin": [8, 9, 8]},
			"faces": {
				"north": {"uv": [14, 14.75, 15, 16], "texture": "#0"},
				"east": {"uv": [13, 14.75, 14, 16], "texture": "#0"},
				"south": {"uv": [15, 14.75, 14, 16], "texture": "#0"},
				"west": {"uv": [15, 13.5, 14, 14.75], "texture": "#0"},
				"up": {"uv": [16, 15, 15, 16], "rotation": 180, "texture": "#0"},
				"down": {"uv": [16, 14, 15, 15], "rotation": 180, "texture": "#0"}
			}
		},
		{
			"from": [6.5, 17, 6.5],
			"to": [9, 19, 9.5],
			"rotation": {"angle": 0, "axis": "y", "origin": [7.75, 18, 8]},
			"faces": {
				"north": {"uv": [4.25, 5.5, 3, 6.5], "texture": "#0"},
				"east": {"uv": [4.5, 4.5, 3, 5.5], "texture": "#0"},
				"south": {"uv": [3, 5.5, 4.25, 6.5], "texture": "#0"},
				"west": {"uv": [5.75, 7.25, 4.25, 8.25], "texture": "#0"},
				"up": {"uv": [4.25, 6.5, 3, 8], "rotation": 180, "texture": "#0"},
				"down": {"uv": [5.5, 5.5, 4.25, 7], "rotation": 180, "texture": "#0"}
			}
		},
		{
			"from": [6.15967, 16.29304, 7.5],
			"to": [7.15967, 17.79304, 8.5],
			"rotation": {"angle": -22.5, "axis": "z", "origin": [7.225, 17.09043, 8]},
			"faces": {
				"north": {"uv": [6.75, 2, 6.25, 2.75], "texture": "#0"},
				"east": {"uv": [7.25, 2, 6.75, 2.75], "texture": "#0"},
				"south": {"uv": [6.25, 2, 6.75, 2.75], "texture": "#0"},
				"west": {"uv": [7.25, 2, 6.75, 2.75], "texture": "#0"},
				"up": {"uv": [6.75, 2.75, 6.25, 3.25], "rotation": 180, "texture": "#0"},
				"down": {"uv": [6.75, 2.75, 6.25, 3.25], "rotation": 180, "texture": "#0"}
			}
		},
		{
			"from": [-3.1, 15.5, 7.5],
			"to": [-2.1, 18, 8.5],
			"rotation": {"angle": -45, "axis": "z", "origin": [0.9, 4.6, 0]},
			"faces": {
				"north": {"uv": [5, 0, 6.25, 0.5], "rotation": 270, "texture": "#0"},
				"east": {"uv": [4.5, 1, 5.75, 1.5], "rotation": 90, "texture": "#0"},
				"south": {"uv": [6.25, 0, 5, 0.5], "rotation": 90, "texture": "#0"},
				"west": {"uv": [4.5, 0.5, 5.75, 1], "rotation": 90, "texture": "#0"},
				"up": {"uv": [5.75, 1, 6.25, 1.5], "rotation": 90, "texture": "#0"},
				"down": {"uv": [5.75, 0.5, 6.25, 1], "rotation": 90, "texture": "#0"}
			}
		},
		{
			"from": [6.65, 13.75, 7.7],
			"to": [7.15, 15.75, 8.2],
			"rotation": {"angle": 45, "axis": "z", "origin": [4.9, 14.35, 7.95]},
			"faces": {
				"north": {"uv": [1.25, 1.5, 2.25, 1.75], "rotation": 270, "texture": "#0"},
				"east": {"uv": [0.25, 1.5, 1.25, 1.75], "rotation": 90, "texture": "#0"},
				"south": {"uv": [2.25, 1.5, 1.25, 1.75], "rotation": 90, "texture": "#0"},
				"west": {"uv": [2.25, 1.5, 3.25, 1.75], "rotation": 90, "texture": "#0"},
				"up": {"uv": [0, 1.5, 0.25, 1.75], "rotation": 90, "texture": "#0"},
				"down": {"uv": [0, 1.5, 0.25, 1.75], "rotation": 90, "texture": "#0"}
			}
		},
		{
			"from": [3.5, 14.1, 7.7],
			"to": [5.5, 14.6, 8.2],
			"rotation": {"angle": -22.5, "axis": "z", "origin": [4.9, 14.35, 7.95]},
			"faces": {
				"north": {"uv": [1.25, 1.5, 2.25, 1.75], "texture": "#0"},
				"east": {"uv": [0, 1.5, 0.25, 1.75], "texture": "#0"},
				"south": {"uv": [2.25, 1.5, 1.25, 1.75], "texture": "#0"},
				"west": {"uv": [0, 1.5, 0.25, 1.75], "texture": "#0"},
				"up": {"uv": [0.25, 1.5, 1.25, 1.75], "texture": "#0"},
				"down": {"uv": [2.25, 1.5, 3.25, 1.75], "texture": "#0"}
			}
		},
		{
			"from": [1.4, 14.3, 7.6],
			"to": [2.4, 16.3, 8.4],
			"rotation": {"angle": -22.5, "axis": "z", "origin": [0.9, 4.6, 0]},
			"faces": {
				"north": {"uv": [3.5, 0.5, 4.5, 1], "rotation": 270, "texture": "#0"},
				"east": {"uv": [4, 0, 5, 0.5], "rotation": 90, "texture": "#0"},
				"south": {"uv": [3, 10, 2.5, 11], "texture": "#0"},
				"west": {"uv": [3.5, 1, 4.5, 1.5], "rotation": 90, "texture": "#0"},
				"up": {"uv": [3.5, 0, 4, 0.5], "rotation": 90, "texture": "#0"},
				"down": {"uv": [3.5, 0, 4, 0.5], "rotation": 90, "texture": "#0"}
			}
		},
		{
			"from": [5.1, 11.4, 7.5],
			"to": [6.1, 13.4, 8.5],
			"rotation": {"angle": 0, "axis": "y", "origin": [0.9, 4.6, 0]},
			"faces": {
				"north": {"uv": [2.5, 0, 3.5, 0.5], "rotation": 270, "texture": "#0"},
				"east": {"uv": [2.5, 1, 3.5, 1.5], "rotation": 90, "texture": "#0"},
				"south": {"uv": [3.5, 0, 2.5, 0.5], "rotation": 90, "texture": "#0"},
				"west": {"uv": [2.5, 0.5, 3.5, 1], "rotation": 90, "texture": "#0"},
				"up": {"uv": [0, 1, 0.5, 1.5], "rotation": 90, "texture": "#0"},
				"down": {"uv": [0, 1, 0.5, 1.5], "rotation": 90, "texture": "#0"}
			}
		},
		{
			"from": [4, 12.1, 7.7],
			"to": [6, 12.6, 8.2],
			"rotation": {"angle": 0, "axis": "y", "origin": [0.9, 4.6, 0]},
			"faces": {
				"north": {"uv": [1.25, 1.5, 2.25, 1.75], "texture": "#0"},
				"east": {"uv": [0, 1.5, 0.25, 1.75], "texture": "#0"},
				"south": {"uv": [2.25, 1.5, 1.25, 1.75], "texture": "#0"},
				"west": {"uv": [0, 1.5, 0.25, 1.75], "texture": "#0"},
				"up": {"uv": [0.25, 1.5, 1.25, 1.75], "texture": "#0"},
				"down": {"uv": [2.25, 1.5, 3.25, 1.75], "texture": "#0"}
			}
		},
		{
			"from": [2.1, 8.3, 7.6],
			"to": [3.1, 10.3, 8.4],
			"rotation": {"angle": 22.5, "axis": "z", "origin": [0.9, 18.6, 0]},
			"faces": {
				"north": {"uv": [4.5, 0.5, 3.5, 1], "rotation": 270, "texture": "#0"},
				"east": {"uv": [5, 0, 4, 0.5], "rotation": 90, "texture": "#0"},
				"south": {"uv": [3.5, 0.5, 4.5, 1], "rotation": 90, "texture": "#0"},
				"west": {"uv": [4.5, 1, 3.5, 1.5], "rotation": 90, "texture": "#0"},
				"up": {"uv": [4, 0, 3.5, 0.5], "rotation": 90, "texture": "#0"},
				"down": {"uv": [4, 0, 3.5, 0.5], "rotation": 90, "texture": "#0"}
			}
		},
		{
			"from": [4.5, 9.6, 7.7],
			"to": [6.5, 10.1, 8.2],
			"rotation": {"angle": 22.5, "axis": "z", "origin": [4.9, 8.85, 7.95]},
			"faces": {
				"north": {"uv": [1.25, 1.75, 2.25, 1.5], "texture": "#0"},
				"east": {"uv": [0, 1.75, 0.25, 1.5], "texture": "#0"},
				"south": {"uv": [2.25, 1.75, 1.25, 1.5], "texture": "#0"},
				"west": {"uv": [0, 1.75, 0.25, 1.5], "texture": "#0"},
				"up": {"uv": [2.25, 1.75, 3.25, 1.5], "texture": "#0"},
				"down": {"uv": [0.25, 1.75, 1.25, 1.5], "texture": "#0"}
			}
		},
		{
			"from": [0.9, 11.6, 7.5],
			"to": [2.9, 12.6, 8.5],
			"rotation": {"angle": -45, "axis": "z", "origin": [0.9, 4.6, 0]},
			"faces": {
				"north": {"uv": [0.5, 0, 1.5, 0.5], "texture": "#0"},
				"east": {"uv": [0, 0, 0.5, 0.5], "texture": "#0"},
				"south": {"uv": [1.5, 0, 0.5, 0.5], "texture": "#0"},
				"west": {"uv": [0, 0, 0.5, 0.5], "texture": "#0"},
				"up": {"uv": [0.5, 0.5, 1.5, 1], "texture": "#0"},
				"down": {"uv": [0.5, 1, 1.5, 1.5], "texture": "#0"}
			}
		},
		{
			"from": [9, 17.8, 7],
			"to": [11, 19.8, 9],
			"rotation": {"angle": -45, "axis": "z", "origin": [7, 19, 8]},
			"faces": {
				"north": {"uv": [3.5, 9, 4.5, 10], "rotation": 90, "texture": "#0"},
				"east": {"uv": [5.5, 9.25, 6.5, 10.25], "rotation": 180, "texture": "#0"},
				"south": {"uv": [3.5, 9, 4.5, 10], "texture": "#0"},
				"west": {"uv": [4.5, 9.25, 5.5, 10.25], "rotation": 270, "texture": "#0"},
				"up": {"uv": [5.5, 9.25, 4.5, 10.25], "texture": "#0"},
				"down": {"uv": [5.5, 10.25, 6.5, 9.25], "rotation": 270, "texture": "#0"}
			}
		},
		{
			"from": [6.51543, 15.46543, 7],
			"to": [7.51543, 16.96543, 9],
			"rotation": {"angle": 0, "axis": "y", "origin": [7.225, 17.09043, 8]},
			"faces": {
				"north": {"uv": [3, 8.25, 3.5, 9], "texture": "#0"},
				"east": {"uv": [4.5, 8.25, 3.5, 9], "texture": "#0"},
				"south": {"uv": [3.5, 8.25, 3, 9], "texture": "#0"},
				"west": {"uv": [4.5, 8.25, 3.5, 9], "texture": "#0"},
				"up": {"uv": [3.5, 9, 3, 10], "rotation": 180, "texture": "#0"},
				"down": {"uv": [3.5, 9, 3, 10], "rotation": 180, "texture": "#0"}
			}
		},
		{
			"from": [-8, 4, 8],
			"to": [-1, 21, 8],
			"rotation": {"angle": -45, "axis": "z", "origin": [2.9, 7.5, 8]},
			"faces": {
				"north": {"uv": [11.375, 16, 2.875, 12.5], "rotation": 270, "texture": "#0"},
				"east": {"uv": [0, 0, 0, 8.5], "texture": "#0"},
				"south": {"uv": [2.875, 16, 11.375, 12.5], "rotation": 90, "texture": "#0"},
				"west": {"uv": [0, 0, 0, 8.5], "rotation": 180, "texture": "#0"},
				"up": {"uv": [0, 4, 0, 0], "rotation": 90, "texture": "#0"},
				"down": {"uv": [0, 4, 0, 0], "rotation": 90, "texture": "#0"}
			}
		},
		{
			"from": [7.5, -1, 7.5],
			"to": [8.5, 5, 8.5],
			"rotation": {"angle": 0, "axis": "y", "origin": [8, 18.5, 8]},
			"faces": {
				"north": {"uv": [1, 13.25, 1.5, 10.25], "texture": "#0"},
				"east": {"uv": [1, 9.25, 1.5, 6.25], "texture": "#0"},
				"south": {"uv": [1, 13.25, 1.5, 10.25], "texture": "#0"},
				"west": {"uv": [1, 9.25, 1.5, 6.25], "texture": "#0"},
				"up": {"uv": [1.5, 12.875, 2, 12.375], "rotation": 270, "texture": "#0"},
				"down": {"uv": [1.5, 12.875, 2, 12.375], "rotation": 90, "texture": "#0"}
			}
		},
		{
			"from": [9, 18, 7.4],
			"to": [14, 18.5, 8.6],
			"rotation": {"angle": 0, "axis": "y", "origin": [0, -0.3, 7.5]},
			"faces": {
				"north": {"uv": [8.75, 0, 11.25, 0.25], "texture": "#0"},
				"east": {"uv": [11.25, 0, 11.75, 0.25], "texture": "#0"},
				"south": {"uv": [8.75, 0, 11.25, 0.25], "texture": "#0"},
				"west": {"uv": [11.25, 0, 11.75, 0.25], "texture": "#0"},
				"up": {"uv": [8.75, 0.25, 11.25, 0.75], "texture": "#0"},
				"down": {"uv": [8.75, 0.75, 11.25, 1.25], "texture": "#0"}
			}
		},
		{
			"from": [14.1, 16.2, 7.5],
			"to": [21.1, 16.7, 8.5],
			"rotation": {"angle": -22.5, "axis": "z", "origin": [18.5, 18.2, 8.5]},
			"faces": {
				"north": {"uv": [8.75, 2.25, 12.25, 2.5], "texture": "#0"},
				"east": {"uv": [11.25, 0.5, 11.75, 0.75], "texture": "#0"},
				"south": {"uv": [8.75, 2.25, 12.25, 2.5], "texture": "#0"},
				"west": {"uv": [11.25, 0.25, 11.75, 0.5], "texture": "#0"},
				"up": {"uv": [8.75, 1.75, 12.25, 2.25], "texture": "#0"},
				"down": {"uv": [8.75, 1.25, 12.25, 1.75], "texture": "#0"}
			}
		},
		{
			"from": [19.1, 15.9, 7.6],
			"to": [20.1, 16.9, 8.4],
			"rotation": {"angle": 0, "axis": "y", "origin": [2.6, -1.1, 0]},
			"faces": {
				"north": {"uv": [11.75, 0, 12.25, 0.5], "texture": "#0"},
				"east": {"uv": [12.75, 0, 13.25, 0.5], "texture": "#0"},
				"south": {"uv": [11.75, 0, 12.25, 0.5], "texture": "#0"},
				"west": {"uv": [13.25, 0, 13.75, 0.5], "texture": "#0"},
				"up": {"uv": [12.25, 0, 12.75, 0.5], "texture": "#0"},
				"down": {"uv": [12.25, 0, 12.75, 0.5], "texture": "#0"}
			}
		},
		{
			"from": [19.3, 16.4, 7.7],
			"to": [20.3, 18.4, 8.3],
			"rotation": {"angle": 45, "axis": "z", "origin": [19.6, 16.4, 8]},
			"faces": {
				"north": {"uv": [13.25, 1.5, 13.75, 2.5], "texture": "#0"},
				"east": {"uv": [12.75, 1.5, 13.25, 2.5], "texture": "#0"},
				"south": {"uv": [13.25, 1.5, 13.75, 2.5], "texture": "#0"},
				"west": {"uv": [12.25, 1.5, 12.75, 2.5], "texture": "#0"},
				"up": {"uv": [11.25, 0.75, 11.75, 1.25], "texture": "#0"},
				"down": {"uv": [11.25, 0.75, 11.75, 1.25], "texture": "#0"}
			}
		},
		{
			"from": [16.1, 17.1, 7.6],
			"to": [17.1, 18.1, 8.4],
			"rotation": {"angle": 0, "axis": "y", "origin": [-0.4, 0.1, 0]},
			"faces": {
				"north": {"uv": [11.75, 0, 12.25, 0.5], "texture": "#0"},
				"east": {"uv": [12.75, 0, 13.25, 0.5], "texture": "#0"},
				"south": {"uv": [11.75, 0, 12.25, 0.5], "texture": "#0"},
				"west": {"uv": [13.25, 0, 13.75, 0.5], "texture": "#0"},
				"up": {"uv": [12.25, 0, 12.75, 0.5], "texture": "#0"},
				"down": {"uv": [12.25, 0, 12.75, 0.5], "texture": "#0"}
			}
		},
		{
			"from": [16.3, 17.6, 7.7],
			"to": [17.3, 19.6, 8.3],
			"rotation": {"angle": 45, "axis": "z", "origin": [16.6, 17.6, 8]},
			"faces": {
				"north": {"uv": [13.25, 1.5, 13.75, 2.5], "texture": "#0"},
				"east": {"uv": [12.75, 1.5, 13.25, 2.5], "texture": "#0"},
				"south": {"uv": [13.25, 1.5, 13.75, 2.5], "texture": "#0"},
				"west": {"uv": [12.25, 1.5, 12.75, 2.5], "texture": "#0"},
				"up": {"uv": [11.25, 0.75, 11.75, 1.25], "texture": "#0"},
				"down": {"uv": [11.25, 0.75, 11.75, 1.25], "texture": "#0"}
			}
		},
		{
			"from": [12.8, 19, 7.7],
			"to": [13.8, 21, 8.3],
			"rotation": {"angle": 45, "axis": "z", "origin": [13.1, 19, 8]},
			"faces": {
				"north": {"uv": [13.25, 1.5, 13.75, 2.5], "texture": "#0"},
				"east": {"uv": [12.75, 1.5, 13.25, 2.5], "texture": "#0"},
				"south": {"uv": [13.25, 1.5, 13.75, 2.5], "texture": "#0"},
				"west": {"uv": [12.25, 1.5, 12.75, 2.5], "texture": "#0"},
				"up": {"uv": [11.25, 0.75, 11.75, 1.25], "texture": "#0"},
				"down": {"uv": [11.25, 0.75, 11.75, 1.25], "texture": "#0"}
			}
		},
		{
			"from": [12.6, 18.5, 7.6],
			"to": [13.6, 19.5, 8.4],
			"rotation": {"angle": 0, "axis": "y", "origin": [-3.9, 1.5, 0]},
			"faces": {
				"north": {"uv": [11.75, 0, 12.25, 0.5], "texture": "#0"},
				"east": {"uv": [12.75, 0, 13.25, 0.5], "texture": "#0"},
				"south": {"uv": [11.75, 0, 12.25, 0.5], "texture": "#0"},
				"west": {"uv": [13.25, 0, 13.75, 0.5], "texture": "#0"},
				"up": {"uv": [12.25, 0, 12.75, 0.5], "texture": "#0"},
				"down": {"uv": [12.25, 0, 12.75, 0.5], "texture": "#0"}
			}
		},
		{
			"from": [9.8, 19, 7.7],
			"to": [10.8, 21, 8.3],
			"rotation": {"angle": 45, "axis": "z", "origin": [10.1, 19, 8]},
			"faces": {
				"north": {"uv": [13.25, 1.5, 13.75, 2.5], "texture": "#0"},
				"east": {"uv": [12.75, 1.5, 13.25, 2.5], "texture": "#0"},
				"south": {"uv": [13.25, 1.5, 13.75, 2.5], "texture": "#0"},
				"west": {"uv": [12.25, 1.5, 12.75, 2.5], "texture": "#0"},
				"up": {"uv": [11.25, 0.75, 11.75, 1.25], "texture": "#0"},
				"down": {"uv": [11.25, 0.75, 11.75, 1.25], "texture": "#0"}
			}
		},
		{
			"from": [9.6, 18.5, 7.6],
			"to": [10.6, 19.5, 8.4],
			"rotation": {"angle": 0, "axis": "y", "origin": [-6.9, 1.5, 0]},
			"faces": {
				"north": {"uv": [11.75, 0, 12.25, 0.5], "texture": "#0"},
				"east": {"uv": [12.75, 0, 13.25, 0.5], "texture": "#0"},
				"south": {"uv": [11.75, 0, 12.25, 0.5], "texture": "#0"},
				"west": {"uv": [13.25, 0, 13.75, 0.5], "texture": "#0"},
				"up": {"uv": [12.25, 0, 12.75, 0.5], "texture": "#0"},
				"down": {"uv": [12.25, 0, 12.75, 0.5], "texture": "#0"}
			}
		},
		{
			"from": [8, 11, 8],
			"to": [24, 19, 8],
			"rotation": {"angle": 0, "axis": "y", "origin": [0, 6, 0]},
			"faces": {
				"north": {"uv": [8.5, 7.875, 16.5, 11.875], "texture": "#0"},
				"east": {"uv": [0, 0, 0, 3], "texture": "#0"},
				"south": {"uv": [16.5, 7.875, 8.5, 11.875], "texture": "#0"},
				"west": {"uv": [0, 0, 0, 3], "texture": "#0"},
				"up": {"uv": [8.5, 7.875, 16, 7.875], "texture": "#0"},
				"down": {"uv": [8.5, 7.875, 16, 7.875], "texture": "#0"}
			}
		}
	],
	"gui_light": "front",
	"display": {
		"thirdperson_righthand": {
			"rotation": [0, 90, 0],
			"translation": [0, 10, 1.5]
		},
		"thirdperson_lefthand": {
			"rotation": [0, -90, 0],
			"translation": [0, 10, 1.5]
		},
		"firstperson_righthand": {
			"rotation": [0, 90, 0],
			"translation": [3.75, 7, 0.5],
			"scale": [0.5, 0.5, 0.5]
		},
		"firstperson_lefthand": {
			"rotation": [0, -90, 0],
			"translation": [3.75, 7, 0.5],
			"scale": [0.5, 0.5, 0.5]
		},
		"ground": {
			"rotation": [0, 0, -45],
			"translation": [0, 9, 0],
			"scale": [0.6, 0.6, 0.6]
		},
		"gui": {
			"rotation": [-180, 0, -135],
			"translation": [0, -0.75, -2],
			"scale": [0.55875, 0.55875, 0.55875]
		},
		"head": {
			"translation": [0, -15.25, -0.5],
			"scale": [0, 0, 0]
		},
		"fixed": {
			"translation": [0.25, 7.75, -2],
			"scale": [2, 2, 2]
		}
	},
	"groups": [
		{
			"name": "group",
			"origin": [-6.9, 1.5, 0],
			"color": 0,
			"children": [0, 1, 2, 3, 4, 5, 6, 7, 8, 9, 10, 11, 12, 13, 14, 15, 16, 17, 18, 19, 20, 21, 22, 23, 24, 25, 26, 27, 28, 29, 30, 31, 32, 33]
		}
	]
}