{
	"credit": "MadewithBlockbench",
	"texture_size": [32, 32],
	"textures": {
		"0": "devil_animated_weapon_set:speartex",
		"1": "devil_animated_weapon_set:blood",
		"particle": "devil_animated_weapon_set:speartex"
	},
	"elements": [
		{
			"from": [7.5, -7, 7.5],
			"to": [8.5, 1, 8.5],
			"rotation": {"angle": 0, "axis": "y", "origin": [8, -2.5, 8]},
			"faces": {
				"north": {"uv": [1, 6.25, 1.5, 10.25], "texture": "#0"},
				"east": {"uv": [1, 10.25, 1.5, 14.25], "texture": "#0"},
				"south": {"uv": [1, 6.25, 1.5, 10.25], "texture": "#0"},
				"west": {"uv": [1, 10.25, 1.5, 14.25], "texture": "#0"},
				"up": {"uv": [2, 12.875, 1.5, 12.375], "texture": "#0"},
				"down": {"uv": [2, 12.875, 1.5, 12.375], "texture": "#0"}
			}
		},
		{
			"from": [7.5, 1, 7.5],
			"to": [8.5, 9, 8.5],
			"rotation": {"angle": 0, "axis": "y", "origin": [8, 20.5, 8]},
			"faces": {
				"north": {"uv": [15.5, 4, 16, 0], "texture": "#0"},
				"east": {"uv": [15.5, 8, 16, 4], "texture": "#0"},
				"south": {"uv": [15.5, 4, 16, 0], "texture": "#0"},
				"west": {"uv": [15.5, 8, 16, 4], "texture": "#0"},
				"up": {"uv": [16, 8, 15.5, 8.5], "texture": "#0"},
				"down": {"uv": [16, 8, 15.5, 8.5], "texture": "#0"}
			}
		},
		{
			"from": [7.4, -9.5, 7.4],
			"to": [8.6, -7, 8.6],
			"rotation": {"angle": 0, "axis": "y", "origin": [8, -2.5, 8]},
			"faces": {
				"north": {"uv": [7.25, 2, 7.75, 3.25], "texture": "#0"},
				"east": {"uv": [7.75, 2, 8.25, 3.25], "texture": "#0"},
				"south": {"uv": [7.25, 2, 7.75, 3.25], "texture": "#0"},
				"west": {"uv": [7.75, 2, 8.25, 3.25], "texture": "#0"},
				"up": {"uv": [7.75, 3.75, 7.25, 3.25], "texture": "#0"},
				"down": {"uv": [7.75, 3.75, 7.25, 3.25], "texture": "#0"}
			}
		},
		{
			"from": [9.4, 10.8, 7],
			"to": [10.4, 12.8, 9],
			"rotation": {"angle": 22.5, "axis": "z", "origin": [13, 5, 8]},
			"faces": {
				"north": {"uv": [5.25, 1.5, 4.75, 2.5], "texture": "#0"},
				"east": {"uv": [6.25, 1.5, 5.25, 2.5], "texture": "#0"},
				"south": {"uv": [4.75, 1.5, 5.25, 2.5], "texture": "#0"},
				"west": {"uv": [6.25, 2.5, 5.25, 3.5], "texture": "#0"},
				"up": {"uv": [4.75, 2.5, 4.25, 3.5], "texture": "#0"},
				"down": {"uv": [4.75, 1.5, 4.25, 2.5], "texture": "#0"}
			}
		},
		{
			"from": [7.5, 9, 7.5],
			"to": [8.5, 12, 8.5],
			"rotation": {"angle": 0, "axis": "y", "origin": [13, 5, 8]},
			"faces": {
				"north": {"uv": [5.75, 3.5, 5.25, 5], "texture": "#0"},
				"east": {"uv": [5.25, 2.5, 4.75, 4], "texture": "#0"},
				"south": {"uv": [5.25, 3.5, 5.75, 5], "texture": "#0"},
				"west": {"uv": [5.25, 2.5, 4.75, 4], "texture": "#0"},
				"up": {"uv": [4.75, 3.5, 4.25, 4], "texture": "#0"},
				"down": {"uv": [4.75, 3.5, 4.25, 4], "texture": "#0"}
			}
		},
		{
			"from": [6.5, 11.5, 7],
			"to": [8.5, 14, 9],
			"rotation": {"angle": 22.5, "axis": "z", "origin": [8, 13, 8]},
			"faces": {
				"north": {"uv": [15, 14.75, 14, 16], "texture": "#0"},
				"east": {"uv": [15, 13.5, 14, 14.75], "texture": "#0"},
				"south": {"uv": [14, 14.75, 15, 16], "texture": "#0"},
				"west": {"uv": [13, 14.75, 14, 16], "texture": "#0"},
				"up": {"uv": [16, 15, 15, 16], "texture": "#0"},
				"down": {"uv": [16, 14, 15, 15], "texture": "#0"}
			}
		},
		{
			"from": [7.7, 10.1, 7.4],
			"to": [8.7, 13.1, 8.6],
			"rotation": {"angle": -22.5, "axis": "z", "origin": [8, 11, 8]},
			"faces": {
				"north": {"uv": [6.25, 3.5, 5.75, 5], "texture": "#0"},
				"east": {"uv": [5.25, 4, 4.75, 5.5], "texture": "#0"},
				"south": {"uv": [5.75, 3.5, 6.25, 5], "texture": "#0"},
				"west": {"uv": [5.25, 4, 4.75, 5.5], "texture": "#0"},
				"up": {"uv": [5.75, 5, 5.25, 5.5], "texture": "#0"},
				"down": {"uv": [5.75, 5, 5.25, 5.5], "texture": "#0"}
			}
		},
		{
			"from": [3, 10, 8],
			"to": [13, 26, 8],
			"faces": {
				"north": {"uv": [10.375, 0, 15.375, 8], "texture": "#0"},
				"east": {"uv": [0, 0, 0, 8], "texture": "#0"},
				"south": {"uv": [10.375, 0, 15.375, 8], "texture": "#0"},
				"west": {"uv": [0, 0, 0, 8], "texture": "#0"},
				"up": {"uv": [0, 0, 5, 0], "texture": "#0"},
				"down": {"uv": [0, 0, 5, 0], "texture": "#0"}
			}
		},
		{
			"from": [12.5, 8.5, 7],
			"to": [14.5, 10.5, 9],
			"rotation": {"angle": -45, "axis": "z", "origin": [8, 15, 8]},
			"faces": {
				"north": {"uv": [3.5, 9, 4.5, 10], "rotation": 90, "texture": "#0"},
				"east": {"uv": [5.5, 9.25, 6.5, 10.25], "rotation": 180, "texture": "#0"},
				"south": {"uv": [3.5, 9, 4.5, 10], "texture": "#0"},
				"west": {"uv": [4.5, 9.25, 5.5, 10.25], "rotation": 270, "texture": "#0"},
				"up": {"uv": [5.5, 9.25, 4.5, 10.25], "texture": "#0"},
				"down": {"uv": [5.5, 9.25, 6.5, 10.25], "rotation": 270, "texture": "#0"}
			}
		},
		{
			"from": [7.5, 14.8, 6.1],
			"to": [8.5, 16.3, 7.1],
			"rotation": {"angle": 22.5, "axis": "x", "origin": [8, 15.25, 6]},
			"faces": {
				"north": {"uv": [6.75, 2, 7.25, 2.75], "texture": "#0"},
				"east": {"uv": [6.75, 2, 6.25, 2.75], "texture": "#0"},
				"south": {"uv": [6.75, 2, 7.25, 2.75], "texture": "#0"},
				"west": {"uv": [6.25, 2, 6.75, 2.75], "texture": "#0"},
				"up": {"uv": [6.25, 2.75, 6.75, 3.25], "rotation": 90, "texture": "#0"},
				"down": {"uv": [6.25, 2.75, 6.75, 3.25], "rotation": 270, "texture": "#0"}
			}
		},
		{
			"from": [7, 13.5, 6.5],
			"to": [9, 15, 7.5],
			"rotation": {"angle": 0, "axis": "y", "origin": [16, 10, 4]},
			"faces": {
				"north": {"uv": [3.5, 8.25, 4.5, 9], "texture": "#0"},
				"east": {"uv": [3, 8.25, 3.5, 9], "texture": "#0"},
				"south": {"uv": [3.5, 8.25, 4.5, 9], "texture": "#0"},
				"west": {"uv": [3.5, 8.25, 3, 9], "texture": "#0"},
				"up": {"uv": [3, 9, 3.5, 10], "rotation": 90, "texture": "#0"},
				"down": {"uv": [3, 9, 3.5, 10], "rotation": 270, "texture": "#0"}
			}
		},
		{
			"from": [6.5, 15, 6.5],
			"to": [9.5, 17, 9],
			"rotation": {"angle": 0, "axis": "y", "origin": [16, 10, 4]},
			"faces": {
				"north": {"uv": [4.25, 7.25, 5.75, 8.25], "texture": "#0"},
				"east": {"uv": [4.25, 5.5, 3, 6.5], "texture": "#0"},
				"south": {"uv": [3, 4.5, 4.5, 5.5], "texture": "#0"},
				"west": {"uv": [3, 5.5, 4.25, 6.5], "texture": "#0"},
				"up": {"uv": [3, 6.5, 4.25, 8], "rotation": 90, "texture": "#0"},
				"down": {"uv": [4.25, 5.5, 5.5, 7], "rotation": 270, "texture": "#0"}
			}
		},
		{
			"from": [6, 14.9, 7.5],
			"to": [8, 15.9, 8.5],
			"rotation": {"angle": 0, "axis": "y", "origin": [0, -0.1, 7]},
			"faces": {
				"north": {"uv": [5.625, 8.25, 6.625, 8.75], "texture": "#0"},
				"east": {"uv": [6.625, 8.25, 7.125, 8.75], "texture": "#0"},
				"south": {"uv": [6.625, 8.25, 5.625, 8.75], "texture": "#0"},
				"west": {"uv": [6.625, 8.25, 7.125, 8.75], "texture": "#0"},
				"up": {"uv": [6, 7.75, 7, 8.25], "texture": "#0"},
				"down": {"uv": [5.625, 8.75, 6.625, 9.25], "texture": "#0"}
			}
		},
		{
			"from": [7.5, 12.9, 7.5],
			"to": [8.5, 14.9, 8.5],
			"rotation": {"angle": 0, "axis": "y", "origin": [0, 0, 7]},
			"faces": {
				"north": {"uv": [3.25, 3.25, 3.75, 4.25], "texture": "#0"},
				"east": {"uv": [3.75, 3.25, 4.25, 4.25], "texture": "#0"},
				"south": {"uv": [3.25, 3.25, 3.75, 4.25], "texture": "#0"},
				"west": {"uv": [3.75, 3.25, 4.25, 4.25], "texture": "#0"},
				"up": {"uv": [4.25, 4, 4.75, 4.5], "texture": "#0"},
				"down": {"uv": [4.25, 4, 4.75, 4.5], "texture": "#0"}
			}
		},
		{
			"from": [5.1, 14.3, 7.6],
			"to": [6.6, 15.3, 8.4],
			"rotation": {"angle": -45, "axis": "z", "origin": [7, 15.4, 8]},
			"faces": {
				"north": {"uv": [6, 7.25, 6.75, 7.75], "texture": "#0"},
				"east": {"uv": [7, 7.75, 7.5, 8.25], "texture": "#0"},
				"south": {"uv": [6.75, 7.25, 6, 7.75], "texture": "#0"},
				"west": {"uv": [7, 7.75, 7.5, 8.25], "texture": "#0"},
				"up": {"uv": [6.75, 7.25, 7.5, 7.75], "texture": "#0"},
				"down": {"uv": [7.5, 7.25, 8.25, 7.75], "texture": "#0"}
			}
		},
		{
			"from": [8, 14.9, 7.5],
			"to": [10, 15.9, 8.5],
			"rotation": {"angle": 0, "axis": "y", "origin": [16, -0.1, 7]},
			"faces": {
				"north": {"uv": [6.625, 8.25, 5.625, 8.75], "texture": "#0"},
				"east": {"uv": [7.125, 8.25, 6.625, 8.75], "texture": "#0"},
				"south": {"uv": [5.625, 8.25, 6.625, 8.75], "texture": "#0"},
				"west": {"uv": [7.125, 8.25, 6.625, 8.75], "texture": "#0"},
				"up": {"uv": [7, 7.75, 6, 8.25], "texture": "#0"},
				"down": {"uv": [6.625, 8.75, 5.625, 9.25], "texture": "#0"}
			}
		},
		{
			"from": [9.4, 14.3, 7.6],
			"to": [10.9, 15.3, 8.4],
			"rotation": {"angle": 45, "axis": "z", "origin": [9, 15.4, 8]},
			"faces": {
				"north": {"uv": [6.75, 7.25, 6, 7.75], "texture": "#0"},
				"east": {"uv": [7.5, 7.75, 7, 8.25], "texture": "#0"},
				"south": {"uv": [6, 7.25, 6.75, 7.75], "texture": "#0"},
				"west": {"uv": [7.5, 7.75, 7, 8.25], "texture": "#0"},
				"up": {"uv": [7.5, 7.25, 6.75, 7.75], "texture": "#0"},
				"down": {"uv": [8.25, 7.25, 7.5, 7.75], "texture": "#0"}
			}
		},
		{
			"from": [10.1, -6, 8],
			"to": [18.1, 11, 8],
			"rotation": {"angle": 22.5, "axis": "z", "origin": [13.1, 1.5, 8]},
			"faces": {
				"north": {"uv": [11.375, 12, 2.875, 16], "rotation": 270, "texture": "#0"},
				"east": {"uv": [0, 0, 0, 8.5], "rotation": 180, "texture": "#0"},
				"south": {"uv": [2.875, 12, 11.375, 16], "rotation": 90, "texture": "#0"},
				"west": {"uv": [0, 0, 0, 8.5], "texture": "#0"},
				"up": {"uv": [0, 0, 0, 4], "rotation": 90, "texture": "#0"},
				"down": {"uv": [0, 0, 0, 4], "rotation": 90, "texture": "#0"}
			}
		},
		{
			"from": [2.5, 9.8, 7.4],
			"to": [13.5, 20.8, 7.4],
			"faces": {
				"north": {"uv": [2.5, 2.25, 13.5, 13.25], "texture": "#1"},
				"east": {"uv": [0, 0, 0, 3.5], "texture": "#1"},
				"south": {"uv": [13.5, 2.25, 2.5, 13.25], "texture": "#1"},
				"west": {"uv": [0, 0, 0, 3.5], "texture": "#1"},
				"up": {"uv": [0, 0, 3.5, 0], "texture": "#1"},
				"down": {"uv": [0, 0, 3.5, 0], "texture": "#1"}
			}
		}
	],
	"gui_light": "front",
	"display": {
		"thirdperson_righthand": {
			"rotation": [0, 90, 0],
			"translation": [0, 9.25, 1.5]
		},
		"thirdperson_lefthand": {
			"rotation": [0, -90, 0],
			"translation": [0, 9.25, 1.5]
		},
		"firstperson_righthand": {
			"rotation": [0, 90, 0],
			"translation": [3.75, 6.5, 0.5],
			"scale": [0.5, 0.5, 0.5]
		},
		"firstperson_lefthand": {
			"rotation": [0, -90, 0],
			"translation": [3.75, 6.5, 0.5],
			"scale": [0.5, 0.5, 0.5]
		},
		"ground": {
			"rotation": [0, 0, -45],
			"translation": [0, 9, 0],
			"scale": [0.6, 0.6, 0.6]
		},
		"gui": {
			"rotation": [-180, 0, -135],
			"translation": [0.25, 0, -2],
			"scale": [0.59, 0.59, 0.59]
		},
		"head": {
			"translation": [0, -15.25, -0.5],
			"scale": [0, 0, 0]
		},
		"fixed": {
			"translation": [0.25, 7.75, -2],
			"scale": [2, 2, 2]
		}
	},
	"groups": [
		{
			"name": "group",
			"origin": [7, -8, 8],
			"color": 0,
			"children": [0, 1, 2, 3, 4, 5, 6]
		},
		7,
		8,
		9,
		10,
		11,
		12,
		13,
		14,
		15,
		16,
		17,
		18
	]
}