{
	"credit": "MadewithBlockbench",
	"texture_size": [32, 32],
	"textures": {
		"0": "devil_animated_weapon_set:stafftex",
		"1": "devil_animated_weapon_set:blood",
		"particle": "devil_animated_weapon_set:stafftex"
	},
	"elements": [
		{
			"from": [7.5, -7, 7.5],
			"to": [8.5, -1, 8.5],
			"rotation": {"angle": 0, "axis": "y", "origin": [8, -2.5, 8]},
			"faces": {
				"north": {"uv": [1, 10.25, 1.5, 13.25], "texture": "#0"},
				"east": {"uv": [1, 6.25, 1.5, 9.25], "texture": "#0"},
				"south": {"uv": [1, 10.25, 1.5, 13.25], "texture": "#0"},
				"west": {"uv": [1, 6.25, 1.5, 9.25], "texture": "#0"},
				"up": {"uv": [2, 12.875, 1.5, 12.375], "rotation": 90, "texture": "#0"},
				"down": {"uv": [2, 12.875, 1.5, 12.375], "rotation": 270, "texture": "#0"}
			}
		},
		{
			"from": [7.5, -1, 7.5],
			"to": [8.5, 7, 8.5],
			"rotation": {"angle": 0, "axis": "y", "origin": [3, 11.5, 8]},
			"faces": {
				"north": {"uv": [15.5, 8, 16, 4], "texture": "#0"},
				"east": {"uv": [15.5, 4, 16, 0], "texture": "#0"},
				"south": {"uv": [15.5, 8, 16, 4], "texture": "#0"},
				"west": {"uv": [15.5, 4, 16, 0], "texture": "#0"},
				"up": {"uv": [15.5, 8.5, 16, 8], "rotation": 270, "texture": "#0"},
				"down": {"uv": [15.5, 8.5, 16, 8], "rotation": 90, "texture": "#0"}
			}
		},
		{
			"from": [5.51543, 4.46543, 7],
			"to": [6.51543, 5.96543, 9],
			"rotation": {"angle": 0, "axis": "y", "origin": [6.225, 6.09043, 8]},
			"faces": {
				"north": {"uv": [3, 8.25, 3.5, 9], "texture": "#0"},
				"east": {"uv": [4.5, 8.25, 3.5, 9], "texture": "#0"},
				"south": {"uv": [3.5, 8.25, 3, 9], "texture": "#0"},
				"west": {"uv": [4.5, 8.25, 3.5, 9], "texture": "#0"},
				"up": {"uv": [3.5, 9, 3, 10], "rotation": 180, "texture": "#0"},
				"down": {"uv": [3.5, 9, 3, 10], "rotation": 180, "texture": "#0"}
			}
		},
		{
			"from": [5.15967, 5.29304, 7.5],
			"to": [6.15967, 6.79304, 8.5],
			"rotation": {"angle": -22.5, "axis": "z", "origin": [6.225, 6.09043, 8]},
			"faces": {
				"north": {"uv": [6.75, 2, 6.25, 2.75], "texture": "#0"},
				"east": {"uv": [7.25, 2, 6.75, 2.75], "texture": "#0"},
				"south": {"uv": [6.25, 2, 6.75, 2.75], "texture": "#0"},
				"west": {"uv": [7.25, 2, 6.75, 2.75], "texture": "#0"},
				"up": {"uv": [6.75, 2.75, 6.25, 3.25], "rotation": 180, "texture": "#0"},
				"down": {"uv": [6.75, 2.75, 6.25, 3.25], "rotation": 180, "texture": "#0"}
			}
		},
		{
			"from": [5.51543, 5.96543, 6.5],
			"to": [8.01543, 7.96543, 9.5],
			"rotation": {"angle": 0, "axis": "y", "origin": [6.225, 6.09043, 8]},
			"faces": {
				"north": {"uv": [4.25, 5.5, 3, 6.5], "texture": "#0"},
				"east": {"uv": [4.5, 4.5, 3, 5.5], "texture": "#0"},
				"south": {"uv": [3, 5.5, 4.25, 6.5], "texture": "#0"},
				"west": {"uv": [5.75, 7.25, 4.25, 8.25], "texture": "#0"},
				"up": {"uv": [4.25, 6.5, 3, 8], "rotation": 180, "texture": "#0"},
				"down": {"uv": [5.5, 5.5, 4.25, 7], "rotation": 180, "texture": "#0"}
			}
		},
		{
			"from": [7.98457, 5.96543, 6.5],
			"to": [10.48457, 7.96543, 9.5],
			"rotation": {"angle": 0, "axis": "y", "origin": [9.775, 6.09043, 8]},
			"faces": {
				"north": {"uv": [3, 5.5, 4.25, 6.5], "texture": "#0"},
				"east": {"uv": [4.25, 7.25, 5.75, 8.25], "texture": "#0"},
				"south": {"uv": [4.25, 5.5, 3, 6.5], "texture": "#0"},
				"west": {"uv": [3, 4.5, 4.5, 5.5], "texture": "#0"},
				"up": {"uv": [3, 6.5, 4.25, 8], "rotation": 180, "texture": "#0"},
				"down": {"uv": [4.25, 5.5, 5.5, 7], "rotation": 180, "texture": "#0"}
			}
		},
		{
			"from": [9.84033, 5.29304, 7.5],
			"to": [10.84033, 6.79304, 8.5],
			"rotation": {"angle": 22.5, "axis": "z", "origin": [9.775, 6.09043, 8]},
			"faces": {
				"north": {"uv": [6.25, 2, 6.75, 2.75], "texture": "#0"},
				"east": {"uv": [6.75, 2, 7.25, 2.75], "texture": "#0"},
				"south": {"uv": [6.75, 2, 6.25, 2.75], "texture": "#0"},
				"west": {"uv": [6.75, 2, 7.25, 2.75], "texture": "#0"},
				"up": {"uv": [6.25, 2.75, 6.75, 3.25], "rotation": 180, "texture": "#0"},
				"down": {"uv": [6.25, 2.75, 6.75, 3.25], "rotation": 180, "texture": "#0"}
			}
		},
		{
			"from": [9.48457, 4.46543, 7],
			"to": [10.48457, 5.96543, 9],
			"rotation": {"angle": 0, "axis": "y", "origin": [9.775, 6.09043, 8]},
			"faces": {
				"north": {"uv": [3.5, 8.25, 3, 9], "texture": "#0"},
				"east": {"uv": [3.5, 8.25, 4.5, 9], "texture": "#0"},
				"south": {"uv": [3, 8.25, 3.5, 9], "texture": "#0"},
				"west": {"uv": [3.5, 8.25, 4.5, 9], "texture": "#0"},
				"up": {"uv": [3, 9, 3.5, 10], "rotation": 180, "texture": "#0"},
				"down": {"uv": [3, 9, 3.5, 10], "rotation": 180, "texture": "#0"}
			}
		},
		{
			"from": [-0.9, 10.6, 7.5],
			"to": [1.1, 11.6, 8.5],
			"rotation": {"angle": -45, "axis": "z", "origin": [-0.9, 3.6, 0]},
			"faces": {
				"north": {"uv": [0.5, 0, 1.5, 0.5], "texture": "#0"},
				"east": {"uv": [0, 0, 0.5, 0.5], "texture": "#0"},
				"south": {"uv": [1.5, 0, 0.5, 0.5], "texture": "#0"},
				"west": {"uv": [0, 0, 0.5, 0.5], "texture": "#0"},
				"up": {"uv": [0.5, 0.5, 1.5, 1], "texture": "#0"},
				"down": {"uv": [0.5, 1, 1.5, 1.5], "texture": "#0"}
			}
		},
		{
			"from": [2.7, 8.6, 7.7],
			"to": [4.7, 9.1, 8.2],
			"rotation": {"angle": 22.5, "axis": "z", "origin": [3.1, 7.85, 7.95]},
			"faces": {
				"north": {"uv": [1.25, 1.75, 2.25, 1.5], "texture": "#0"},
				"east": {"uv": [0, 1.75, 0.25, 1.5], "texture": "#0"},
				"south": {"uv": [2.25, 1.75, 1.25, 1.5], "texture": "#0"},
				"west": {"uv": [0, 1.75, 0.25, 1.5], "texture": "#0"},
				"up": {"uv": [2.25, 1.75, 3.25, 1.5], "texture": "#0"},
				"down": {"uv": [0.25, 1.75, 1.25, 1.5], "texture": "#0"}
			}
		},
		{
			"from": [0.3, 7.3, 7.6],
			"to": [1.3, 9.3, 8.4],
			"rotation": {"angle": 22.5, "axis": "z", "origin": [-0.9, 17.6, 0]},
			"faces": {
				"north": {"uv": [4.5, 0.5, 3.5, 1], "rotation": 270, "texture": "#0"},
				"east": {"uv": [5, 0, 4, 0.5], "rotation": 90, "texture": "#0"},
				"south": {"uv": [3.5, 0.5, 4.5, 1], "rotation": 90, "texture": "#0"},
				"west": {"uv": [4.5, 1, 3.5, 1.5], "rotation": 90, "texture": "#0"},
				"up": {"uv": [4, 0, 3.5, 0.5], "rotation": 90, "texture": "#0"},
				"down": {"uv": [4, 0, 3.5, 0.5], "rotation": 90, "texture": "#0"}
			}
		},
		{
			"from": [2.2, 11.1, 7.7],
			"to": [4.2, 11.6, 8.2],
			"rotation": {"angle": 0, "axis": "y", "origin": [-0.9, 3.6, 0]},
			"faces": {
				"north": {"uv": [1.25, 1.5, 2.25, 1.75], "texture": "#0"},
				"east": {"uv": [0, 1.5, 0.25, 1.75], "texture": "#0"},
				"south": {"uv": [2.25, 1.5, 1.25, 1.75], "texture": "#0"},
				"west": {"uv": [0, 1.5, 0.25, 1.75], "texture": "#0"},
				"up": {"uv": [0.25, 1.5, 1.25, 1.75], "texture": "#0"},
				"down": {"uv": [2.25, 1.5, 3.25, 1.75], "texture": "#0"}
			}
		},
		{
			"from": [3.3, 10.4, 7.5],
			"to": [4.3, 12.4, 8.5],
			"rotation": {"angle": 0, "axis": "y", "origin": [-0.9, 3.6, 0]},
			"faces": {
				"north": {"uv": [2.5, 0, 3.5, 0.5], "rotation": 270, "texture": "#0"},
				"east": {"uv": [2.5, 1, 3.5, 1.5], "rotation": 90, "texture": "#0"},
				"south": {"uv": [3.5, 0, 2.5, 0.5], "rotation": 90, "texture": "#0"},
				"west": {"uv": [2.5, 0.5, 3.5, 1], "rotation": 90, "texture": "#0"},
				"up": {"uv": [0, 1, 0.5, 1.5], "rotation": 90, "texture": "#0"},
				"down": {"uv": [0, 1, 0.5, 1.5], "rotation": 90, "texture": "#0"}
			}
		},
		{
			"from": [-0.4, 13.3, 7.6],
			"to": [0.6, 15.3, 8.4],
			"rotation": {"angle": -22.5, "axis": "z", "origin": [-0.9, 3.6, 0]},
			"faces": {
				"north": {"uv": [3.5, 0.5, 4.5, 1], "rotation": 270, "texture": "#0"},
				"east": {"uv": [4, 0, 5, 0.5], "rotation": 90, "texture": "#0"},
				"south": {"uv": [3, 10, 2.5, 11], "texture": "#0"},
				"west": {"uv": [3.5, 1, 4.5, 1.5], "rotation": 90, "texture": "#0"},
				"up": {"uv": [3.5, 0, 4, 0.5], "rotation": 90, "texture": "#0"},
				"down": {"uv": [3.5, 0, 4, 0.5], "rotation": 90, "texture": "#0"}
			}
		},
		{
			"from": [1.7, 13.1, 7.7],
			"to": [3.7, 13.6, 8.2],
			"rotation": {"angle": -22.5, "axis": "z", "origin": [3.1, 13.35, 7.95]},
			"faces": {
				"north": {"uv": [1.25, 1.5, 2.25, 1.75], "texture": "#0"},
				"east": {"uv": [0, 1.5, 0.25, 1.75], "texture": "#0"},
				"south": {"uv": [2.25, 1.5, 1.25, 1.75], "texture": "#0"},
				"west": {"uv": [0, 1.5, 0.25, 1.75], "texture": "#0"},
				"up": {"uv": [0.25, 1.5, 1.25, 1.75], "texture": "#0"},
				"down": {"uv": [2.25, 1.5, 3.25, 1.75], "texture": "#0"}
			}
		},
		{
			"from": [4.85, 12.75, 7.7],
			"to": [5.35, 14.75, 8.2],
			"rotation": {"angle": 45, "axis": "z", "origin": [3.1, 13.35, 7.95]},
			"faces": {
				"north": {"uv": [1.25, 1.5, 2.25, 1.75], "rotation": 270, "texture": "#0"},
				"east": {"uv": [0.25, 1.5, 1.25, 1.75], "rotation": 90, "texture": "#0"},
				"south": {"uv": [2.25, 1.5, 1.25, 1.75], "rotation": 90, "texture": "#0"},
				"west": {"uv": [2.25, 1.5, 3.25, 1.75], "rotation": 90, "texture": "#0"},
				"up": {"uv": [0, 1.5, 0.25, 1.75], "rotation": 90, "texture": "#0"},
				"down": {"uv": [0, 1.5, 0.25, 1.75], "rotation": 90, "texture": "#0"}
			}
		},
		{
			"from": [-4.9, 14.5, 7.5],
			"to": [-3.9, 17, 8.5],
			"rotation": {"angle": -45, "axis": "z", "origin": [-0.9, 3.6, 0]},
			"faces": {
				"north": {"uv": [5, 0, 6.25, 0.5], "rotation": 270, "texture": "#0"},
				"east": {"uv": [4.5, 1, 5.75, 1.5], "rotation": 90, "texture": "#0"},
				"south": {"uv": [6.25, 0, 5, 0.5], "rotation": 90, "texture": "#0"},
				"west": {"uv": [4.5, 0.5, 5.75, 1], "rotation": 90, "texture": "#0"},
				"up": {"uv": [5.75, 1, 6.25, 1.5], "rotation": 90, "texture": "#0"},
				"down": {"uv": [5.75, 0.5, 6.25, 1], "rotation": 90, "texture": "#0"}
			}
		},
		{
			"from": [7.6, 14.5, -5],
			"to": [8.6, 17, -4],
			"rotation": {"angle": 45, "axis": "x", "origin": [16.1, 3.6, -1]},
			"faces": {
				"north": {"uv": [4.5, 0.5, 5.75, 1], "rotation": 90, "texture": "#0"},
				"east": {"uv": [5, 0, 6.25, 0.5], "rotation": 270, "texture": "#0"},
				"south": {"uv": [4.5, 1, 5.75, 1.5], "rotation": 90, "texture": "#0"},
				"west": {"uv": [6.25, 0, 5, 0.5], "rotation": 90, "texture": "#0"},
				"up": {"uv": [5.75, 1, 6.25, 1.5], "rotation": 180, "texture": "#0"},
				"down": {"uv": [5.75, 0.5, 6.25, 1], "texture": "#0"}
			}
		},
		{
			"from": [7.9, 12.75, 4.75],
			"to": [8.4, 14.75, 5.25],
			"rotation": {"angle": -45, "axis": "x", "origin": [8.15, 13.35, 3]},
			"faces": {
				"north": {"uv": [2.25, 1.5, 3.25, 1.75], "rotation": 90, "texture": "#0"},
				"east": {"uv": [1.25, 1.5, 2.25, 1.75], "rotation": 270, "texture": "#0"},
				"south": {"uv": [0.25, 1.5, 1.25, 1.75], "rotation": 90, "texture": "#0"},
				"west": {"uv": [2.25, 1.5, 1.25, 1.75], "rotation": 90, "texture": "#0"},
				"up": {"uv": [0, 1.5, 0.25, 1.75], "rotation": 180, "texture": "#0"},
				"down": {"uv": [0, 1.5, 0.25, 1.75], "texture": "#0"}
			}
		},
		{
			"from": [7.9, 13.1, 1.6],
			"to": [8.4, 13.6, 3.6],
			"rotation": {"angle": 22.5, "axis": "x", "origin": [8.15, 13.35, 3]},
			"faces": {
				"north": {"uv": [0, 1.5, 0.25, 1.75], "texture": "#0"},
				"east": {"uv": [1.25, 1.5, 2.25, 1.75], "texture": "#0"},
				"south": {"uv": [0, 1.5, 0.25, 1.75], "texture": "#0"},
				"west": {"uv": [2.25, 1.5, 1.25, 1.75], "texture": "#0"},
				"up": {"uv": [0.25, 1.5, 1.25, 1.75], "rotation": 90, "texture": "#0"},
				"down": {"uv": [2.25, 1.5, 3.25, 1.75], "rotation": 270, "texture": "#0"}
			}
		},
		{
			"from": [7.7, 13.3, -0.5],
			"to": [8.5, 15.3, 0.5],
			"rotation": {"angle": 22.5, "axis": "x", "origin": [16.1, 3.6, -1]},
			"faces": {
				"north": {"uv": [3.5, 1, 4.5, 1.5], "rotation": 90, "texture": "#0"},
				"east": {"uv": [3.5, 0.5, 4.5, 1], "rotation": 270, "texture": "#0"},
				"south": {"uv": [4, 0, 5, 0.5], "rotation": 90, "texture": "#0"},
				"west": {"uv": [3, 10, 2.5, 11], "texture": "#0"},
				"up": {"uv": [3.5, 0, 4, 0.5], "rotation": 180, "texture": "#0"},
				"down": {"uv": [3.5, 0, 4, 0.5], "texture": "#0"}
			}
		},
		{
			"from": [7.6, 10.4, 3.2],
			"to": [8.6, 12.4, 4.2],
			"rotation": {"angle": 0, "axis": "y", "origin": [16.1, 3.6, -1]},
			"faces": {
				"north": {"uv": [2.5, 0.5, 3.5, 1], "rotation": 90, "texture": "#0"},
				"east": {"uv": [2.5, 0, 3.5, 0.5], "rotation": 270, "texture": "#0"},
				"south": {"uv": [2.5, 1, 3.5, 1.5], "rotation": 90, "texture": "#0"},
				"west": {"uv": [3.5, 0, 2.5, 0.5], "rotation": 90, "texture": "#0"},
				"up": {"uv": [0, 1, 0.5, 1.5], "rotation": 180, "texture": "#0"},
				"down": {"uv": [0, 1, 0.5, 1.5], "texture": "#0"}
			}
		},
		{
			"from": [7.9, 11.1, 2.1],
			"to": [8.4, 11.6, 4.1],
			"rotation": {"angle": 0, "axis": "y", "origin": [16.1, 3.6, -1]},
			"faces": {
				"north": {"uv": [0, 1.5, 0.25, 1.75], "texture": "#0"},
				"east": {"uv": [1.25, 1.5, 2.25, 1.75], "texture": "#0"},
				"south": {"uv": [0, 1.5, 0.25, 1.75], "texture": "#0"},
				"west": {"uv": [2.25, 1.5, 1.25, 1.75], "texture": "#0"},
				"up": {"uv": [0.25, 1.5, 1.25, 1.75], "rotation": 90, "texture": "#0"},
				"down": {"uv": [2.25, 1.5, 3.25, 1.75], "rotation": 270, "texture": "#0"}
			}
		},
		{
			"from": [7.7, 7.3, 0.2],
			"to": [8.5, 9.3, 1.2],
			"rotation": {"angle": -22.5, "axis": "x", "origin": [16.1, 17.6, -1]},
			"faces": {
				"north": {"uv": [4.5, 1, 3.5, 1.5], "rotation": 90, "texture": "#0"},
				"east": {"uv": [4.5, 0.5, 3.5, 1], "rotation": 270, "texture": "#0"},
				"south": {"uv": [5, 0, 4, 0.5], "rotation": 90, "texture": "#0"},
				"west": {"uv": [3.5, 0.5, 4.5, 1], "rotation": 90, "texture": "#0"},
				"up": {"uv": [4, 0, 3.5, 0.5], "rotation": 180, "texture": "#0"},
				"down": {"uv": [4, 0, 3.5, 0.5], "texture": "#0"}
			}
		},
		{
			"from": [7.9, 8.6, 2.6],
			"to": [8.4, 9.1, 4.6],
			"rotation": {"angle": -22.5, "axis": "x", "origin": [8.15, 7.85, 3]},
			"faces": {
				"north": {"uv": [0, 1.75, 0.25, 1.5], "texture": "#0"},
				"east": {"uv": [1.25, 1.75, 2.25, 1.5], "texture": "#0"},
				"south": {"uv": [0, 1.75, 0.25, 1.5], "texture": "#0"},
				"west": {"uv": [2.25, 1.75, 1.25, 1.5], "texture": "#0"},
				"up": {"uv": [2.25, 1.75, 3.25, 1.5], "rotation": 90, "texture": "#0"},
				"down": {"uv": [0.25, 1.75, 1.25, 1.5], "rotation": 270, "texture": "#0"}
			}
		},
		{
			"from": [7.6, 10.6, -1],
			"to": [8.6, 11.6, 1],
			"rotation": {"angle": 45, "axis": "x", "origin": [16.1, 3.6, -1]},
			"faces": {
				"north": {"uv": [0, 0, 0.5, 0.5], "texture": "#0"},
				"east": {"uv": [0.5, 0, 1.5, 0.5], "texture": "#0"},
				"south": {"uv": [0, 0, 0.5, 0.5], "texture": "#0"},
				"west": {"uv": [1.5, 0, 0.5, 0.5], "texture": "#0"},
				"up": {"uv": [0.5, 0.5, 1.5, 1], "rotation": 90, "texture": "#0"},
				"down": {"uv": [0.5, 1, 1.5, 1.5], "rotation": 270, "texture": "#0"}
			}
		},
		{
			"from": [7.6, 10.6, 15],
			"to": [8.6, 11.6, 17],
			"rotation": {"angle": -45, "axis": "x", "origin": [16.1, 3.6, 17]},
			"faces": {
				"north": {"uv": [0.5, 0, 0, 0.5], "texture": "#0"},
				"east": {"uv": [1.5, 0, 0.5, 0.5], "texture": "#0"},
				"south": {"uv": [0.5, 0, 0, 0.5], "texture": "#0"},
				"west": {"uv": [0.5, 0, 1.5, 0.5], "texture": "#0"},
				"up": {"uv": [1.5, 0.5, 0.5, 1], "rotation": 90, "texture": "#0"},
				"down": {"uv": [1.5, 1, 0.5, 1.5], "rotation": 270, "texture": "#0"}
			}
		},
		{
			"from": [7.9, 8.6, 11.4],
			"to": [8.4, 9.1, 13.4],
			"rotation": {"angle": 22.5, "axis": "x", "origin": [8.15, 7.85, 13]},
			"faces": {
				"north": {"uv": [0.25, 1.75, 0, 1.5], "texture": "#0"},
				"east": {"uv": [2.25, 1.75, 1.25, 1.5], "texture": "#0"},
				"south": {"uv": [0.25, 1.75, 0, 1.5], "texture": "#0"},
				"west": {"uv": [1.25, 1.75, 2.25, 1.5], "texture": "#0"},
				"up": {"uv": [3.25, 1.75, 2.25, 1.5], "rotation": 90, "texture": "#0"},
				"down": {"uv": [1.25, 1.75, 0.25, 1.5], "rotation": 270, "texture": "#0"}
			}
		},
		{
			"from": [7.7, 7.3, 14.8],
			"to": [8.5, 9.3, 15.8],
			"rotation": {"angle": 22.5, "axis": "x", "origin": [16.1, 17.6, 17]},
			"faces": {
				"north": {"uv": [5, 0.5, 4, 0], "rotation": 90, "texture": "#0"},
				"east": {"uv": [4.5, 1, 3.5, 0.5], "rotation": 270, "texture": "#0"},
				"south": {"uv": [4.5, 1.5, 3.5, 1], "rotation": 90, "texture": "#0"},
				"west": {"uv": [3.5, 1, 4.5, 0.5], "rotation": 90, "texture": "#0"},
				"up": {"uv": [4, 0.5, 3.5, 0], "rotation": 180, "texture": "#0"},
				"down": {"uv": [4, 0.5, 3.5, 0], "texture": "#0"}
			}
		},
		{
			"from": [7.9, 11.1, 11.9],
			"to": [8.4, 11.6, 13.9],
			"rotation": {"angle": 0, "axis": "y", "origin": [16.1, 3.6, 17]},
			"faces": {
				"north": {"uv": [0.25, 1.5, 0, 1.75], "texture": "#0"},
				"east": {"uv": [2.25, 1.5, 1.25, 1.75], "texture": "#0"},
				"south": {"uv": [0.25, 1.5, 0, 1.75], "texture": "#0"},
				"west": {"uv": [1.25, 1.5, 2.25, 1.75], "texture": "#0"},
				"up": {"uv": [1.25, 1.5, 0.25, 1.75], "rotation": 90, "texture": "#0"},
				"down": {"uv": [3.25, 1.5, 2.25, 1.75], "rotation": 270, "texture": "#0"}
			}
		},
		{
			"from": [7.6, 10.4, 11.8],
			"to": [8.6, 12.4, 12.8],
			"rotation": {"angle": 0, "axis": "y", "origin": [16.1, 3.6, 17]},
			"faces": {
				"north": {"uv": [2.5, 1.5, 3.5, 1], "rotation": 90, "texture": "#0"},
				"east": {"uv": [2.5, 0.5, 3.5, 0], "rotation": 270, "texture": "#0"},
				"south": {"uv": [2.5, 1, 3.5, 0.5], "rotation": 90, "texture": "#0"},
				"west": {"uv": [3.5, 0.5, 2.5, 0], "rotation": 90, "texture": "#0"},
				"up": {"uv": [0, 1.5, 0.5, 1], "rotation": 180, "texture": "#0"},
				"down": {"uv": [0, 1.5, 0.5, 1], "texture": "#0"}
			}
		},
		{
			"from": [7.7, 13.3, 15.5],
			"to": [8.5, 15.3, 16.5],
			"rotation": {"angle": -22.5, "axis": "x", "origin": [16.1, 3.6, 17]},
			"faces": {
				"north": {"uv": [4, 0.5, 5, 0], "rotation": 90, "texture": "#0"},
				"east": {"uv": [3.5, 1, 4.5, 0.5], "rotation": 270, "texture": "#0"},
				"south": {"uv": [3.5, 1.5, 4.5, 1], "rotation": 90, "texture": "#0"},
				"west": {"uv": [2.5, 10, 3, 11], "texture": "#0"},
				"up": {"uv": [3.5, 0.5, 4, 0], "rotation": 180, "texture": "#0"},
				"down": {"uv": [3.5, 0.5, 4, 0], "texture": "#0"}
			}
		},
		{
			"from": [7.9, 13.1, 12.4],
			"to": [8.4, 13.6, 14.4],
			"rotation": {"angle": -22.5, "axis": "x", "origin": [8.15, 13.35, 13]},
			"faces": {
				"north": {"uv": [0.25, 1.5, 0, 1.75], "texture": "#0"},
				"east": {"uv": [2.25, 1.5, 1.25, 1.75], "texture": "#0"},
				"south": {"uv": [0.25, 1.5, 0, 1.75], "texture": "#0"},
				"west": {"uv": [1.25, 1.5, 2.25, 1.75], "texture": "#0"},
				"up": {"uv": [1.25, 1.5, 0.25, 1.75], "rotation": 90, "texture": "#0"},
				"down": {"uv": [3.25, 1.5, 2.25, 1.75], "rotation": 270, "texture": "#0"}
			}
		},
		{
			"from": [7.9, 12.75, 10.75],
			"to": [8.4, 14.75, 11.25],
			"rotation": {"angle": 45, "axis": "x", "origin": [8.15, 13.35, 13]},
			"faces": {
				"north": {"uv": [0.25, 1.75, 1.25, 1.5], "rotation": 90, "texture": "#0"},
				"east": {"uv": [1.25, 1.75, 2.25, 1.5], "rotation": 270, "texture": "#0"},
				"south": {"uv": [2.25, 1.75, 3.25, 1.5], "rotation": 90, "texture": "#0"},
				"west": {"uv": [2.25, 1.75, 1.25, 1.5], "rotation": 90, "texture": "#0"},
				"up": {"uv": [0, 1.75, 0.25, 1.5], "rotation": 180, "texture": "#0"},
				"down": {"uv": [0, 1.75, 0.25, 1.5], "texture": "#0"}
			}
		},
		{
			"from": [7.6, 14.5, 20],
			"to": [8.6, 17, 21],
			"rotation": {"angle": -45, "axis": "x", "origin": [16.1, 3.6, 17]},
			"faces": {
				"north": {"uv": [4.5, 1.5, 5.75, 1], "rotation": 90, "texture": "#0"},
				"east": {"uv": [5, 0.5, 6.25, 0], "rotation": 270, "texture": "#0"},
				"south": {"uv": [4.5, 1, 5.75, 0.5], "rotation": 90, "texture": "#0"},
				"west": {"uv": [6.25, 0.5, 5, 0], "rotation": 90, "texture": "#0"},
				"up": {"uv": [5.75, 1.5, 6.25, 1], "rotation": 180, "texture": "#0"},
				"down": {"uv": [5.75, 1, 6.25, 0.5], "texture": "#0"}
			}
		},
		{
			"from": [19.9, 14.5, 7.5],
			"to": [20.9, 17, 8.5],
			"rotation": {"angle": 45, "axis": "z", "origin": [16.9, 3.6, 0]},
			"faces": {
				"north": {"uv": [5, 0.5, 6.25, 0], "rotation": 270, "texture": "#0"},
				"east": {"uv": [4.5, 1, 5.75, 0.5], "rotation": 90, "texture": "#0"},
				"south": {"uv": [6.25, 0.5, 5, 0], "rotation": 90, "texture": "#0"},
				"west": {"uv": [4.5, 1.5, 5.75, 1], "rotation": 90, "texture": "#0"},
				"up": {"uv": [5.75, 1.5, 6.25, 1], "rotation": 90, "texture": "#0"},
				"down": {"uv": [5.75, 1, 6.25, 0.5], "rotation": 90, "texture": "#0"}
			}
		},
		{
			"from": [10.65, 12.75, 7.7],
			"to": [11.15, 14.75, 8.2],
			"rotation": {"angle": -45, "axis": "z", "origin": [12.9, 13.35, 7.95]},
			"faces": {
				"north": {"uv": [1.25, 1.75, 2.25, 1.5], "rotation": 270, "texture": "#0"},
				"east": {"uv": [2.25, 1.75, 3.25, 1.5], "rotation": 90, "texture": "#0"},
				"south": {"uv": [2.25, 1.75, 1.25, 1.5], "rotation": 90, "texture": "#0"},
				"west": {"uv": [0.25, 1.75, 1.25, 1.5], "rotation": 90, "texture": "#0"},
				"up": {"uv": [0, 1.75, 0.25, 1.5], "rotation": 90, "texture": "#0"},
				"down": {"uv": [0, 1.75, 0.25, 1.5], "rotation": 90, "texture": "#0"}
			}
		},
		{
			"from": [12.3, 13.1, 7.7],
			"to": [14.3, 13.6, 8.2],
			"rotation": {"angle": 22.5, "axis": "z", "origin": [12.9, 13.35, 7.95]},
			"faces": {
				"north": {"uv": [2.25, 1.5, 1.25, 1.75], "texture": "#0"},
				"east": {"uv": [0.25, 1.5, 0, 1.75], "texture": "#0"},
				"south": {"uv": [1.25, 1.5, 2.25, 1.75], "texture": "#0"},
				"west": {"uv": [0.25, 1.5, 0, 1.75], "texture": "#0"},
				"up": {"uv": [1.25, 1.5, 0.25, 1.75], "texture": "#0"},
				"down": {"uv": [3.25, 1.5, 2.25, 1.75], "texture": "#0"}
			}
		},
		{
			"from": [15.4, 13.3, 7.6],
			"to": [16.4, 15.3, 8.4],
			"rotation": {"angle": 22.5, "axis": "z", "origin": [16.9, 3.6, 0]},
			"faces": {
				"north": {"uv": [3.5, 1, 4.5, 0.5], "rotation": 270, "texture": "#0"},
				"east": {"uv": [3.5, 1.5, 4.5, 1], "rotation": 90, "texture": "#0"},
				"south": {"uv": [2.5, 10, 3, 11], "texture": "#0"},
				"west": {"uv": [4, 0.5, 5, 0], "rotation": 90, "texture": "#0"},
				"up": {"uv": [3.5, 0.5, 4, 0], "rotation": 90, "texture": "#0"},
				"down": {"uv": [3.5, 0.5, 4, 0], "rotation": 90, "texture": "#0"}
			}
		},
		{
			"from": [11.7, 10.4, 7.5],
			"to": [12.7, 12.4, 8.5],
			"rotation": {"angle": 0, "axis": "y", "origin": [16.9, 3.6, 0]},
			"faces": {
				"north": {"uv": [2.5, 0.5, 3.5, 0], "rotation": 270, "texture": "#0"},
				"east": {"uv": [2.5, 1, 3.5, 0.5], "rotation": 90, "texture": "#0"},
				"south": {"uv": [3.5, 0.5, 2.5, 0], "rotation": 90, "texture": "#0"},
				"west": {"uv": [2.5, 1.5, 3.5, 1], "rotation": 90, "texture": "#0"},
				"up": {"uv": [0, 1.5, 0.5, 1], "rotation": 90, "texture": "#0"},
				"down": {"uv": [0, 1.5, 0.5, 1], "rotation": 90, "texture": "#0"}
			}
		},
		{
			"from": [11.8, 11.1, 7.7],
			"to": [13.8, 11.6, 8.2],
			"rotation": {"angle": 0, "axis": "y", "origin": [16.9, 3.6, 0]},
			"faces": {
				"north": {"uv": [2.25, 1.5, 1.25, 1.75], "texture": "#0"},
				"east": {"uv": [0.25, 1.5, 0, 1.75], "texture": "#0"},
				"south": {"uv": [1.25, 1.5, 2.25, 1.75], "texture": "#0"},
				"west": {"uv": [0.25, 1.5, 0, 1.75], "texture": "#0"},
				"up": {"uv": [1.25, 1.5, 0.25, 1.75], "texture": "#0"},
				"down": {"uv": [3.25, 1.5, 2.25, 1.75], "texture": "#0"}
			}
		},
		{
			"from": [14.7, 7.3, 7.6],
			"to": [15.7, 9.3, 8.4],
			"rotation": {"angle": -22.5, "axis": "z", "origin": [16.9, 17.6, 0]},
			"faces": {
				"north": {"uv": [4.5, 1, 3.5, 0.5], "rotation": 270, "texture": "#0"},
				"east": {"uv": [4.5, 1.5, 3.5, 1], "rotation": 90, "texture": "#0"},
				"south": {"uv": [3.5, 1, 4.5, 0.5], "rotation": 90, "texture": "#0"},
				"west": {"uv": [5, 0.5, 4, 0], "rotation": 90, "texture": "#0"},
				"up": {"uv": [4, 0.5, 3.5, 0], "rotation": 90, "texture": "#0"},
				"down": {"uv": [4, 0.5, 3.5, 0], "rotation": 90, "texture": "#0"}
			}
		},
		{
			"from": [11.3, 8.6, 7.7],
			"to": [13.3, 9.1, 8.2],
			"rotation": {"angle": -22.5, "axis": "z", "origin": [12.9, 7.85, 7.95]},
			"faces": {
				"north": {"uv": [2.25, 1.75, 1.25, 1.5], "texture": "#0"},
				"east": {"uv": [0.25, 1.75, 0, 1.5], "texture": "#0"},
				"south": {"uv": [1.25, 1.75, 2.25, 1.5], "texture": "#0"},
				"west": {"uv": [0.25, 1.75, 0, 1.5], "texture": "#0"},
				"up": {"uv": [3.25, 1.75, 2.25, 1.5], "texture": "#0"},
				"down": {"uv": [1.25, 1.75, 0.25, 1.5], "texture": "#0"}
			}
		},
		{
			"from": [14.9, 10.6, 7.5],
			"to": [16.9, 11.6, 8.5],
			"rotation": {"angle": 45, "axis": "z", "origin": [16.9, 3.6, 0]},
			"faces": {
				"north": {"uv": [1.5, 0, 0.5, 0.5], "texture": "#0"},
				"east": {"uv": [0.5, 0, 0, 0.5], "texture": "#0"},
				"south": {"uv": [0.5, 0, 1.5, 0.5], "texture": "#0"},
				"west": {"uv": [0.5, 0, 0, 0.5], "texture": "#0"},
				"up": {"uv": [1.5, 0.5, 0.5, 1], "texture": "#0"},
				"down": {"uv": [1.5, 1, 0.5, 1.5], "texture": "#0"}
			}
		},
		{
			"from": [7.5, 7, 5.5],
			"to": [9.5, 9, 7.5],
			"rotation": {"angle": -45, "axis": "z", "origin": [7, 8, 8]},
			"faces": {
				"north": {"uv": [4.5, 9, 3.5, 10], "texture": "#0"},
				"east": {"uv": [6.5, 9.25, 5.5, 10.25], "rotation": 180, "texture": "#0"},
				"south": {"uv": [3.5, 10, 4.5, 9], "rotation": 90, "texture": "#0"},
				"west": {"uv": [4.5, 10.25, 5.5, 9.25], "rotation": 270, "texture": "#0"},
				"up": {"uv": [5.5, 10.25, 4.5, 9.25], "texture": "#0"},
				"down": {"uv": [6.5, 10.25, 5.5, 9.25], "rotation": 270, "texture": "#0"}
			}
		},
		{
			"from": [7.5, 7, 8.5],
			"to": [9.5, 9, 10.5],
			"rotation": {"angle": -45, "axis": "z", "origin": [7, 8, 8]},
			"faces": {
				"north": {"uv": [3.5, 9, 4.5, 10], "rotation": 90, "texture": "#0"},
				"east": {"uv": [5.5, 9.25, 6.5, 10.25], "rotation": 180, "texture": "#0"},
				"south": {"uv": [3.5, 9, 4.5, 10], "texture": "#0"},
				"west": {"uv": [4.5, 9.25, 5.5, 10.25], "rotation": 270, "texture": "#0"},
				"up": {"uv": [5.5, 9.25, 4.5, 10.25], "texture": "#0"},
				"down": {"uv": [5.5, 10.25, 6.5, 9.25], "rotation": 270, "texture": "#0"}
			}
		},
		{
			"from": [7.4, -9.5, 7.4],
			"to": [8.6, -7, 8.6],
			"rotation": {"angle": 0, "axis": "y", "origin": [8, -2.5, 8]},
			"faces": {
				"north": {"uv": [7.75, 2, 8.25, 3.25], "texture": "#0"},
				"east": {"uv": [7.25, 2, 7.75, 3.25], "texture": "#0"},
				"south": {"uv": [7.75, 2, 8.25, 3.25], "texture": "#0"},
				"west": {"uv": [7.25, 2, 7.75, 3.25], "texture": "#0"},
				"up": {"uv": [7.75, 3.75, 7.25, 3.25], "rotation": 90, "texture": "#0"},
				"down": {"uv": [7.75, 3.75, 7.25, 3.25], "rotation": 270, "texture": "#0"}
			}
		},
		{
			"from": [5.6, 8.8, 7],
			"to": [6.6, 10.8, 9],
			"rotation": {"angle": -22.5, "axis": "z", "origin": [3, 3, 8]},
			"faces": {
				"north": {"uv": [4.75, 1.5, 5.25, 2.5], "texture": "#0"},
				"east": {"uv": [6.25, 2.5, 5.25, 3.5], "texture": "#0"},
				"south": {"uv": [5.25, 1.5, 4.75, 2.5], "texture": "#0"},
				"west": {"uv": [6.25, 1.5, 5.25, 2.5], "texture": "#0"},
				"up": {"uv": [4.75, 2.5, 4.25, 3.5], "rotation": 180, "texture": "#0"},
				"down": {"uv": [4.75, 1.5, 4.25, 2.5], "rotation": 180, "texture": "#0"}
			}
		},
		{
			"from": [7.5, 7, 7.5],
			"to": [8.5, 10, 8.5],
			"rotation": {"angle": 0, "axis": "y", "origin": [3, 3, 8]},
			"faces": {
				"north": {"uv": [5.25, 3.5, 5.75, 5], "texture": "#0"},
				"east": {"uv": [5.25, 2.5, 4.75, 4], "texture": "#0"},
				"south": {"uv": [5.75, 3.5, 5.25, 5], "texture": "#0"},
				"west": {"uv": [5.25, 2.5, 4.75, 4], "texture": "#0"},
				"up": {"uv": [4.75, 3.5, 4.25, 4], "rotation": 180, "texture": "#0"},
				"down": {"uv": [4.75, 3.5, 4.25, 4], "rotation": 180, "texture": "#0"}
			}
		},
		{
			"from": [7.4, 9.5, 7],
			"to": [9.4, 12, 9],
			"rotation": {"angle": -22.5, "axis": "z", "origin": [8, 11, 8]},
			"faces": {
				"north": {"uv": [14, 14.75, 15, 16], "texture": "#0"},
				"east": {"uv": [13, 14.75, 14, 16], "texture": "#0"},
				"south": {"uv": [15, 14.75, 14, 16], "texture": "#0"},
				"west": {"uv": [15, 13.5, 14, 14.75], "texture": "#0"},
				"up": {"uv": [16, 15, 15, 16], "rotation": 180, "texture": "#0"},
				"down": {"uv": [16, 14, 15, 15], "rotation": 180, "texture": "#0"}
			}
		},
		{
			"from": [7.3, 8.1, 7.4],
			"to": [8.3, 11.1, 8.6],
			"rotation": {"angle": 22.5, "axis": "z", "origin": [8, 9, 8]},
			"faces": {
				"north": {"uv": [5.75, 3.5, 6.25, 5], "texture": "#0"},
				"east": {"uv": [5.25, 4, 4.75, 5.5], "texture": "#0"},
				"south": {"uv": [6.25, 3.5, 5.75, 5], "texture": "#0"},
				"west": {"uv": [5.25, 4, 4.75, 5.5], "texture": "#0"},
				"up": {"uv": [5.75, 5, 5.25, 5.5], "rotation": 180, "texture": "#0"},
				"down": {"uv": [5.75, 5, 5.25, 5.5], "rotation": 180, "texture": "#0"}
			}
		},
		{
			"from": [8.5, -8, 8],
			"to": [15.5, 8, 8],
			"rotation": {"angle": 22.5, "axis": "z", "origin": [13.1, 2.5, 8]},
			"faces": {
				"north": {"uv": [10.875, 12.5, 2.875, 16], "rotation": 270, "texture": "#0"},
				"east": {"uv": [0, 0, 0, 8.5], "rotation": 180, "texture": "#0"},
				"south": {"uv": [2.875, 12.5, 10.875, 16], "rotation": 90, "texture": "#0"},
				"west": {"uv": [0, 0, 0, 8.5], "texture": "#0"},
				"up": {"uv": [0, 0, 0, 4], "rotation": 90, "texture": "#0"},
				"down": {"uv": [0, 0, 0, 4], "rotation": 90, "texture": "#0"}
			}
		},
		{
			"from": [0.5, -8, 8],
			"to": [7.5, 8, 8],
			"rotation": {"angle": -22.5, "axis": "z", "origin": [2.9, 2.5, 8]},
			"faces": {
				"north": {"uv": [10.875, 16, 2.875, 12.5], "rotation": 270, "texture": "#0"},
				"east": {"uv": [0, 0, 0, 8.5], "texture": "#0"},
				"south": {"uv": [2.875, 16, 10.875, 12.5], "rotation": 90, "texture": "#0"},
				"west": {"uv": [0, 0, 0, 8.5], "rotation": 180, "texture": "#0"},
				"up": {"uv": [0, 4, 0, 0], "rotation": 90, "texture": "#0"},
				"down": {"uv": [0, 4, 0, 0], "rotation": 90, "texture": "#0"}
			}
		},
		{
			"from": [2.5, 5.9, 8.4],
			"to": [13.5, 16.9, 8.4],
			"rotation": {"angle": 0, "axis": "y", "origin": [8, 11.4, 8.4]},
			"faces": {
				"north": {"uv": [13.5, 2.25, 2.5, 13.25], "texture": "#1"},
				"east": {"uv": [0, 0, 0, 3.5], "texture": "#1"},
				"south": {"uv": [2.5, 2.25, 13.5, 13.25], "texture": "#1"},
				"west": {"uv": [0, 0, 0, 3.5], "texture": "#1"},
				"up": {"uv": [3.5, 0, 0, 0], "texture": "#1"},
				"down": {"uv": [3.5, 0, 0, 0], "texture": "#1"}
			}
		},
		{
			"from": [8, 5.9, 2.5],
			"to": [8, 16.9, 13.5],
			"rotation": {"angle": 0, "axis": "y", "origin": [8, 11.4, 8.4]},
			"faces": {
				"north": {"uv": [0, 0, 0, 3.5], "texture": "#1"},
				"east": {"uv": [13.5, 2.25, 2.5, 13.25], "texture": "#1"},
				"south": {"uv": [0, 0, 0, 3.5], "texture": "#1"},
				"west": {"uv": [2.5, 2.25, 13.5, 13.25], "texture": "#1"},
				"up": {"uv": [3.5, 0, 0, 0], "rotation": 90, "texture": "#1"},
				"down": {"uv": [3.5, 0, 0, 0], "rotation": 270, "texture": "#1"}
			}
		}
	],
	"gui_light": "front",
	"display": {
		"thirdperson_righthand": {
			"rotation": [0, 90, 0],
			"translation": [0, 10.25, 1.5]
		},
		"thirdperson_lefthand": {
			"rotation": [0, -90, 0],
			"translation": [0, 10.25, 1.5]
		},
		"firstperson_righthand": {
			"rotation": [0, 90, 0],
			"translation": [3.75, 7, 0.5],
			"scale": [0.5, 0.5, 0.5]
		},
		"firstperson_lefthand": {
			"rotation": [0, -90, 0],
			"translation": [3.75, 7, 0.5],
			"scale": [0.5, 0.5, 0.5]
		},
		"ground": {
			"rotation": [0, 0, -45],
			"translation": [0, 9, 0],
			"scale": [0.6, 0.6, 0.6]
		},
		"gui": {
			"rotation": [-180, 0, -135],
			"translation": [2.25, 2.25, -2],
			"scale": [0.62906, 0.62906, 0.62906]
		},
		"head": {
			"translation": [0, -15.25, -0.5],
			"scale": [0, 0, 0]
		},
		"fixed": {
			"translation": [0.25, 11, -2],
			"scale": [2, 2, 2]
		}
	},
	"groups": [
		{
			"name": "group",
			"origin": [7, -8, 8],
			"color": 0,
			"children": [
				0,
				1,
				2,
				3,
				4,
				5,
				6,
				7,
				8,
				9,
				10,
				11,
				12,
				13,
				14,
				15,
				16,
				17,
				18,
				19,
				20,
				21,
				22,
				23,
				24,
				25,
				26,
				27,
				28,
				29,
				30,
				31,
				32,
				33,
				34,
				35,
				36,
				37,
				38,
				39,
				40,
				41,
				42,
				43,
				44,
				45,
				46,
				47,
				48,
				49,
				50
			]
		},
		51,
		52,
		53,
		54
	]
}