{
	"credit": "MadewithBlockbench",
	"texture_size": [32, 32],
	"textures": {
		"0": "devil_animated_weapon_set:swordtex",
		"1": "devil_animated_weapon_set:symbol",
		"particle": "devil_animated_weapon_set:swordtex"
	},
	"elements": [
		{
			"from": [7.5, -7, 7.5],
			"to": [8.5, 1, 8.5],
			"rotation": {"angle": 0, "axis": "y", "origin": [8, -2.5, 8]},
			"faces": {
				"north": {"uv": [1, 6.25, 1.5, 10.25], "texture": "#0"},
				"east": {"uv": [1, 10.25, 1.5, 14.25], "texture": "#0"},
				"south": {"uv": [1, 6.25, 1.5, 10.25], "texture": "#0"},
				"west": {"uv": [1, 10.25, 1.5, 14.25], "texture": "#0"},
				"up": {"uv": [2, 12.875, 1.5, 12.375], "texture": "#0"},
				"down": {"uv": [2, 12.875, 1.5, 12.375], "texture": "#0"}
			}
		},
		{
			"from": [7.4, -9.5, 7.4],
			"to": [8.6, -7, 8.6],
			"rotation": {"angle": 0, "axis": "y", "origin": [8, -2.5, 8]},
			"faces": {
				"north": {"uv": [7.25, 2, 7.75, 3.25], "texture": "#0"},
				"east": {"uv": [7.75, 2, 8.25, 3.25], "texture": "#0"},
				"south": {"uv": [7.25, 2, 7.75, 3.25], "texture": "#0"},
				"west": {"uv": [7.75, 2, 8.25, 3.25], "texture": "#0"},
				"up": {"uv": [7.75, 3.75, 7.25, 3.25], "texture": "#0"},
				"down": {"uv": [7.75, 3.75, 7.25, 3.25], "texture": "#0"}
			}
		},
		{
			"from": [5.5, -2, 7.4],
			"to": [7.5, 0, 8.6],
			"rotation": {"angle": 22.5, "axis": "z", "origin": [-0.5, -1, 0]},
			"faces": {
				"north": {"uv": [1.75, 14.25, 2.75, 15.25], "texture": "#0"},
				"east": {"uv": [0.75, 14.25, 1.25, 15.25], "texture": "#0"},
				"south": {"uv": [2.75, 14.25, 1.75, 15.25], "texture": "#0"},
				"west": {"uv": [1.25, 14.25, 1.75, 15.25], "texture": "#0"},
				"up": {"uv": [2, 15.25, 1, 15.75], "texture": "#0"},
				"down": {"uv": [1, 15.25, 0, 15.75], "texture": "#0"}
			}
		},
		{
			"from": [6.5, 1, 7.3],
			"to": [8.5, 3.5, 8.7],
			"rotation": {"angle": 0, "axis": "y", "origin": [-0.5, -1, 0]},
			"faces": {
				"north": {"uv": [0, 11.25, 1, 12.5], "texture": "#0"},
				"east": {"uv": [1.5, 12.85, 2.25, 14.1], "texture": "#0"},
				"south": {"uv": [1, 11.25, 0, 12.5], "texture": "#0"},
				"west": {"uv": [0, 14, 0.75, 15.25], "texture": "#0"},
				"up": {"uv": [1, 13.25, 0, 12.5], "texture": "#0"},
				"down": {"uv": [1, 13.25, 0, 14], "texture": "#0"}
			}
		},
		{
			"from": [6.1, 4.3, 7],
			"to": [8.1, 6.8, 9],
			"rotation": {"angle": -22.5, "axis": "z", "origin": [-0.5, -1, 0]},
			"faces": {
				"north": {"uv": [1.5, 8.625, 2.5, 9.875], "texture": "#0"},
				"east": {"uv": [1.5, 11.125, 2.5, 12.375], "texture": "#0"},
				"south": {"uv": [2.5, 8.625, 1.5, 9.875], "texture": "#0"},
				"west": {"uv": [1.5, 9.875, 2.5, 11.125], "texture": "#0"},
				"up": {"uv": [1, 11.25, 0, 10.25], "texture": "#0"},
				"down": {"uv": [1, 10.25, 0, 9.25], "texture": "#0"}
			}
		},
		{
			"from": [4.4, 7.1, 6.9],
			"to": [6.4, 10.1, 9.1],
			"rotation": {"angle": -45, "axis": "z", "origin": [-0.5, -1, 0]},
			"faces": {
				"north": {"uv": [0, 6.25, 1, 7.75], "texture": "#0"},
				"east": {"uv": [0, 7.75, 1, 9.25], "texture": "#0"},
				"south": {"uv": [1, 6.25, 0, 7.75], "texture": "#0"},
				"west": {"uv": [1.5, 7.125, 2.5, 8.625], "texture": "#0"},
				"up": {"uv": [2.5, 5.125, 1.5, 6.125], "texture": "#0"},
				"down": {"uv": [2.5, 6.125, 1.5, 7.125], "texture": "#0"}
			}
		},
		{
			"from": [9.6, -5.1, 6.8],
			"to": [12.6, -3.1, 9.2],
			"rotation": {"angle": 22.5, "axis": "z", "origin": [-0.5, -1, 0]},
			"faces": {
				"north": {"uv": [0, 5.125, 1.5, 6.125], "texture": "#0"},
				"east": {"uv": [1.5, 4, 2.75, 5], "texture": "#0"},
				"south": {"uv": [1.5, 5.125, 0, 6.125], "texture": "#0"},
				"west": {"uv": [1.5, 3, 2.75, 4], "texture": "#0"},
				"up": {"uv": [1.5, 5.125, 0, 3.875], "texture": "#0"},
				"down": {"uv": [1.5, 5.125, 0, 3.875], "texture": "#0"}
			}
		},
		{
			"from": [10.4, -1.3, 6.7],
			"to": [13.4, 0.2, 9.3],
			"rotation": {"angle": 0, "axis": "y", "origin": [-0.5, -1, 0]},
			"faces": {
				"north": {"uv": [0, 3, 1.5, 3.75], "texture": "#0"},
				"east": {"uv": [3, 2.5, 4.25, 3.25], "texture": "#0"},
				"south": {"uv": [1.5, 3, 0, 3.75], "texture": "#0"},
				"west": {"uv": [3, 1.75, 4.25, 2.5], "texture": "#0"},
				"up": {"uv": [3, 3, 1.5, 1.75], "texture": "#0"},
				"down": {"uv": [1.5, 1.75, 0, 3], "texture": "#0"}
			}
		},
		{
			"from": [10.2, -1.8, 6.6],
			"to": [13.7, -1.3, 9.4],
			"rotation": {"angle": 0, "axis": "y", "origin": [-0.5, -1, 0]},
			"faces": {
				"north": {"uv": [6.25, 5.25, 8, 5.5], "texture": "#0"},
				"east": {"uv": [6.25, 5, 7.75, 5.25], "texture": "#0"},
				"south": {"uv": [8, 5.25, 6.25, 5.5], "texture": "#0"},
				"west": {"uv": [6.25, 4.75, 7.75, 5], "texture": "#0"},
				"up": {"uv": [8, 5.5, 6.25, 7], "texture": "#0"},
				"down": {"uv": [8, 5.5, 6.25, 7], "texture": "#0"}
			}
		},
		{
			"from": [7.5, -7, 6.6],
			"to": [11, -6.5, 9.4],
			"rotation": {"angle": 45, "axis": "z", "origin": [-0.5, -1, 0]},
			"faces": {
				"north": {"uv": [6.25, 5.25, 8, 5.5], "texture": "#0"},
				"east": {"uv": [6.25, 5, 7.75, 5.25], "texture": "#0"},
				"south": {"uv": [8, 5.25, 6.25, 5.5], "texture": "#0"},
				"west": {"uv": [6.25, 4.75, 7.75, 5], "texture": "#0"},
				"up": {"uv": [8, 5.5, 6.25, 7], "texture": "#0"},
				"down": {"uv": [8, 5.5, 6.25, 7], "texture": "#0"}
			}
		},
		{
			"from": [9.3, -4.8, 6.6],
			"to": [12.8, -4.3, 9.4],
			"rotation": {"angle": 22.5, "axis": "z", "origin": [-0.5, -1, 0]},
			"faces": {
				"north": {"uv": [6.25, 5.25, 8, 5.5], "texture": "#0"},
				"east": {"uv": [6.25, 5, 7.75, 5.25], "texture": "#0"},
				"south": {"uv": [8, 5.25, 6.25, 5.5], "texture": "#0"},
				"west": {"uv": [6.25, 4.75, 7.75, 5], "texture": "#0"},
				"up": {"uv": [8, 5.5, 6.25, 7], "texture": "#0"},
				"down": {"uv": [8, 5.5, 6.25, 7], "texture": "#0"}
			}
		},
		{
			"from": [3.5, -4.5, 7.5],
			"to": [5.5, -2.5, 8.5],
			"rotation": {"angle": 45, "axis": "z", "origin": [-0.5, -1, 0]},
			"faces": {
				"north": {"uv": [4.5, 8.25, 5.5, 9.25], "texture": "#0"},
				"east": {"uv": [2.5, 10, 3, 11], "texture": "#0"},
				"south": {"uv": [5.5, 8.25, 4.5, 9.25], "texture": "#0"},
				"west": {"uv": [3, 10, 3.5, 11], "texture": "#0"},
				"up": {"uv": [3.5, 9.5, 2.5, 9], "texture": "#0"},
				"down": {"uv": [3.5, 10, 2.5, 9.5], "texture": "#0"}
			}
		},
		{
			"from": [0, 7, 7.6],
			"to": [2, 8, 8.4],
			"rotation": {"angle": -45, "axis": "z", "origin": [0, 0, 0]},
			"faces": {
				"north": {"uv": [0.5, 0, 1.5, 0.5], "texture": "#0"},
				"east": {"uv": [0, 0, 0.5, 0.5], "texture": "#0"},
				"south": {"uv": [0.5, 0, 1.5, 0.5], "texture": "#0"},
				"west": {"uv": [0, 0, 0.5, 0.5], "texture": "#0"},
				"up": {"uv": [0.5, 0.5, 1.5, 1], "texture": "#0"},
				"down": {"uv": [0.5, 1, 1.5, 1.5], "texture": "#0"}
			}
		},
		{
			"from": [4.2, 6.8, 7.5],
			"to": [5.2, 8.8, 8.5],
			"faces": {
				"north": {"uv": [2.5, 0, 3.5, 0.5], "rotation": 270, "texture": "#0"},
				"east": {"uv": [2.5, 1, 3.5, 1.5], "rotation": 90, "texture": "#0"},
				"south": {"uv": [3.5, 0, 2.5, 0.5], "rotation": 90, "texture": "#0"},
				"west": {"uv": [2.5, 0.5, 3.5, 1], "rotation": 90, "texture": "#0"},
				"up": {"uv": [0, 1, 0.5, 1.5], "rotation": 90, "texture": "#0"},
				"down": {"uv": [0, 1, 0.5, 1.5], "rotation": 90, "texture": "#0"}
			}
		},
		{
			"from": [0.5, 9.7, 7.6],
			"to": [1.5, 11.7, 8.4],
			"rotation": {"angle": -22.5, "axis": "z", "origin": [0, 0, 0]},
			"faces": {
				"north": {"uv": [3.5, 0.5, 4.5, 1], "rotation": 270, "texture": "#0"},
				"east": {"uv": [4, 0, 5, 0.5], "rotation": 90, "texture": "#0"},
				"south": {"uv": [4.5, 0.5, 3.5, 1], "rotation": 90, "texture": "#0"},
				"west": {"uv": [3.5, 1, 4.5, 1.5], "rotation": 90, "texture": "#0"},
				"up": {"uv": [3.5, 0, 4, 0.5], "rotation": 90, "texture": "#0"},
				"down": {"uv": [3.5, 0, 4, 0.5], "rotation": 90, "texture": "#0"}
			}
		},
		{
			"from": [-4, 10.9, 7.5],
			"to": [-3, 13.4, 8.5],
			"rotation": {"angle": -45, "axis": "z", "origin": [0, 0, 0]},
			"faces": {
				"north": {"uv": [5, 0, 6.25, 0.5], "rotation": 270, "texture": "#0"},
				"east": {"uv": [4.5, 1, 5.75, 1.5], "rotation": 90, "texture": "#0"},
				"south": {"uv": [6.25, 0, 5, 0.5], "rotation": 90, "texture": "#0"},
				"west": {"uv": [4.5, 0.5, 5.75, 1], "rotation": 90, "texture": "#0"},
				"up": {"uv": [5.75, 1, 6.25, 1.5], "rotation": 90, "texture": "#0"},
				"down": {"uv": [5.75, 0.5, 6.25, 1], "rotation": 90, "texture": "#0"}
			}
		},
		{
			"from": [7.2, -0.8, 7.5],
			"to": [8.2, 1.2, 8.5],
			"rotation": {"angle": 22.5, "axis": "z", "origin": [0, 0, 0]},
			"faces": {
				"north": {"uv": [2.5, 0, 1.5, 0.5], "rotation": 270, "texture": "#0"},
				"east": {"uv": [1.5, 0.5, 2.5, 1], "rotation": 90, "texture": "#0"},
				"south": {"uv": [1.5, 0, 2.5, 0.5], "rotation": 90, "texture": "#0"},
				"west": {"uv": [1.5, 1, 2.5, 1.5], "rotation": 90, "texture": "#0"},
				"up": {"uv": [0, 0.5, 0.5, 1], "rotation": 90, "texture": "#0"},
				"down": {"uv": [0, 0.5, 0.5, 1], "rotation": 90, "texture": "#0"}
			}
		},
		{
			"from": [3.1, 7.5, 7.7],
			"to": [5.1, 8, 8.2],
			"faces": {
				"north": {"uv": [1.25, 1.5, 2.25, 1.75], "texture": "#0"},
				"east": {"uv": [0, 1.5, 0.25, 1.75], "texture": "#0"},
				"south": {"uv": [2.25, 1.5, 1.25, 1.75], "texture": "#0"},
				"west": {"uv": [0, 1.5, 0.25, 1.75], "texture": "#0"},
				"up": {"uv": [0.25, 1.5, 1.25, 1.75], "texture": "#0"},
				"down": {"uv": [2.25, 1.5, 3.25, 1.75], "texture": "#0"}
			}
		},
		{
			"from": [2.6, 9.5, 7.7],
			"to": [4.6, 10, 8.2],
			"rotation": {"angle": -22.5, "axis": "z", "origin": [4, 9.75, 7.95]},
			"faces": {
				"north": {"uv": [1.25, 1.5, 2.25, 1.75], "texture": "#0"},
				"east": {"uv": [0, 1.5, 0.25, 1.75], "texture": "#0"},
				"south": {"uv": [2.25, 1.5, 1.25, 1.75], "texture": "#0"},
				"west": {"uv": [0, 1.5, 0.25, 1.75], "texture": "#0"},
				"up": {"uv": [0.25, 1.5, 1.25, 1.75], "texture": "#0"},
				"down": {"uv": [2.25, 1.5, 3.25, 1.75], "texture": "#0"}
			}
		},
		{
			"from": [5.75, 9.15, 7.7],
			"to": [6.25, 11.15, 8.2],
			"rotation": {"angle": 45, "axis": "z", "origin": [4, 9.75, 7.95]},
			"faces": {
				"north": {"uv": [1.25, 1.5, 2.25, 1.75], "rotation": 270, "texture": "#0"},
				"east": {"uv": [0.25, 1.5, 1.25, 1.75], "rotation": 90, "texture": "#0"},
				"south": {"uv": [2.25, 1.5, 1.25, 1.75], "rotation": 90, "texture": "#0"},
				"west": {"uv": [2.25, 1.5, 3.25, 1.75], "rotation": 90, "texture": "#0"},
				"up": {"uv": [0, 1.5, 0.25, 1.75], "rotation": 90, "texture": "#0"},
				"down": {"uv": [0, 1.5, 0.25, 1.75], "rotation": 90, "texture": "#0"}
			}
		},
		{
			"from": [19, 11.9, 7.5],
			"to": [20, 14.4, 8.5],
			"rotation": {"angle": 45, "axis": "z", "origin": [16, 1, 0]},
			"faces": {
				"north": {"uv": [5, 0.5, 6.25, 0], "rotation": 270, "texture": "#0"},
				"east": {"uv": [4.5, 1, 5.75, 0.5], "rotation": 90, "texture": "#0"},
				"south": {"uv": [6.25, 0.5, 5, 0], "rotation": 90, "texture": "#0"},
				"west": {"uv": [4.5, 1.5, 5.75, 1], "rotation": 90, "texture": "#0"},
				"up": {"uv": [5.75, 1.5, 6.25, 1], "rotation": 90, "texture": "#0"},
				"down": {"uv": [5.75, 1, 6.25, 0.5], "rotation": 90, "texture": "#0"}
			}
		},
		{
			"from": [14.5, 10.7, 7.6],
			"to": [15.5, 12.7, 8.4],
			"rotation": {"angle": 22.5, "axis": "z", "origin": [16, 1, 0]},
			"faces": {
				"north": {"uv": [3.5, 1, 4.5, 0.5], "rotation": 270, "texture": "#0"},
				"east": {"uv": [3.5, 1.5, 4.5, 1], "rotation": 90, "texture": "#0"},
				"south": {"uv": [2.5, 10, 3, 11], "texture": "#0"},
				"west": {"uv": [4, 0.5, 5, 0], "rotation": 90, "texture": "#0"},
				"up": {"uv": [3.5, 0.5, 4, 0], "rotation": 90, "texture": "#0"},
				"down": {"uv": [3.5, 0.5, 4, 0], "rotation": 90, "texture": "#0"}
			}
		},
		{
			"from": [13.8, 4.7, 7.6],
			"to": [14.8, 6.7, 8.4],
			"rotation": {"angle": -22.5, "axis": "z", "origin": [16, 15, 0]},
			"faces": {
				"north": {"uv": [4.5, 1, 3.5, 0.5], "rotation": 270, "texture": "#0"},
				"east": {"uv": [4.5, 1.5, 3.5, 1], "rotation": 90, "texture": "#0"},
				"south": {"uv": [3.5, 1, 4.5, 0.5], "rotation": 90, "texture": "#0"},
				"west": {"uv": [5, 0.5, 4, 0], "rotation": 90, "texture": "#0"},
				"up": {"uv": [4, 0.5, 3.5, 0], "rotation": 90, "texture": "#0"},
				"down": {"uv": [4, 0.5, 3.5, 0], "rotation": 90, "texture": "#0"}
			}
		},
		{
			"from": [9.75, 10.15, 7.7],
			"to": [10.25, 12.15, 8.2],
			"rotation": {"angle": -45, "axis": "z", "origin": [12, 10.75, 7.95]},
			"faces": {
				"north": {"uv": [1.25, 1.75, 2.25, 1.5], "rotation": 270, "texture": "#0"},
				"east": {"uv": [2.25, 1.75, 3.25, 1.5], "rotation": 90, "texture": "#0"},
				"south": {"uv": [2.25, 1.75, 1.25, 1.5], "rotation": 90, "texture": "#0"},
				"west": {"uv": [0.25, 1.75, 1.25, 1.5], "rotation": 90, "texture": "#0"},
				"up": {"uv": [0, 1.75, 0.25, 1.5], "rotation": 90, "texture": "#0"},
				"down": {"uv": [0, 1.75, 0.25, 1.5], "rotation": 90, "texture": "#0"}
			}
		},
		{
			"from": [11.4, 10.5, 7.7],
			"to": [13.4, 11, 8.2],
			"rotation": {"angle": 22.5, "axis": "z", "origin": [12, 10.75, 7.95]},
			"faces": {
				"north": {"uv": [2.25, 1.5, 1.25, 1.75], "texture": "#0"},
				"east": {"uv": [0.25, 1.5, 0, 1.75], "texture": "#0"},
				"south": {"uv": [1.25, 1.5, 2.25, 1.75], "texture": "#0"},
				"west": {"uv": [0.25, 1.5, 0, 1.75], "texture": "#0"},
				"up": {"uv": [1.25, 1.5, 0.25, 1.75], "texture": "#0"},
				"down": {"uv": [3.25, 1.5, 2.25, 1.75], "texture": "#0"}
			}
		},
		{
			"from": [10.4, 6, 7.7],
			"to": [12.4, 6.5, 8.2],
			"rotation": {"angle": -22.5, "axis": "z", "origin": [12, 5.25, 7.95]},
			"faces": {
				"north": {"uv": [2.25, 1.75, 1.25, 1.5], "texture": "#0"},
				"east": {"uv": [0.25, 1.75, 0, 1.5], "texture": "#0"},
				"south": {"uv": [1.25, 1.75, 2.25, 1.5], "texture": "#0"},
				"west": {"uv": [0.25, 1.75, 0, 1.5], "texture": "#0"},
				"up": {"uv": [3.25, 1.75, 2.25, 1.5], "texture": "#0"},
				"down": {"uv": [1.25, 1.75, 0.25, 1.5], "texture": "#0"}
			}
		},
		{
			"from": [10.9, 8.5, 7.7],
			"to": [12.9, 9, 8.2],
			"rotation": {"angle": 0, "axis": "y", "origin": [16, 1, 0]},
			"faces": {
				"north": {"uv": [2.25, 1.5, 1.25, 1.75], "texture": "#0"},
				"east": {"uv": [0.25, 1.5, 0, 1.75], "texture": "#0"},
				"south": {"uv": [1.25, 1.5, 2.25, 1.75], "texture": "#0"},
				"west": {"uv": [0.25, 1.5, 0, 1.75], "texture": "#0"},
				"up": {"uv": [1.25, 1.5, 0.25, 1.75], "texture": "#0"},
				"down": {"uv": [3.25, 1.5, 2.25, 1.75], "texture": "#0"}
			}
		},
		{
			"from": [10.8, 7.8, 7.5],
			"to": [11.8, 9.8, 8.5],
			"rotation": {"angle": 0, "axis": "y", "origin": [16, 1, 0]},
			"faces": {
				"north": {"uv": [2.5, 0.5, 3.5, 0], "rotation": 270, "texture": "#0"},
				"east": {"uv": [2.5, 1, 3.5, 0.5], "rotation": 90, "texture": "#0"},
				"south": {"uv": [3.5, 0.5, 2.5, 0], "rotation": 90, "texture": "#0"},
				"west": {"uv": [2.5, 1.5, 3.5, 1], "rotation": 90, "texture": "#0"},
				"up": {"uv": [0, 1.5, 0.5, 1], "rotation": 90, "texture": "#0"},
				"down": {"uv": [0, 1.5, 0.5, 1], "rotation": 90, "texture": "#0"}
			}
		},
		{
			"from": [14, 8, 7.5],
			"to": [16, 9, 8.5],
			"rotation": {"angle": 45, "axis": "z", "origin": [16, 1, 0]},
			"faces": {
				"north": {"uv": [1.5, 0, 0.5, 0.5], "texture": "#0"},
				"east": {"uv": [0.5, 0, 0, 0.5], "texture": "#0"},
				"south": {"uv": [0.5, 0, 1.5, 0.5], "texture": "#0"},
				"west": {"uv": [0.5, 0, 0, 0.5], "texture": "#0"},
				"up": {"uv": [1.5, 0.5, 0.5, 1], "texture": "#0"},
				"down": {"uv": [1.5, 1, 0.5, 1.5], "texture": "#0"}
			}
		},
		{
			"from": [7.8, 0.2, 7.6],
			"to": [8.8, 2.2, 8.4],
			"rotation": {"angle": -22.5, "axis": "z", "origin": [16, 1, 0]},
			"faces": {
				"north": {"uv": [2.5, 0.5, 1.5, 0], "rotation": 270, "texture": "#0"},
				"east": {"uv": [1.5, 1.5, 2.5, 1], "rotation": 90, "texture": "#0"},
				"south": {"uv": [1.5, 0.5, 2.5, 0], "rotation": 90, "texture": "#0"},
				"west": {"uv": [1.5, 1, 2.5, 0.5], "rotation": 90, "texture": "#0"},
				"up": {"uv": [0, 1, 0.5, 0.5], "rotation": 90, "texture": "#0"},
				"down": {"uv": [0, 1, 0.5, 0.5], "rotation": 90, "texture": "#0"}
			}
		},
		{
			"from": [5, 1.5, 8],
			"to": [11, 28.5, 8],
			"faces": {
				"north": {"uv": [16, 0, 13, 13.5], "texture": "#0"},
				"east": {"uv": [0, 0, 0, 13.5], "texture": "#0"},
				"south": {"uv": [13, 0, 16, 13.5], "texture": "#0"},
				"west": {"uv": [0, 0, 0, 13.5], "texture": "#0"},
				"up": {"uv": [1.5, 0, 0, 0], "texture": "#0"},
				"down": {"uv": [1.5, 0, 0, 0], "texture": "#0"}
			}
		},
		{
			"from": [5.5, 4.5, 7.1],
			"to": [10.5, 9.5, 8.1],
			"rotation": {"angle": 45, "axis": "z", "origin": [8, 7, 7.6]},
			"faces": {
				"north": {"uv": [6.75, 10, 9.25, 7.5], "rotation": 90, "texture": "#0"},
				"east": {"uv": [6.25, 7.5, 8.75, 7], "rotation": 90, "texture": "#0"},
				"south": {"uv": [6.75, 10, 9.25, 7.5], "rotation": 270, "texture": "#0"},
				"west": {"uv": [6.75, 7.5, 6.25, 10], "rotation": 180, "texture": "#0"},
				"up": {"uv": [6.25, 7.5, 8.75, 7], "texture": "#0"},
				"down": {"uv": [6.75, 7.5, 6.25, 10], "rotation": 90, "texture": "#0"}
			}
		},
		{
			"from": [2.5, 1.8, 7],
			"to": [13.5, 12.8, 7],
			"rotation": {"angle": 0, "axis": "y", "origin": [0, -2, 1.6]},
			"faces": {
				"north": {"uv": [2.5, 2.25, 13.5, 13.25], "texture": "#1"},
				"east": {"uv": [0, 0, 0, 3.5], "texture": "#1"},
				"south": {"uv": [13.5, 2.25, 2.5, 13.25], "texture": "#1"},
				"west": {"uv": [0, 0, 0, 3.5], "texture": "#1"},
				"up": {"uv": [0, 0, 3.5, 0], "texture": "#1"},
				"down": {"uv": [0, 0, 3.5, 0], "texture": "#1"}
			}
		},
		{
			"from": [2.5, 1.8, 9],
			"to": [13.5, 12.8, 9],
			"rotation": {"angle": 0, "axis": "y", "origin": [0, -2, 14.4]},
			"faces": {
				"north": {"uv": [2.5, 2.25, 13.5, 13.25], "texture": "#1"},
				"east": {"uv": [0, 0, 0, 3.5], "texture": "#1"},
				"south": {"uv": [13.5, 2.25, 2.5, 13.25], "texture": "#1"},
				"west": {"uv": [0, 0, 0, 3.5], "texture": "#1"},
				"up": {"uv": [0, 0, 3.5, 0], "texture": "#1"},
				"down": {"uv": [0, 0, 3.5, 0], "texture": "#1"}
			}
		},
		{
			"from": [5.5, 4.5, 7.9],
			"to": [10.5, 9.5, 8.9],
			"rotation": {"angle": 45, "axis": "z", "origin": [8, 7, 8.4]},
			"faces": {
				"north": {"uv": [6.75, 7.5, 9.25, 10], "rotation": 270, "texture": "#0"},
				"east": {"uv": [6.25, 7, 8.75, 7.5], "rotation": 90, "texture": "#0"},
				"south": {"uv": [6.75, 7.5, 9.25, 10], "rotation": 90, "texture": "#0"},
				"west": {"uv": [6.25, 7.5, 6.75, 10], "rotation": 180, "texture": "#0"},
				"up": {"uv": [6.25, 7, 8.75, 7.5], "texture": "#0"},
				"down": {"uv": [6.25, 7.5, 6.75, 10], "rotation": 90, "texture": "#0"}
			}
		},
		{
			"from": [5.1, 8, 8],
			"to": [22.1, 15, 8],
			"rotation": {"angle": -45, "axis": "z", "origin": [0.1, 0, 0]},
			"faces": {
				"north": {"uv": [11.375, 12.5, 2.875, 16], "texture": "#0"},
				"east": {"uv": [0, 0, 0, 4], "texture": "#0"},
				"south": {"uv": [2.875, 12.5, 11.375, 16], "texture": "#0"},
				"west": {"uv": [0, 0, 0, 4], "texture": "#0"},
				"up": {"uv": [0, 0, 0, 8.5], "rotation": 90, "texture": "#0"},
				"down": {"uv": [0, 0, 0, 8.5], "rotation": 270, "texture": "#0"}
			}
		},
		{
			"from": [4.5, 1, 7],
			"to": [5.5, 5, 9],
			"rotation": {"angle": 0, "axis": "y", "origin": [1, 0, 0]},
			"faces": {
				"north": {"uv": [6.75, 0, 6.25, 2], "texture": "#0"},
				"east": {"uv": [7.75, 0, 8.75, 2], "texture": "#0"},
				"south": {"uv": [6.25, 0, 6.75, 2], "texture": "#0"},
				"west": {"uv": [6.75, 0, 7.75, 2], "texture": "#0"},
				"up": {"uv": [8.75, 0, 9.25, 1], "texture": "#0"},
				"down": {"uv": [8.75, 0, 9.25, 1], "texture": "#0"}
			}
		},
		{
			"from": [3.5, 5, 6.5],
			"to": [6, 7, 9.5],
			"rotation": {"angle": 0, "axis": "y", "origin": [1, 0, 0]},
			"faces": {
				"north": {"uv": [4.25, 5.5, 3, 6.5], "texture": "#0"},
				"east": {"uv": [3, 4.5, 4.5, 5.5], "texture": "#0"},
				"south": {"uv": [3, 5.5, 4.25, 6.5], "texture": "#0"},
				"west": {"uv": [4.25, 7.25, 5.75, 8.25], "texture": "#0"},
				"up": {"uv": [3, 6.5, 4.25, 8], "texture": "#0"},
				"down": {"uv": [4.25, 5.5, 5.5, 7], "texture": "#0"}
			}
		},
		{
			"from": [3.5, 3.5, 7],
			"to": [4.5, 5, 9],
			"rotation": {"angle": 0, "axis": "y", "origin": [1, 0, 0]},
			"faces": {
				"north": {"uv": [3, 8.25, 3.5, 9], "texture": "#0"},
				"east": {"uv": [3.5, 8.25, 4.5, 9], "texture": "#0"},
				"south": {"uv": [3.5, 8.25, 3, 9], "texture": "#0"},
				"west": {"uv": [3.5, 8.25, 4.5, 9], "texture": "#0"},
				"up": {"uv": [3, 9, 3.5, 10], "texture": "#0"},
				"down": {"uv": [3, 9, 3.5, 10], "texture": "#0"}
			}
		},
		{
			"from": [3.1, 4.8, 7.5],
			"to": [4.1, 6.3, 8.5],
			"rotation": {"angle": -22.5, "axis": "z", "origin": [3, 5.25, 8]},
			"faces": {
				"north": {"uv": [6.75, 2, 6.25, 2.75], "texture": "#0"},
				"east": {"uv": [6.75, 2, 7.25, 2.75], "texture": "#0"},
				"south": {"uv": [6.25, 2, 6.75, 2.75], "texture": "#0"},
				"west": {"uv": [6.75, 2, 7.25, 2.75], "texture": "#0"},
				"up": {"uv": [6.25, 2.75, 6.75, 3.25], "texture": "#0"},
				"down": {"uv": [6.25, 2.75, 6.75, 3.25], "texture": "#0"}
			}
		}
	],
	"gui_light": "front",
	"display": {
		"thirdperson_righthand": {
			"rotation": [0, 90, 0],
			"translation": [0, 9.5, 1.5]
		},
		"thirdperson_lefthand": {
			"rotation": [0, -90, 0],
			"translation": [0, 9.5, 1.5]
		},
		"firstperson_righthand": {
			"rotation": [0, 90, 0],
			"translation": [3.75, 5.25, 0.5],
			"scale": [0.45, 0.45, 0.45]
		},
		"firstperson_lefthand": {
			"rotation": [0, 90, 0],
			"translation": [3.75, 5.25, 0.5],
			"scale": [0.45, 0.45, 0.45]
		},
		"ground": {
			"rotation": [0, 0, -45],
			"translation": [0, 9, 0],
			"scale": [0.6, 0.6, 0.6]
		},
		"gui": {
			"rotation": [0, 180, 45],
			"translation": [-0.5, -0.5, -2],
			"scale": [0.53961, 0.53961, 0.53961]
		},
		"head": {
			"translation": [0, -15.25, -0.5],
			"scale": [0, 0, 0]
		},
		"fixed": {
			"translation": [0.25, 7.75, -2],
			"scale": [2, 2, 2]
		}
	},
	"groups": [
		{
			"name": "group",
			"origin": [7, -8, 8],
			"color": 0,
			"children": [0, 1, 2, 3, 4, 5, 6, 7, 8, 9, 10, 11, 12, 13, 14, 15, 16, 17, 18, 19, 20, 21, 22, 23, 24, 25, 26, 27, 28, 29]
		},
		30,
		31,
		32,
		33,
		34,
		35,
		36,
		37,
		38,
		39
	]
}