{
	"credit": "MadewithBlockbench",
	"texture_size": [32, 32],
	"textures": {
		"1": "devil_animated_weapon_set:wingtex",
		"2": "devil_animated_weapon_set:symbol"
	},
	"elements": [
		{
			"from": [10.76394, 14.74933, 7.7],
			"to": [11.26394, 16.74933, 8.2],
			"rotation": {"angle": 0, "axis": "y", "origin": [13.81075, 12.66611, 7.975]},
			"faces": {
				"north": {"uv": [1.25, 1.75, 2.25, 1.5], "rotation": 270, "texture": "#1"},
				"east": {"uv": [2.25, 1.75, 3.25, 1.5], "rotation": 90, "texture": "#1"},
				"south": {"uv": [2.25, 1.75, 1.25, 1.5], "rotation": 90, "texture": "#1"},
				"west": {"uv": [0.25, 1.75, 1.25, 1.5], "rotation": 90, "texture": "#1"},
				"up": {"uv": [0, 1.75, 0.25, 1.5], "rotation": 90, "texture": "#1"},
				"down": {"uv": [0, 1.75, 0.25, 1.5], "rotation": 90, "texture": "#1"}
			}
		},
		{
			"from": [11.79777, 14.24015, 7.7],
			"to": [12.29777, 16.24015, 8.2],
			"rotation": {"angle": -22.5, "axis": "z", "origin": [13.81075, 12.66611, 7.975]},
			"faces": {
				"north": {"uv": [2.25, 1.5, 1.25, 1.75], "rotation": 90, "texture": "#1"},
				"east": {"uv": [3.25, 1.5, 2.25, 1.75], "rotation": 270, "texture": "#1"},
				"south": {"uv": [1.25, 1.5, 2.25, 1.75], "rotation": 270, "texture": "#1"},
				"west": {"uv": [1.25, 1.5, 0.25, 1.75], "rotation": 270, "texture": "#1"},
				"up": {"uv": [0.25, 1.5, 0, 1.75], "rotation": 270, "texture": "#1"},
				"down": {"uv": [0.25, 1.5, 0, 1.75], "rotation": 270, "texture": "#1"}
			}
		},
		{
			"from": [3.90223, 14.24015, 7.7],
			"to": [4.40223, 16.24015, 8.2],
			"rotation": {"angle": 22.5, "axis": "z", "origin": [2.38925, 12.66611, 7.975]},
			"faces": {
				"north": {"uv": [2.25, 1.75, 1.25, 1.5], "rotation": 90, "texture": "#1"},
				"east": {"uv": [1.25, 1.75, 0.25, 1.5], "rotation": 270, "texture": "#1"},
				"south": {"uv": [1.25, 1.75, 2.25, 1.5], "rotation": 270, "texture": "#1"},
				"west": {"uv": [3.25, 1.75, 2.25, 1.5], "rotation": 270, "texture": "#1"},
				"up": {"uv": [0.25, 1.75, 0, 1.5], "rotation": 270, "texture": "#1"},
				"down": {"uv": [0.25, 1.75, 0, 1.5], "rotation": 270, "texture": "#1"}
			}
		},
		{
			"from": [4.93606, 14.74933, 7.7],
			"to": [5.43606, 16.74933, 8.2],
			"rotation": {"angle": 0, "axis": "y", "origin": [2.38925, 12.66611, 7.975]},
			"faces": {
				"north": {"uv": [1.25, 1.5, 2.25, 1.75], "rotation": 270, "texture": "#1"},
				"east": {"uv": [0.25, 1.5, 1.25, 1.75], "rotation": 90, "texture": "#1"},
				"south": {"uv": [2.25, 1.5, 1.25, 1.75], "rotation": 90, "texture": "#1"},
				"west": {"uv": [2.25, 1.5, 3.25, 1.75], "rotation": 90, "texture": "#1"},
				"up": {"uv": [0, 1.5, 0.25, 1.75], "rotation": 90, "texture": "#1"},
				"down": {"uv": [0, 1.5, 0.25, 1.75], "rotation": 90, "texture": "#1"}
			}
		},
		{
			"from": [7.51425, 16.03895, 8.45085],
			"to": [8.51425, 17.53895, 9.45085],
			"rotation": {"angle": -22.5, "axis": "x", "origin": [7.98925, 19.26611, 8.175]},
			"faces": {
				"north": {"uv": [7.25, 2.75, 6.75, 2], "rotation": 180, "texture": "#1"},
				"east": {"uv": [6.25, 2, 6.75, 2.75], "texture": "#1"},
				"south": {"uv": [7.25, 2.75, 6.75, 2], "rotation": 180, "texture": "#1"},
				"west": {"uv": [6.75, 2, 6.25, 2.75], "texture": "#1"},
				"up": {"uv": [6.25, 2.75, 6.75, 3.25], "rotation": 270, "texture": "#1"},
				"down": {"uv": [6.25, 2.75, 6.75, 3.25], "rotation": 90, "texture": "#1"}
			}
		},
		{
			"from": [6.51425, 16.97686, 7.50889],
			"to": [9.51425, 18.97686, 10.00889],
			"rotation": {"angle": 0, "axis": "y", "origin": [7.98925, 19.26611, 8.175]},
			"faces": {
				"north": {"uv": [4.5, 5.5, 3, 4.5], "rotation": 180, "texture": "#1"},
				"east": {"uv": [3, 5.5, 4.25, 6.5], "texture": "#1"},
				"south": {"uv": [5.75, 8.25, 4.25, 7.25], "rotation": 180, "texture": "#1"},
				"west": {"uv": [4.25, 5.5, 3, 6.5], "texture": "#1"},
				"up": {"uv": [3, 6.5, 4.25, 8], "rotation": 270, "texture": "#1"},
				"down": {"uv": [4.25, 5.5, 5.5, 7], "rotation": 90, "texture": "#1"}
			}
		},
		{
			"from": [9, 13.1, 8],
			"to": [26, 19.1, 8],
			"rotation": {"angle": -22.5, "axis": "z", "origin": [17.5, 11, 8]},
			"faces": {
				"north": {"uv": [2.75, 16, 11.25, 13], "rotation": 180, "texture": "#1"},
				"east": {"uv": [0, 4, 0, 0], "texture": "#missing"},
				"south": {"uv": [11.25, 16, 2.75, 13], "rotation": 180, "texture": "#1"},
				"west": {"uv": [0, 4, 0, 0], "texture": "#missing"},
				"up": {"uv": [0, 0, 0, 8.5], "rotation": 270, "texture": "#missing"},
				"down": {"uv": [0, 0, 0, 8.5], "rotation": 90, "texture": "#missing"}
			}
		},
		{
			"from": [-10, 13.1, 8],
			"to": [7, 19.1, 8],
			"rotation": {"angle": 22.5, "axis": "z", "origin": [-1.5, 11, 8]},
			"faces": {
				"north": {"uv": [11.25, 16, 2.75, 13], "rotation": 180, "texture": "#1"},
				"east": {"uv": [0, 4, 0, 0], "texture": "#missing"},
				"south": {"uv": [2.75, 16, 11.25, 13], "rotation": 180, "texture": "#1"},
				"west": {"uv": [0, 4, 0, 0], "texture": "#missing"},
				"up": {"uv": [0, 8.5, 0, 0], "rotation": 270, "texture": "#missing"},
				"down": {"uv": [0, 8.5, 0, 0], "rotation": 90, "texture": "#missing"}
			}
		},
		{
			"from": [7.01425, 15.47686, 9.00889],
			"to": [9.01425, 16.97686, 10.00889],
			"rotation": {"angle": 0, "axis": "y", "origin": [7.98925, 19.26611, 8.175]},
			"faces": {
				"north": {"uv": [4.5, 9, 3.5, 8.25], "rotation": 180, "texture": "#1"},
				"east": {"uv": [3.5, 8.25, 3, 9], "texture": "#1"},
				"south": {"uv": [4.5, 9, 3.5, 8.25], "rotation": 180, "texture": "#1"},
				"west": {"uv": [3, 8.25, 3.5, 9], "texture": "#1"},
				"up": {"uv": [3, 9, 3.5, 10], "rotation": 270, "texture": "#1"},
				"down": {"uv": [3, 9, 3.5, 10], "rotation": 90, "texture": "#1"}
			}
		},
		{
			"from": [9.33666, 14.28346, 7.5],
			"to": [11.83666, 15.28346, 8.5],
			"rotation": {"angle": 0, "axis": "y", "origin": [13.81075, 12.66611, 7.975]},
			"faces": {
				"north": {"uv": [5, 0.5, 6.25, 0], "texture": "#1"},
				"east": {"uv": [5.75, 1, 6.25, 0.5], "texture": "#1"},
				"south": {"uv": [6.25, 0.5, 5, 0], "texture": "#1"},
				"west": {"uv": [5.75, 1.5, 6.25, 1], "texture": "#1"},
				"up": {"uv": [4.5, 1, 5.75, 0.5], "texture": "#1"},
				"down": {"uv": [4.5, 1.5, 5.75, 1], "texture": "#1"}
			}
		},
		{
			"from": [10.88633, 13.30451, 7.6],
			"to": [12.88633, 14.30451, 8.4],
			"rotation": {"angle": -22.5, "axis": "z", "origin": [13.81075, 12.66611, 7.975]},
			"faces": {
				"north": {"uv": [3.5, 1, 4.5, 0.5], "texture": "#1"},
				"east": {"uv": [3.5, 0.5, 4, 0], "texture": "#1"},
				"south": {"uv": [4.5, 1, 3.5, 0.5], "texture": "#1"},
				"west": {"uv": [3.5, 0.5, 4, 0], "texture": "#1"},
				"up": {"uv": [3.5, 1.5, 4.5, 1], "texture": "#1"},
				"down": {"uv": [4, 0.5, 5, 0], "texture": "#1"}
			}
		},
		{
			"from": [12.3, 12.8, 7.5],
			"to": [14.3, 13.8, 8.5],
			"rotation": {"angle": -45, "axis": "z", "origin": [13.81075, 12.66611, 7.975]},
			"faces": {
				"north": {"uv": [2.5, 0.5, 3.5, 0], "texture": "#1"},
				"east": {"uv": [0, 1.5, 0.5, 1], "texture": "#1"},
				"south": {"uv": [3.5, 0.5, 2.5, 0], "texture": "#1"},
				"west": {"uv": [0, 1.5, 0.5, 1], "texture": "#1"},
				"up": {"uv": [2.5, 1, 3.5, 0.5], "texture": "#1"},
				"down": {"uv": [2.5, 1.5, 3.5, 1], "texture": "#1"}
			}
		},
		{
			"from": [13.1, 12.9, 7.7],
			"to": [13.6, 14.9, 8.2],
			"rotation": {"angle": -45, "axis": "z", "origin": [13.81075, 12.66611, 7.975]},
			"faces": {
				"north": {"uv": [2.25, 1.5, 1.25, 1.75], "rotation": 90, "texture": "#1"},
				"east": {"uv": [3.25, 1.5, 2.25, 1.75], "rotation": 270, "texture": "#1"},
				"south": {"uv": [1.25, 1.5, 2.25, 1.75], "rotation": 270, "texture": "#1"},
				"west": {"uv": [1.25, 1.5, 0.25, 1.75], "rotation": 270, "texture": "#1"},
				"up": {"uv": [0.25, 1.5, 0, 1.75], "rotation": 270, "texture": "#1"},
				"down": {"uv": [0.25, 1.5, 0, 1.75], "rotation": 270, "texture": "#1"}
			}
		},
		{
			"from": [4.36334, 14.28346, 7.5],
			"to": [6.86334, 15.28346, 8.5],
			"rotation": {"angle": 0, "axis": "y", "origin": [2.38925, 12.66611, 7.975]},
			"faces": {
				"north": {"uv": [6.25, 0.5, 5, 0], "texture": "#1"},
				"east": {"uv": [6.25, 1.5, 5.75, 1], "texture": "#1"},
				"south": {"uv": [5, 0.5, 6.25, 0], "texture": "#1"},
				"west": {"uv": [6.25, 1, 5.75, 0.5], "texture": "#1"},
				"up": {"uv": [5.75, 1, 4.5, 0.5], "texture": "#1"},
				"down": {"uv": [5.75, 1.5, 4.5, 1], "texture": "#1"}
			}
		},
		{
			"from": [3.31367, 13.30451, 7.6],
			"to": [5.31367, 14.30451, 8.4],
			"rotation": {"angle": 22.5, "axis": "z", "origin": [2.38925, 12.66611, 7.975]},
			"faces": {
				"north": {"uv": [4.5, 1, 3.5, 0.5], "texture": "#1"},
				"east": {"uv": [4, 0.5, 3.5, 0], "texture": "#1"},
				"south": {"uv": [3.5, 1, 4.5, 0.5], "texture": "#1"},
				"west": {"uv": [4, 0.5, 3.5, 0], "texture": "#1"},
				"up": {"uv": [4.5, 1.5, 3.5, 1], "texture": "#1"},
				"down": {"uv": [5, 0.5, 4, 0], "texture": "#1"}
			}
		},
		{
			"from": [1.9, 12.8, 7.5],
			"to": [3.9, 13.8, 8.5],
			"rotation": {"angle": 45, "axis": "z", "origin": [2.38925, 12.66611, 7.975]},
			"faces": {
				"north": {"uv": [3.5, 0.5, 2.5, 0], "texture": "#1"},
				"east": {"uv": [0.5, 1.5, 0, 1], "texture": "#1"},
				"south": {"uv": [2.5, 0.5, 3.5, 0], "texture": "#1"},
				"west": {"uv": [0.5, 1.5, 0, 1], "texture": "#1"},
				"up": {"uv": [3.5, 1, 2.5, 0.5], "texture": "#1"},
				"down": {"uv": [3.5, 1.5, 2.5, 1], "texture": "#1"}
			}
		},
		{
			"from": [2.6, 12.9, 7.7],
			"to": [3.1, 14.9, 8.2],
			"rotation": {"angle": 45, "axis": "z", "origin": [2.38925, 12.66611, 7.975]},
			"faces": {
				"north": {"uv": [2.25, 1.75, 1.25, 1.5], "rotation": 90, "texture": "#1"},
				"east": {"uv": [1.25, 1.75, 0.25, 1.5], "rotation": 270, "texture": "#1"},
				"south": {"uv": [1.25, 1.75, 2.25, 1.5], "rotation": 270, "texture": "#1"},
				"west": {"uv": [3.25, 1.75, 2.25, 1.5], "rotation": 270, "texture": "#1"},
				"up": {"uv": [0.25, 1.75, 0, 1.5], "rotation": 270, "texture": "#1"},
				"down": {"uv": [0.25, 1.75, 0, 1.5], "rotation": 270, "texture": "#1"}
			}
		},
		{
			"from": [1.6, 1.5, 9.5],
			"to": [7.6, 18.5, 9.5],
			"rotation": {"angle": -22.5, "axis": "z", "origin": [-1.3, 13, 8]},
			"faces": {
				"north": {"uv": [2.75, 13, 11.25, 16], "rotation": 90, "texture": "#1"},
				"east": {"uv": [0, 8.5, 0, 0], "texture": "#1"},
				"south": {"uv": [2.75, 16, 11.25, 13], "rotation": 90, "texture": "#1"},
				"west": {"uv": [0, 8.5, 0, 0], "rotation": 180, "texture": "#1"},
				"up": {"uv": [0, 4, 0, 0], "rotation": 270, "texture": "#1"},
				"down": {"uv": [0, 4, 0, 0], "rotation": 270, "texture": "#1"}
			}
		},
		{
			"from": [8.4, 1.5, 9.5],
			"to": [14.4, 18.5, 9.5],
			"rotation": {"angle": 22.5, "axis": "z", "origin": [17.3, 13, 8]},
			"faces": {
				"north": {"uv": [2.75, 16, 11.25, 13], "rotation": 90, "texture": "#1"},
				"east": {"uv": [0, 8.5, 0, 0], "rotation": 180, "texture": "#missing"},
				"south": {"uv": [2.75, 13, 11.25, 16], "rotation": 90, "texture": "#1"},
				"west": {"uv": [0, 8.5, 0, 0], "texture": "#missing"},
				"up": {"uv": [0, 0, 0, 4], "rotation": 270, "texture": "#missing"},
				"down": {"uv": [0, 0, 0, 4], "rotation": 270, "texture": "#missing"}
			}
		},
		{
			"from": [19.5, 13.5, 7.4],
			"to": [21.5, 15.5, 8.6],
			"rotation": {"angle": -22.5, "axis": "z", "origin": [20.5, 21.5, 16]},
			"faces": {
				"north": {"uv": [2.75, 15.25, 1.75, 14.25], "rotation": 90, "texture": "#1"},
				"east": {"uv": [2, 15.75, 1, 15.25], "rotation": 90, "texture": "#1"},
				"south": {"uv": [1.75, 15.25, 2.75, 14.25], "rotation": 270, "texture": "#1"},
				"west": {"uv": [1, 15.75, 0, 15.25], "rotation": 90, "texture": "#1"},
				"up": {"uv": [1.75, 14.25, 1.25, 15.25], "rotation": 90, "texture": "#1"},
				"down": {"uv": [1.25, 14.25, 0.75, 15.25], "rotation": 90, "texture": "#1"}
			}
		},
		{
			"from": [22.5, 12.5, 7.3],
			"to": [25, 14.5, 8.7],
			"rotation": {"angle": -45, "axis": "z", "origin": [20.5, 21.5, 16]},
			"faces": {
				"north": {"uv": [1, 12.5, 0, 11.25], "rotation": 90, "texture": "#1"},
				"east": {"uv": [1, 12.5, 0, 13.25], "rotation": 90, "texture": "#1"},
				"south": {"uv": [0, 12.5, 1, 11.25], "rotation": 270, "texture": "#1"},
				"west": {"uv": [1, 14, 0, 13.25], "rotation": 90, "texture": "#1"},
				"up": {"uv": [0.75, 14, 0, 15.25], "rotation": 90, "texture": "#1"},
				"down": {"uv": [2.25, 12.85, 1.5, 14.1], "rotation": 90, "texture": "#1"}
			}
		},
		{
			"from": [17, 15.5, 7.5],
			"to": [19, 17.5, 8.5],
			"rotation": {"angle": 0, "axis": "y", "origin": [20.5, 21.5, 16]},
			"faces": {
				"north": {"uv": [5.5, 9.25, 4.5, 8.25], "rotation": 90, "texture": "#1"},
				"east": {"uv": [3.5, 9, 2.5, 9.5], "rotation": 90, "texture": "#1"},
				"south": {"uv": [4.5, 9.25, 5.5, 8.25], "rotation": 270, "texture": "#1"},
				"west": {"uv": [3.5, 9.5, 2.5, 10], "rotation": 90, "texture": "#1"},
				"up": {"uv": [3.5, 10, 3, 11], "rotation": 90, "texture": "#1"},
				"down": {"uv": [3, 10, 2.5, 11], "rotation": 90, "texture": "#1"}
			}
		},
		{
			"from": [11.9, 13.7, 7.1],
			"to": [13.9, 16.2, 8.9],
			"rotation": {"angle": 22.5, "axis": "z", "origin": [20.5, 21.5, 16]},
			"faces": {
				"north": {"uv": [1.5, 8.625, 2.5, 9.875], "rotation": 180, "texture": "#1"},
				"east": {"uv": [1.5, 11.125, 2.5, 9.875], "texture": "#1"},
				"south": {"uv": [2.5, 8.625, 1.5, 9.875], "rotation": 180, "texture": "#1"},
				"west": {"uv": [1.5, 12.375, 2.5, 11.125], "texture": "#1"},
				"up": {"uv": [0, 10.25, 1, 9.25], "texture": "#1"},
				"down": {"uv": [0, 11.25, 1, 10.25], "texture": "#1"}
			}
		},
		{
			"from": [16.4, 8.4, 6.8],
			"to": [18.4, 11.4, 9.2],
			"rotation": {"angle": -22.5, "axis": "z", "origin": [20.5, 21.5, 16]},
			"faces": {
				"north": {"uv": [1.5, 6.125, 0, 5.125], "rotation": 90, "texture": "#1"},
				"east": {"uv": [1.5, 3.875, 0, 5.125], "rotation": 90, "texture": "#1"},
				"south": {"uv": [0, 6.125, 1.5, 5.125], "rotation": 270, "texture": "#1"},
				"west": {"uv": [1.5, 3.875, 0, 5.125], "rotation": 90, "texture": "#1"},
				"up": {"uv": [2.75, 3, 1.5, 4], "rotation": 90, "texture": "#1"},
				"down": {"uv": [2.75, 4, 1.5, 5], "rotation": 90, "texture": "#1"}
			}
		},
		{
			"from": [13.6, 10.4, 6.9],
			"to": [15.6, 13.4, 9.1],
			"rotation": {"angle": 0, "axis": "y", "origin": [20.5, 21.5, 16]},
			"faces": {
				"north": {"uv": [0, 6.25, 1, 7.75], "rotation": 180, "texture": "#1"},
				"east": {"uv": [1.5, 8.625, 2.5, 7.125], "texture": "#1"},
				"south": {"uv": [1, 6.25, 0, 7.75], "rotation": 180, "texture": "#1"},
				"west": {"uv": [0, 9.25, 1, 7.75], "texture": "#1"},
				"up": {"uv": [1.5, 6.125, 2.5, 7.125], "texture": "#1"},
				"down": {"uv": [1.5, 5.125, 2.5, 6.125], "texture": "#1"}
			}
		},
		{
			"from": [14.6, 10.1, 6.6],
			"to": [15.1, 13.6, 9.4],
			"rotation": {"angle": 0, "axis": "y", "origin": [20.5, 21.5, 16]},
			"faces": {
				"north": {"uv": [8, 5.5, 6.25, 5.25], "rotation": 90, "texture": "#1"},
				"east": {"uv": [8, 7, 6.25, 5.5], "rotation": 90, "texture": "#1"},
				"south": {"uv": [6.25, 5.5, 8, 5.25], "rotation": 270, "texture": "#1"},
				"west": {"uv": [8, 7, 6.25, 5.5], "rotation": 90, "texture": "#1"},
				"up": {"uv": [7.75, 4.75, 6.25, 5], "rotation": 90, "texture": "#1"},
				"down": {"uv": [7.75, 5, 6.25, 5.25], "rotation": 90, "texture": "#1"}
			}
		},
		{
			"from": [16.8, 8.2, 6.6],
			"to": [17.3, 11.7, 9.4],
			"rotation": {"angle": -22.5, "axis": "z", "origin": [20.5, 21.5, 16]},
			"faces": {
				"north": {"uv": [8, 5.5, 6.25, 5.25], "rotation": 90, "texture": "#1"},
				"east": {"uv": [8, 7, 6.25, 5.5], "rotation": 90, "texture": "#1"},
				"south": {"uv": [6.25, 5.5, 8, 5.25], "rotation": 270, "texture": "#1"},
				"west": {"uv": [8, 7, 6.25, 5.5], "rotation": 90, "texture": "#1"},
				"up": {"uv": [7.75, 4.75, 6.25, 5], "rotation": 90, "texture": "#1"},
				"down": {"uv": [7.75, 5, 6.25, 5.25], "rotation": 90, "texture": "#1"}
			}
		},
		{
			"from": [20, 7.3, 6.6],
			"to": [20.5, 10.8, 9.4],
			"rotation": {"angle": -45, "axis": "z", "origin": [20.5, 21.5, 16]},
			"faces": {
				"north": {"uv": [8, 5.5, 6.25, 5.25], "rotation": 90, "texture": "#1"},
				"east": {"uv": [8, 7, 6.25, 5.5], "rotation": 90, "texture": "#1"},
				"south": {"uv": [6.25, 5.5, 8, 5.25], "rotation": 270, "texture": "#1"},
				"west": {"uv": [8, 7, 6.25, 5.5], "rotation": 90, "texture": "#1"},
				"up": {"uv": [7.75, 4.75, 6.25, 5], "rotation": 90, "texture": "#1"},
				"down": {"uv": [7.75, 5, 6.25, 5.25], "rotation": 90, "texture": "#1"}
			}
		},
		{
			"from": [20.2, 7.6, 6.7],
			"to": [21.7, 10.6, 9.3],
			"rotation": {"angle": -45, "axis": "z", "origin": [20.5, 21.5, 16]},
			"faces": {
				"north": {"uv": [1.5, 3.75, 0, 3], "rotation": 90, "texture": "#1"},
				"east": {"uv": [3, 1.75, 1.5, 3], "rotation": 90, "texture": "#1"},
				"south": {"uv": [0, 3.75, 1.5, 3], "rotation": 270, "texture": "#1"},
				"west": {"uv": [1.5, 3, 0, 1.75], "rotation": 90, "texture": "#1"},
				"up": {"uv": [4.25, 1.75, 3, 2.5], "rotation": 90, "texture": "#1"},
				"down": {"uv": [4.25, 2.5, 3, 3.25], "rotation": 90, "texture": "#1"}
			}
		},
		{
			"from": [-3, 15.5, 7.5],
			"to": [-1, 17.5, 8.5],
			"rotation": {"angle": 0, "axis": "y", "origin": [-4.5, 21.5, 16]},
			"faces": {
				"north": {"uv": [5.5, 8.25, 4.5, 9.25], "rotation": 90, "texture": "#1"},
				"east": {"uv": [3.5, 10, 2.5, 9.5], "rotation": 90, "texture": "#1"},
				"south": {"uv": [4.5, 8.25, 5.5, 9.25], "rotation": 270, "texture": "#1"},
				"west": {"uv": [3.5, 9.5, 2.5, 9], "rotation": 90, "texture": "#1"},
				"up": {"uv": [3.5, 11, 3, 10], "rotation": 90, "texture": "#1"},
				"down": {"uv": [3, 11, 2.5, 10], "rotation": 90, "texture": "#1"}
			}
		},
		{
			"from": [-5.5, 13.5, 7.4],
			"to": [-3.5, 15.5, 8.6],
			"rotation": {"angle": 22.5, "axis": "z", "origin": [-4.5, 21.5, 16]},
			"faces": {
				"north": {"uv": [2.75, 14.25, 1.75, 15.25], "rotation": 90, "texture": "#1"},
				"east": {"uv": [1, 15.25, 0, 15.75], "rotation": 90, "texture": "#1"},
				"south": {"uv": [1.75, 14.25, 2.75, 15.25], "rotation": 270, "texture": "#1"},
				"west": {"uv": [2, 15.25, 1, 15.75], "rotation": 90, "texture": "#1"},
				"up": {"uv": [1.75, 15.25, 1.25, 14.25], "rotation": 90, "texture": "#1"},
				"down": {"uv": [1.25, 15.25, 0.75, 14.25], "rotation": 90, "texture": "#1"}
			}
		},
		{
			"from": [-9, 12.5, 7.3],
			"to": [-6.5, 14.5, 8.7],
			"rotation": {"angle": 45, "axis": "z", "origin": [-4.5, 21.5, 16]},
			"faces": {
				"north": {"uv": [1, 11.25, 0, 12.5], "rotation": 90, "texture": "#1"},
				"east": {"uv": [1, 13.25, 0, 14], "rotation": 90, "texture": "#1"},
				"south": {"uv": [0, 11.25, 1, 12.5], "rotation": 270, "texture": "#1"},
				"west": {"uv": [1, 13.25, 0, 12.5], "rotation": 90, "texture": "#1"},
				"up": {"uv": [0.75, 15.25, 0, 14], "rotation": 90, "texture": "#1"},
				"down": {"uv": [2.25, 14.1, 1.5, 12.85], "rotation": 90, "texture": "#1"}
			}
		},
		{
			"from": [2.1, 13.7, 7.1],
			"to": [4.1, 16.2, 8.9],
			"rotation": {"angle": -22.5, "axis": "z", "origin": [-4.5, 21.5, 16]},
			"faces": {
				"north": {"uv": [2.5, 8.625, 1.5, 9.875], "rotation": 180, "texture": "#1"},
				"east": {"uv": [2.5, 12.375, 1.5, 11.125], "texture": "#1"},
				"south": {"uv": [1.5, 8.625, 2.5, 9.875], "rotation": 180, "texture": "#1"},
				"west": {"uv": [2.5, 11.125, 1.5, 9.875], "texture": "#1"},
				"up": {"uv": [1, 10.25, 0, 9.25], "texture": "#1"},
				"down": {"uv": [1, 11.25, 0, 10.25], "texture": "#1"}
			}
		},
		{
			"from": [0.9, 10.1, 6.6],
			"to": [1.4, 13.6, 9.4],
			"rotation": {"angle": 0, "axis": "y", "origin": [-4.5, 21.5, 16]},
			"faces": {
				"north": {"uv": [8, 5.25, 6.25, 5.5], "rotation": 90, "texture": "#1"},
				"east": {"uv": [8, 5.5, 6.25, 7], "rotation": 90, "texture": "#1"},
				"south": {"uv": [6.25, 5.25, 8, 5.5], "rotation": 270, "texture": "#1"},
				"west": {"uv": [8, 5.5, 6.25, 7], "rotation": 90, "texture": "#1"},
				"up": {"uv": [7.75, 5, 6.25, 4.75], "rotation": 90, "texture": "#1"},
				"down": {"uv": [7.75, 5.25, 6.25, 5], "rotation": 90, "texture": "#1"}
			}
		},
		{
			"from": [-2.4, 8.4, 6.8],
			"to": [-0.4, 11.4, 9.2],
			"rotation": {"angle": 22.5, "axis": "z", "origin": [-4.5, 21.5, 16]},
			"faces": {
				"north": {"uv": [1.5, 5.125, 0, 6.125], "rotation": 90, "texture": "#1"},
				"east": {"uv": [1.5, 5.125, 0, 3.875], "rotation": 90, "texture": "#1"},
				"south": {"uv": [0, 5.125, 1.5, 6.125], "rotation": 270, "texture": "#1"},
				"west": {"uv": [1.5, 5.125, 0, 3.875], "rotation": 90, "texture": "#1"},
				"up": {"uv": [2.75, 4, 1.5, 3], "rotation": 90, "texture": "#1"},
				"down": {"uv": [2.75, 5, 1.5, 4], "rotation": 90, "texture": "#1"}
			}
		},
		{
			"from": [-5.7, 7.6, 6.7],
			"to": [-4.2, 10.6, 9.3],
			"rotation": {"angle": 45, "axis": "z", "origin": [-4.5, 21.5, 16]},
			"faces": {
				"north": {"uv": [1.5, 3, 0, 3.75], "rotation": 90, "texture": "#1"},
				"east": {"uv": [1.5, 1.75, 0, 3], "rotation": 90, "texture": "#1"},
				"south": {"uv": [0, 3, 1.5, 3.75], "rotation": 270, "texture": "#1"},
				"west": {"uv": [3, 3, 1.5, 1.75], "rotation": 90, "texture": "#1"},
				"up": {"uv": [4.25, 2.5, 3, 1.75], "rotation": 90, "texture": "#1"},
				"down": {"uv": [4.25, 3.25, 3, 2.5], "rotation": 90, "texture": "#1"}
			}
		},
		{
			"from": [0.4, 10.4, 6.9],
			"to": [2.4, 13.4, 9.1],
			"rotation": {"angle": 0, "axis": "y", "origin": [-4.5, 21.5, 16]},
			"faces": {
				"north": {"uv": [1, 6.25, 0, 7.75], "rotation": 180, "texture": "#1"},
				"east": {"uv": [1, 9.25, 0, 7.75], "texture": "#1"},
				"south": {"uv": [0, 6.25, 1, 7.75], "rotation": 180, "texture": "#1"},
				"west": {"uv": [2.5, 8.625, 1.5, 7.125], "texture": "#1"},
				"up": {"uv": [2.5, 6.125, 1.5, 7.125], "texture": "#1"},
				"down": {"uv": [2.5, 5.125, 1.5, 6.125], "texture": "#1"}
			}
		},
		{
			"from": [-4.5, 7.3, 6.6],
			"to": [-4, 10.8, 9.4],
			"rotation": {"angle": 45, "axis": "z", "origin": [-4.5, 21.5, 16]},
			"faces": {
				"north": {"uv": [8, 5.25, 6.25, 5.5], "rotation": 90, "texture": "#1"},
				"east": {"uv": [8, 5.5, 6.25, 7], "rotation": 90, "texture": "#1"},
				"south": {"uv": [6.25, 5.25, 8, 5.5], "rotation": 270, "texture": "#1"},
				"west": {"uv": [8, 5.5, 6.25, 7], "rotation": 90, "texture": "#1"},
				"up": {"uv": [7.75, 5, 6.25, 4.75], "rotation": 90, "texture": "#1"},
				"down": {"uv": [7.75, 5.25, 6.25, 5], "rotation": 90, "texture": "#1"}
			}
		},
		{
			"from": [-1.3, 8.2, 6.6],
			"to": [-0.8, 11.7, 9.4],
			"rotation": {"angle": 22.5, "axis": "z", "origin": [-4.5, 21.5, 16]},
			"faces": {
				"north": {"uv": [8, 5.25, 6.25, 5.5], "rotation": 90, "texture": "#1"},
				"east": {"uv": [8, 5.5, 6.25, 7], "rotation": 90, "texture": "#1"},
				"south": {"uv": [6.25, 5.25, 8, 5.5], "rotation": 270, "texture": "#1"},
				"west": {"uv": [8, 5.5, 6.25, 7], "rotation": 90, "texture": "#1"},
				"up": {"uv": [7.75, 5, 6.25, 4.75], "rotation": 90, "texture": "#1"},
				"down": {"uv": [7.75, 5.25, 6.25, 5], "rotation": 90, "texture": "#1"}
			}
		},
		{
			"from": [2.5, 6.8, 9.6],
			"to": [13.5, 17.8, 9.6],
			"rotation": {"angle": 0, "axis": "y", "origin": [0, 3, 15]},
			"faces": {
				"north": {"uv": [2.5, 2.25, 13.5, 13.25], "texture": "#2"},
				"east": {"uv": [0, 0, 0, 3.5], "texture": "#2"},
				"south": {"uv": [13.5, 2.25, 2.5, 13.25], "texture": "#2"},
				"west": {"uv": [0, 0, 0, 3.5], "texture": "#2"},
				"up": {"uv": [0, 0, 3.5, 0], "texture": "#2"},
				"down": {"uv": [0, 0, 3.5, 0], "texture": "#2"}
			}
		},
		{
			"from": [5.5, 9.5, 8.5],
			"to": [10.5, 14.5, 9.5],
			"rotation": {"angle": 45, "axis": "z", "origin": [8, 12, 9]},
			"faces": {
				"north": {"uv": [10.125, 9.875, 12.625, 12.375], "rotation": 270, "texture": "#1"},
				"east": {"uv": [9.625, 9.375, 12.125, 9.875], "rotation": 90, "texture": "#1"},
				"south": {"uv": [10.125, 9.875, 12.625, 12.375], "rotation": 90, "texture": "#1"},
				"west": {"uv": [9.625, 9.875, 10.125, 12.375], "rotation": 180, "texture": "#1"},
				"up": {"uv": [9.625, 9.375, 12.125, 9.875], "texture": "#1"},
				"down": {"uv": [9.625, 9.875, 10.125, 12.375], "rotation": 90, "texture": "#1"}
			}
		},
		{
			"from": [5.5, 9.5, 7.5],
			"to": [10.5, 14.5, 8.5],
			"rotation": {"angle": 45, "axis": "z", "origin": [8, 12, 5]},
			"faces": {
				"north": {"uv": [10.125, 12.375, 12.625, 9.875], "rotation": 90, "texture": "#1"},
				"east": {"uv": [9.625, 9.875, 12.125, 9.375], "rotation": 90, "texture": "#1"},
				"south": {"uv": [10.125, 12.375, 12.625, 9.875], "rotation": 270, "texture": "#1"},
				"west": {"uv": [10.125, 9.875, 9.625, 12.375], "rotation": 180, "texture": "#1"},
				"up": {"uv": [9.625, 9.875, 12.125, 9.375], "texture": "#1"},
				"down": {"uv": [10.125, 9.875, 9.625, 12.375], "rotation": 90, "texture": "#1"}
			}
		},
		{
			"from": [4.5, 8.5, 8],
			"to": [11.5, 15.5, 9],
			"rotation": {"angle": 45, "axis": "z", "origin": [8, 12, 9]},
			"faces": {
				"north": {"uv": [6.125, 8.875, 9.625, 12.375], "rotation": 270, "texture": "#1"},
				"east": {"uv": [5.625, 8.875, 9.125, 8.375], "rotation": 90, "texture": "#1"},
				"south": {"uv": [6.125, 8.875, 9.625, 12.375], "rotation": 90, "texture": "#1"},
				"west": {"uv": [6.125, 12.375, 5.625, 8.875], "texture": "#1"},
				"up": {"uv": [9.125, 8.875, 5.625, 8.375], "texture": "#1"},
				"down": {"uv": [5.625, 8.875, 6.125, 12.375], "rotation": 90, "texture": "#1"}
			}
		},
		{
			"from": [8, -4, 8.5],
			"to": [16, 11, 8.5],
			"rotation": {"angle": 0, "axis": "y", "origin": [16, 0, 0]},
			"faces": {
				"north": {"uv": [9.25, 0, 13.25, 7.5], "texture": "#1"},
				"east": {"uv": [0, 0, 0, 7.5], "texture": "#1"},
				"south": {"uv": [13.25, 0, 9.25, 7.5], "texture": "#1"},
				"west": {"uv": [0, 0, 0, 7.5], "texture": "#1"},
				"up": {"uv": [4, 0, 0, 0], "texture": "#1"},
				"down": {"uv": [4, 0, 0, 0], "texture": "#1"}
			}
		},
		{
			"from": [6.49749, 12.5, 5.91317],
			"to": [9.49749, 15.5, 7.91317],
			"rotation": {"angle": 0, "axis": "y", "origin": [7.99038, 13, 6.20962]},
			"faces": {
				"north": {"uv": [15, 14.5, 13.5, 13], "texture": "#1"},
				"east": {"uv": [13.5, 13, 14.5, 11.5], "texture": "#1"},
				"south": {"uv": [15, 14.5, 13.5, 13], "texture": "#1"},
				"west": {"uv": [14.5, 13, 13.5, 11.5], "texture": "#1"},
				"up": {"uv": [15, 14.5, 16, 13], "rotation": 270, "texture": "#1"},
				"down": {"uv": [16, 14.5, 15, 13], "rotation": 270, "texture": "#1"}
			}
		},
		{
			"from": [8.2, 7, 6],
			"to": [8.2, 17, 9],
			"rotation": {"angle": 45, "axis": "y", "origin": [7.99038, 13, 6.20962]},
			"faces": {
				"north": {"uv": [13.5, 11.5, 13.5, 6.5], "texture": "#1"},
				"east": {"uv": [15, 11.5, 13.5, 6.5], "texture": "#1"},
				"south": {"uv": [13.5, 11.5, 13.5, 6.5], "texture": "#1"},
				"west": {"uv": [13.5, 11.5, 15, 6.5], "texture": "#1"},
				"up": {"uv": [13.5, 8, 13.5, 6.5], "texture": "#1"},
				"down": {"uv": [13.5, 8, 13.5, 6.5], "texture": "#1"}
			}
		},
		{
			"from": [5.2, 7, 6],
			"to": [8.2, 17, 6],
			"rotation": {"angle": 45, "axis": "y", "origin": [7.99038, 13, 6.20962]},
			"faces": {
				"north": {"uv": [13.5, 11.5, 15, 6.5], "texture": "#1"},
				"east": {"uv": [13.5, 11.5, 13.5, 6.5], "texture": "#1"},
				"south": {"uv": [15, 11.5, 13.5, 6.5], "texture": "#1"},
				"west": {"uv": [13.5, 11.5, 13.5, 6.5], "texture": "#1"},
				"up": {"uv": [13.5, 8, 13.5, 6.5], "rotation": 90, "texture": "#1"},
				"down": {"uv": [13.5, 8, 13.5, 6.5], "rotation": 270, "texture": "#1"}
			}
		},
		{
			"from": [0, -4, 8.5],
			"to": [8, 11, 8.5],
			"faces": {
				"north": {"uv": [13.25, 0, 9.25, 7.5], "texture": "#1"},
				"east": {"uv": [0, 0, 0, 7.5], "texture": "#1"},
				"south": {"uv": [9.25, 0, 13.25, 7.5], "texture": "#1"},
				"west": {"uv": [0, 0, 0, 7.5], "texture": "#1"},
				"up": {"uv": [0, 0, 4, 0], "texture": "#1"},
				"down": {"uv": [0, 0, 4, 0], "texture": "#1"}
			}
		}
	],
	"gui_light": "front",
	"display": {
		"thirdperson_righthand": {
			"rotation": [67.5, 0, 0],
			"translation": [0, 0, -1.5],
			"scale": [0.40781, 0.40781, 0.40781]
		},
		"thirdperson_lefthand": {
			"rotation": [67.5, 0, 0],
			"translation": [-5.5, -7.5, 7]
		},
		"firstperson_righthand": {
			"translation": [0.25, 2.75, 2.25],
			"scale": [0.38086, 0.38086, 0.38086]
		},
		"firstperson_lefthand": {
			"rotation": [0, -92, 0],
			"translation": [0.5, 3, 2.25],
			"scale": [0, 0, 0]
		},
		"ground": {
			"translation": [0, 11, 0],
			"scale": [0.8, 0.8, 0.8]
		},
		"gui": {
			"translation": [0, -0.25, 0],
			"scale": [0.43242, 0.43242, 0.43242]
		},
		"head": {
			"translation": [0, -15.25, -0.5],
			"scale": [0, 0, 0]
		},
		"fixed": {
			"rotation": [-180, 0, 180],
			"translation": [0, -2, -4.2],
			"scale": [2, 2, 2]
		}
	}
}